date,state,total_admissions_all_covid_confirmed,mmwr_date,level,percent_pos,count_pos,posted,percent_visits_covid,avg_detect_prop_weighted_2_raw wastewater,avg_detect_prop_weighted_3_raw wastewater,avg_detect_prop_weighted_454_raw wastewater,avg_detect_prop_weighted_455_raw wastewater,avg_detect_prop_weighted_456_raw wastewater,avg_detect_prop_weighted_457_raw wastewater,avg_detect_prop_weighted_458_raw wastewater,avg_detect_prop_weighted_459_raw wastewater,avg_detect_prop_weighted_497_raw wastewater,avg_detect_prop_weighted_721_raw wastewater,avg_detect_prop_weighted_728_raw wastewater,avg_detect_prop_weighted_85_raw wastewater,avg_detect_prop_weighted_post grit removal,avg_detect_prop_weighted_primary effluent,avg_detect_prop_weighted_primary sludge,avg_detect_prop_weighted_raw wastewater,avg_detect_prop_weighted_secondary effluent,avg_detect_prop_unweighted_2_raw wastewater,avg_detect_prop_unweighted_3_raw wastewater,avg_detect_prop_unweighted_454_raw wastewater,avg_detect_prop_unweighted_455_raw wastewater,avg_detect_prop_unweighted_456_raw wastewater,avg_detect_prop_unweighted_457_raw wastewater,avg_detect_prop_unweighted_458_raw wastewater,avg_detect_prop_unweighted_459_raw wastewater,avg_detect_prop_unweighted_497_raw wastewater,avg_detect_prop_unweighted_721_raw wastewater,avg_detect_prop_unweighted_728_raw wastewater,avg_detect_prop_unweighted_85_raw wastewater,avg_detect_prop_unweighted_post grit removal,avg_detect_prop_unweighted_primary effluent,avg_detect_prop_unweighted_primary sludge,avg_detect_prop_unweighted_raw wastewater,avg_detect_prop_unweighted_secondary effluent
2022-10-15,AK,32,2022-41,Region 10,6.06,83361.36,2026-05-06T19:11:09Z,1.48,0,0,0,0,0,0,0,0,0,0,0,0,1,0,0,1,0,0,0,0,0,0,0,0,0,0,0,0,0,1,0,0,1,0
2022-10-01,AK,37,2022-39,Region 10,6.94,128292.84000000001,2026-05-06T19:11:09Z,1.61,0,0,0,0,0,0,0,0,0,0,0,0,1,0,0,1,0,0,0,0,0,0,0,0,0,0,0,0,0,1,0,0,1,0
2022-10-08,AK,19,2022-40,Region 10,6.44,92555.68000000001,2026-05-06T19:11:09Z,1.31,0,0,0,0,0,0,0,0,0,0,0,0,1,0,0,1,0,0,0,0,0,0,0,0,0,0,0,0,0,1,0,0,1,0
2022-10-22,AK,15,2022-42,Region 10,5.4,94716,2026-05-06T19:11:09Z,1.1,0,0,0,0,0,0,0,0,0,0,0,0,1,0,0,1,0,0,0,0,0,0,0,0,0,0,0,0,0,1,0,0,1,0
2022-10-29,AK,23,2022-43,Region 10,5.48,102119.8,2026-05-06T19:11:09Z,1.12,0,0,0,0,0,0,0,0,0,0,0,0,1,0,0,1,0,0,0,0,0,0,0,0,0,0,0,0,0,1,0,0,1,0
2022-11-05,AK,20,2022-44,Region 10,5.18,97192.34,2026-05-06T19:11:09Z,1.7,0,0,0,0,0,0,0,0,0,0,0,0,1,0,0,1,0,0,0,0,0,0,0,0,0,0,0,0,0,1,0,0,1,0
2022-11-12,AK,27,2022-45,Region 10,5.54,109697.54,2026-05-06T19:11:09Z,1.63,0,0,0,0,0,0,0,0,0,0,0,0,1,0,0,1,0,0,0,0,0,0,0,0,0,0,0,0,0,1,0,0,1,0
2022-11-19,AK,24,2022-46,Region 10,5.83,131035.08,2026-05-06T19:11:09Z,1.56,0,0,0,0,0,0,0,0,0,0,0,0,1,0,0,1,0,0,0,0,0,0,0,0,0,0,0,0,0,1,0,0,1,0
2022-11-26,AK,36,2022-47,Region 10,6.88,150892.16,2026-05-06T19:11:09Z,1.78,0,0,0,0,0,0,0,0,0,0,0,0,1,0,0,1,0,0,0,0,0,0,0,0,0,0,0,0,0,1,0,0,1,0
2022-12-03,AK,30,2022-48,Region 10,7.31,188539.52,2026-05-06T19:11:09Z,1.43,0,0,0,0,0,0,0,0,0,0,0,0,1,0,0,1,0,0,0,0,0,0,0,0,0,0,0,0,0,1,0,0,1,0
2022-12-10,AK,37,2022-49,Region 10,7.17,168530.85,2026-05-06T19:11:09Z,1.67,0,0,0,0,0,0,0,0,0,0,0,0,1,0,0,1,0,0,0,0,0,0,0,0,0,0,0,0,0,1,0,0,1,0
2022-12-17,AK,28,2022-50,Region 10,7.95,156249.30000000002,2026-05-06T19:11:09Z,2.34,0,0,0,0,0,0,0,0,0,0,0,0,1,0,0,1,0,0,0,0,0,0,0,0,0,0,0,0,0,1,0,0,1,0
2022-12-24,AK,16,2022-51,Region 10,8.07,141717.27000000002,2026-05-06T19:11:09Z,1.76,0,0,0,0,0,0,0,0,0,0,0,0,1,0,0,1,0,0,0,0,0,0,0,0,0,0,0,0,0,1,0,0,1,0
2022-12-31,AK,22,2022-52,Region 10,8.78,130909.79999999999,2026-05-06T19:11:09Z,2.41,0,0,0,0,0,0,0,0,0,0,0,0,1,0,0,1,0,0,0,0,0,0,0,0,0,0,0,0,0,1,0,0,1,0
2023-01-07,AK,28,2023-01,Region 10,8.36,120032.87999999999,2026-05-06T19:11:09Z,2.16,0,0,0,0,0,0,0,0,0,0,0,0,1,0,0,1,0,0,0,0,0,0,0,0,0,0,0,0,0,1,0,0,1,0
2023-01-14,AK,29,2023-02,Region 10,7.54,117465.66,2026-05-06T19:11:09Z,2.1,0,0,0,0,0,0,0,0,0,0,0,0,1,0,0,1,0,0,0,0,0,0,0,0,0,0,0,0,0,1,0,0,1,0
2023-01-21,AK,41,2023-03,Region 10,8.35,121893.29999999999,2026-05-06T19:11:09Z,2.38,0,0,0,0,0,0,0,0,0,0,0,0,1,0,0,1,0,0,0,0,0,0,0,0,0,0,0,0,0,1,0,0,1,0
2023-01-28,AK,34,2023-04,Region 10,9.32,117571.8,2026-05-06T19:11:09Z,2.34,0,0,0,0,0,0,0,0,0,0,0,0,1,0,0,1,0,0,0,0,0,0,0,0,0,0,0,0,0,1,0,0,1,0
2023-02-04,AK,27,2023-05,Region 10,9.14,109881.08,2026-05-06T19:11:09Z,2.66,0,0,0,0,0,0,0,0,0,0,0,0,1,0,0,1,0,0,0,0,0,0,0,0,0,0,0,0,0,1,0,0,1,0
2023-02-11,AK,37,2023-06,Region 10,8.83,120494.18000000001,2026-05-06T19:11:09Z,2.54,0,0,0,0,0,0,0,0,0,0,0,0,1,0,0,1,0,0,0,0,0,0,0,0,0,0,0,0,0,1,0,0,1,0
2023-02-18,AK,32,2023-07,Region 10,8.99,120537.92,2026-05-06T19:11:09Z,2.78,0,0,0,0,0,0,0,0,0,0,0,0,1,0,0,1,0,0,0,0,0,0,0,0,0,0,0,0,0,1,0,0,1,0
2023-02-25,AK,29,2023-08,Region 10,7.99,91070.02,2026-05-06T19:11:09Z,2.57,0,0,0,0,0,0,0,0,0,0,0,0,1,0,0,1,0,0,0,0,0,0,0,0,0,0,0,0,0,1,0,0,1,0
2023-03-04,AK,39,2023-09,Region 10,7.63,90972.49,2026-05-06T19:11:09Z,2.55,0,0,0,0,0,0,0,0,0,0,0,0,1,0,0,1,0,0,0,0,0,0,0,0,0,0,0,0,0,1,0,0,1,0
2023-03-11,AK,19,2023-10,Region 10,7.08,91055.88,2026-05-06T19:11:09Z,2.37,0,0,0,0,0,0,0,0,0,0,0,0,1,0,0,1,0,0,0,0,0,0,0,0,0,0,0,0,0,1,0,0,1,0
2023-03-18,AK,27,2023-11,Region 10,7.49,95647.3,2026-05-06T19:11:09Z,1.96,0,0,0,0,0,0,0,0,0,0,0,0,1,0,0,1,0,0,0,0,0,0,0,0,0,0,0,0,0,1,0,0,1,0
2023-03-25,AK,25,2023-12,Region 10,7.84,85996.95999999999,2026-05-06T19:11:09Z,2.1,0,0,0,0,0,0,0,0,0,0,0,0,1,0,0,1,0,0,0,0,0,0,0,0,0,0,0,0,0,1,0,0,1,0
2023-04-01,AK,19,2023-13,Region 10,6.81,73507.14,2026-05-06T19:11:09Z,1.74,0,0,0,0,0,0,0,0,0,0,0,0,1,0,0,1,0,0,0,0,0,0,0,0,0,0,0,0,0,1,0,0,1,0
2023-04-08,AK,19,2023-14,Region 10,6.38,59429.7,2026-05-06T19:11:09Z,1.54,0,0,0,0,0,0,0,0,0,0,0,0,1,0,0,1,0,0,0,0,0,0,0,0,0,0,0,0,0,1,0,0,1,0
2023-04-15,AK,19,2023-15,Region 10,6.65,57921.5,2026-05-06T19:11:09Z,1.46,0,0,0,0,0,0,0,0,0,0,0,0,1,0,0,1,0,0,0,0,0,0,0,0,0,0,0,0,0,1,0,0,1,0
2023-04-22,AK,14,2023-16,Region 10,6.39,53695.17,2026-05-06T19:11:09Z,1.22,0,0,0,0,0,0,0,0,0,0,0,0,1,0,0,1,0,0,0,0,0,0,0,0,0,0,0,0,0,1,0,0,1,0
2023-04-29,AK,15,2023-17,Region 10,6.82,61570.96,2026-05-06T19:11:09Z,0.91,0,0,0,0,0,0,0,0,0,0,0,0,1,0,0,1,0,0,0,0,0,0,0,0,0,0,0,0,0,1,0,0,1,0
2023-05-06,AK,22,2023-18,Region 10,5.09,53796.21,2026-05-06T19:11:09Z,1.23,0,0,0,0,0,0,0,0,0,0,0,0,1,0,0,1,0,0,0,0,0,0,0,0,0,0,0,0,0,1,0,0,1,0
2023-05-13,AK,19,2023-19,Region 10,5.09,38098.65,2026-05-06T19:11:09Z,0.97,0,0,0,0,0,0,0,0,0,0,0,0,1,0,0,1,0,0,0,0,0,0,0,0,0,0,0,0,0,1,0,0,1,0
2023-05-20,AK,7,2023-20,Region 10,4.41,31280.13,2026-05-06T19:11:09Z,0.82,0,0,0,0,0,0,0,0,0,0,0,0,1,0,0,1,0,0,0,0,0,0,0,0,0,0,0,0,0,1,0,0,1,0
2023-05-27,AK,18,2023-21,Region 10,4.07,27281.210000000003,2026-05-06T19:11:09Z,0.83,0,0,0,0,0,0,0,0,0,0,0,0,1,0,0,1,0,0,0,0,0,0,0,0,0,0,0,0,0,1,0,0,1,0
2023-06-03,AK,18,2023-22,Region 10,4.38,28010.1,2026-05-06T19:11:09Z,1.26,0,0,0,0,0,0,0,0,0,0,0,0,1,0,0,1,0,0,0,0,0,0,0,0,0,0,0,0,0,1,0,0,1,0
2023-06-10,AK,26,2023-23,Region 10,4.43,27173.62,2026-05-06T19:11:09Z,1.21,0,0,0,0,0,0,0,0,0,0,0,0,1,0,0,1,0,0,0,0,0,0,0,0,0,0,0,0,0,1,0,0,1,0
2023-06-17,AK,22,2023-24,Region 10,5,26295,2026-05-06T19:11:09Z,1.71,0,0,0,0,0,0,0,0,0,0,0,0,1,0,0,1,0,0,0,0,0,0,0,0,0,0,0,0,0,1,0,0,1,0
2023-06-24,AK,20,2023-25,Region 10,5.34,25503.84,2026-05-06T19:11:09Z,1.68,0,0,0,0,0,0,0,0,0,0,0,0,1,0,0,1,0,0,0,0,0,0,0,0,0,0,0,0,0,1,0,0,1,0
2023-07-01,AK,15,2023-26,Region 10,5.64,25915.8,2026-05-06T19:11:09Z,1.45,0,0,0,0,0,0,0,0,0,0,0,0,1,0,0,1,0,0,0,0,0,0,0,0,0,0,0,0,0,1,0,0,1,0
2023-07-08,AK,18,2023-27,Region 10,7.39,34104.85,2026-05-06T19:11:09Z,1.98,0,0,0,0,0,0,0,0,0,0,0,0,1,0,0,1,0,0,0,0,0,0,0,0,0,0,0,0,0,1,0,0,1,0
2023-07-15,AK,25,2023-28,Region 10,7.56,43477.56,2026-05-06T19:11:09Z,1.67,0,0,0,0,0,0,0,0,0,0,0,0,1,0,0,1,0,0,0,0,0,0,0,0,0,0,0,0,0,1,0,0,1,0
2023-07-22,AK,20,2023-29,Region 10,8.64,47891.520000000004,2026-05-06T19:11:09Z,1.92,0,0,0,0,0,0,0,0,0,0,0,0,1,0,0,1,0,0,0,0,0,0,0,0,0,0,0,0,0,1,0,0,1,0
2023-07-29,AK,25,2023-30,Region 10,8.95,46504.2,2026-05-06T19:11:09Z,1.97,0,0,0,0,0,0,0,0,0,0,0,0,1,0,0,1,0,0,0,0,0,0,0,0,0,0,0,0,0,1,0,0,1,0
2023-08-05,AK,18,2023-31,Region 10,11.03,61426.07,2026-05-06T19:11:09Z,1.69,0,0,0,0,0,0,0,0,0,0,0,0,1,0,0,1,0,0,0,0,0,0,0,0,0,0,0,0,0,1,0,0,1,0
2023-08-12,AK,29,2023-32,Region 10,12.49,71692.6,2026-05-06T19:11:09Z,1.71,0,0,0,0,0,0,0,0,0,0,0,0,1,0,0,1,0,0,0,0,0,0,0,0,0,0,0,0,0,1,0,0,1,0
2023-08-19,AK,17,2023-33,Region 10,12.53,76984.31999999999,2026-05-06T19:11:09Z,1.62,0,0,0,0,0,0,0,0,0,0,0,0,1,0,0,1,0,0,0,0,0,0,0,0,0,0,0,0,0,1,0,0,1,0
2023-08-26,AK,18,2023-34,Region 10,13.53,92004,2026-05-06T19:11:09Z,1.95,0,0,0,0,0,0,0,0,0,0,0,0,1,0,0,1,0,0,0,0,0,0,0,0,0,0,0,0,0,1,0,0,1,0
2023-09-02,AK,34,2023-35,Region 10,13.55,98711.75,2026-05-06T19:11:09Z,2.34,0,0,0,0,0,0,0,0,0,0,0,0,1,0,0,1,0,0,0,0,0,0,0,0,0,0,0,0,0,1,0,0,1,0
2023-09-09,AK,29,2023-36,Region 10,14.93,104226.33,2026-05-06T19:11:09Z,2.57,0,0,0,0,0,0,0,0,0,0,0,0,1,0,0,1,0,0,0,0,0,0,0,0,0,0,0,0,0,1,0,0,1,0
2023-09-16,AK,35,2023-37,Region 10,14.46,119858.94,2026-05-06T19:11:09Z,2.5,0,0,0,0,0,0,0,0,0,0,0,0,1,0,0,1,0,0,0,0,0,0,0,0,0,0,0,0,0,1,0,0,1,0
2023-09-23,AK,22,2023-38,Region 10,13.79,118042.4,2026-05-06T19:11:09Z,1.98,0,0,0,0,0,0,0,0,0,0,0,0,1,0,0,1,0,0,0,0,0,0,0,0,0,0,0,0,0,1,0,0,1,0
2023-09-30,AK,14,2023-39,Region 10,13.55,118562.5,2026-05-06T19:11:09Z,1.83,0,0,0,0,0,0,0,0,0,0,0,0,1,0,0,1,0,0,0,0,0,0,0,0,0,0,0,0,0,1,0,0,1,0
2023-10-07,AK,20,2023-40,Region 10,11.75,121530.25,2026-05-06T19:11:09Z,1.47,0,0,0,0,0,0,0,0,0,0,0,0,1,0,0,1,0,0,0,0,0,0,0,0,0,0,0,0,0,1,0,0,1,0
2023-10-14,AK,25,2023-41,Region 10,11.1,87579,2026-05-06T19:11:09Z,1.2,0,0,0,0,0,0,0,0,0,0,0,0,1,0,0,1,0,0,0,0,0,0,0,0,0,0,0,0,0,1,0,0,1,0
2023-10-21,AK,16,2023-42,Region 10,10.01,91611.52,2026-05-06T19:11:09Z,1.24,0,0,0,0,0,0,0,0,0,0,0,0,1,0,0,1,0,0,0,0,0,0,0,0,0,0,0,0,0,1,0,0,1,0
2023-10-28,AK,13,2023-43,Region 10,9.02,80710.95999999999,2026-05-06T19:11:09Z,1.29,0,0,0,0,0,0,0,0,0,0,0,0,1,0,0,1,0,0,0,0,0,0,0,0,0,0,0,0,0,1,0,0,1,0
2023-11-04,AK,18,2023-44,Region 10,8.98,78170.90000000001,2026-05-06T19:11:09Z,1.39,0,0,0,0,0,0,0,0,0,0,0,0,1,0,0,1,0,0,0,0,0,0,0,0,0,0,0,0,0,1,0,0,1,0
2023-11-11,AK,25,2023-45,Region 10,8.28,74081.15999999999,2026-05-06T19:11:09Z,1.03,0,0,0,0,0,0,0,0,0,0,0,0,1,0,0,1,0,0,0,0,0,0,0,0,0,0,0,0,0,1,0,0,1,0
2023-11-18,AK,15,2023-46,Region 10,7.53,72084.69,2026-05-06T19:11:09Z,0.92,0,0,0,0,0,0,0,0,0,0,0,0,1,0,0,1,0,0,0,0,0,0,0,0,0,0,0,0,0,1,0,0,1,0
2023-11-25,AK,10,2023-47,Region 10,7.71,67955.94,2026-05-06T19:11:09Z,1.14,0,0,0,0,0,0,0,0,0,0,0,0,1,0,0,1,0,0,0,0,0,0,0,0,0,0,0,0,0,1,0,0,1,0
2023-12-02,AK,21,2023-48,Region 10,8.22,86770.32,2026-05-06T19:11:09Z,1.29,0,0,0,0,0,0,0,0,0,0,0,0,1,0,0,1,0,0,0,0,0,0,0,0,0,0,0,0,0,1,0,0,1,0
2023-12-09,AK,14,2023-49,Region 10,8.6,88287.59999999999,2026-05-06T19:11:09Z,1.25,0,0,0,0,0,0,0,0,0,0,0,0,1,0,0,1,0,0,0,0,0,0,0,0,0,0,0,0,0,1,0,0,1,0
2023-12-16,AK,15,2023-50,Region 10,7.75,82088,2026-05-06T19:11:09Z,1.52,0,0,0,0,0,0,0,0,0,0,0,0,1,0,0,1,0,0,0,0,0,0,0,0,0,0,0,0,0,1,0,0,1,0
2023-12-23,AK,15,2023-51,Region 10,8.67,82867.86,2026-05-06T19:11:09Z,2.43,0,0,0,0,0,0,0,0,0,0,0,0,1,0,0,1,0,0,0,0,0,0,0,0,0,0,0,0,0,1,0,0,1,0
2023-12-30,AK,22,2023-52,Region 10,10.47,103663.47,2026-05-06T19:11:09Z,3.39,0,0,0,0,0,0,0,0,0,0,0,0,1,0,0,1,0,0,0,0,0,0,0,0,0,0,0,0,0,1,0,0,1,0
2024-01-06,AK,32,2024-01,Region 10,10.33,107886.52,2026-05-06T19:11:09Z,4.25,0,0,0,0,0,0,0,0,0,0,0,0,1,0,0,1,0,0,0,0,0,0,0,0,0,0,0,0,0,1,0,0,1,0
2024-01-13,AK,24,2024-02,Region 10,10.54,101521.28,2026-05-06T19:11:09Z,3.86,0,0,0,0,0,0,0,0,0,0,0,0,1,0,0,1,0,0,0,0,0,0,0,0,0,0,0,0,0,1,0,0,1,0
2024-01-20,AK,29,2024-03,Region 10,10.4,91166.40000000001,2026-05-06T19:11:09Z,3.8,0,0,0,0,0,0,0,0,0,0,0,0,1,0,0,1,0,0,0,0,0,0,0,0,0,0,0,0,0,1,0,0,1,0
2024-01-27,AK,33,2024-04,Region 10,10.07,93731.56,2026-05-06T19:11:09Z,3.98,0,0,0,0,0,0,0,0,0,0,0,0,1,0,0,1,0,0,0,0,0,0,0,0,0,0,0,0,0,1,0,0,1,0
2024-02-03,AK,46,2024-05,Region 10,9.84,88107.36,2026-05-06T19:11:09Z,3.94,0,0,0,0,0,0,0,0,0,0,0,0,1,0,0,1,0,0,0,0,0,0,0,0,0,0,0,0,0,1,0,0,1,0
2024-02-10,AK,43,2024-06,Region 10,8.92,81056.04,2026-05-06T19:11:09Z,3.37,0,0,0,0,0,0,0,0,0,0,0,0,1,0,0,1,0,0,0,0,0,0,0,0,0,0,0,0,0,1,0,0,1,0
2024-02-17,AK,32,2024-07,Region 10,8.62,75269.84,2026-05-06T19:11:09Z,2.7,0,0,0,0,0,0,0,0,0,0,0,0,1,0,0,1,0,0,0,0,0,0,0,0,0,0,0,0,0,1,0,0,1,0
2024-02-24,AK,26,2024-08,Region 10,8.17,71740.77,2026-05-06T19:11:09Z,1.99,0,0,0,0,0,0,0,0,0,0,0,0,1,0,0,1,0,0,0,0,0,0,0,0,0,0,0,0,0,1,0,0,1,0
2024-03-02,AK,17,2024-09,Region 10,7.23,62308.14000000001,2026-05-06T19:11:09Z,1.3,0,0,0,0,0,0,0,0,0,0,0,0,1,0,0,1,0,0,0,0,0,0,0,0,0,0,0,0,0,1,0,0,1,0
2024-03-09,AK,29,2024-10,Region 10,6.2,45012,2026-05-06T19:11:09Z,1.26,0,0,0,0,0,0,0,0,0,0,0,0,1,0,0,1,0,0,0,0,0,0,0,0,0,0,0,0,0,1,0,0,1,0
2024-03-16,AK,16,2024-11,Region 10,5.74,42131.6,2026-05-06T19:11:09Z,0.8,0,0,0,0,0,0,0,0,0,0,0,0,1,0,0,1,0,0,0,0,0,0,0,0,0,0,0,0,0,1,0,0,1,0
2024-03-23,AK,11,2024-12,Region 10,4.45,34211.6,2026-05-06T19:11:09Z,0.53,0,0,0,0,0,0,0,0,0,0,0,0,1,0,0,1,0,0,0,0,0,0,0,0,0,0,0,0,0,1,0,0,1,0
2024-03-30,AK,3,2024-13,Region 10,4.07,26931.190000000002,2026-05-06T19:11:09Z,0.45,0,0,0,0,0,0,0,0,0,0,0,0,0.9786360964138742,0,0,1,0,0,0,0,0,0,0,0,0,0,0,0,0,0.8871428571428572,0,0,1,0
2024-04-06,AK,6,2024-14,Region 10,4,24904,2026-05-06T19:11:09Z,0.32,0,0,0,0,0,0,0,0,0,0,0,0,0.9587595532039975,0,0,0.9158823529411765,0,0,0,0,0,0,0,0,0,0,0,0,0,0.7821428571428573,0,0,0.935,0
2024-04-13,AK,5,2024-15,Region 10,3.9,22678.5,2026-05-06T19:11:09Z,0.26,0,0,0,0,0,0,0,0,0,0,0,0,0.971604938271605,0,0,0.8160504201680672,0,0,0,0,0,0,0,0,0,0,0,0,0,0.85,0,0,0.8578571428571428,0
2024-04-20,AK,0,2024-16,Region 10,3.56,19081.6,2026-05-06T19:11:09Z,0.21,0,0,0,0,0,0,0,0,0,0,0,0,0.993915343915344,0,0,0.9010924369747899,0,0,0,0,0,0,0,0,0,0,0,0,0,0.9678571428571427,0,0,0.9235714285714286,0
2024-04-27,AK,8,2024-17,Region 10,2.81,15081.27,2026-05-06T19:11:09Z,0.21,0,0,0,0,0,0,0,0,0,0,0,0,1,0,0,1,0,0,0,0,0,0,0,0,0,0,0,0,0,1,0,0,1,0
2022-10-01,AL,285,2022-39,Region 4,5.27,64246.56999999999,2026-05-06T19:11:09Z,1.02,0,0,0,0,0,0,0,0,0,0,0,0,1,0,0,0.8940768811783657,0,0,0,0,0,0,0,0,0,0,0,0,0,1,0,0,0.7777777777777777,0
2022-10-08,AL,272,2022-40,Region 4,4.56,58564.079999999994,2026-05-06T19:11:09Z,0.98,0,0,0,0,0,0,0,0,0,0,0,0,1,0,0,0.8940768811783657,0,0,0,0,0,0,0,0,0,0,0,0,0,1,0,0,0.7777777777777777,0
2022-10-15,AL,230,2022-41,Region 4,4.85,56526.74999999999,2026-05-06T19:11:09Z,0.91,0,0,0,0,0,0,0,0,0,0,0,0,0.9936431989063569,0,0,0.8940768811783657,0,0,0,0,0,0,0,0,0,0,0,0,0,0.9734285714285714,0,0,0.7777777777777777,0
2022-10-22,AL,247,2022-42,Region 4,4.03,52394.030000000006,2026-05-06T19:11:09Z,0.82,0,0,0,0,0,0,0,0,0,0,0,0,0.9850307587149694,0,0,0.8940768811783657,0,0,0,0,0,0,0,0,0,0,0,0,0,0.9374285714285715,0,0,0.7777777777777777,0
2022-10-29,AL,253,2022-43,Region 4,4.31,58887.52999999999,2026-05-06T19:11:09Z,0.99,0,0,0,0,0,0,0,0,0,0,0,0,0.9894053315105947,0,0,0.8940768811783657,0,0,0,0,0,0,0,0,0,0,0,0,0,0.9557142857142857,0,0,0.7777777777777777,0
2022-11-05,AL,222,2022-44,Region 4,3.9,61230,2026-05-06T19:11:09Z,1.05,0,0,0,0,0,0,0,0,0,0,0,0,1,0,0,0.8940768811783657,0,0,0,0,0,0,0,0,0,0,0,0,0,1,0,0,0.7777777777777777,0
2022-11-12,AL,221,2022-45,Region 4,3.82,55321.24,2026-05-06T19:11:09Z,0.97,0,0,0,0,0,0,0,0,0,0,0,0,1,0,0,0.8940768811783657,0,0,0,0,0,0,0,0,0,0,0,0,0,1,0,0,0.7777777777777777,0
2022-11-19,AL,239,2022-46,Region 4,4.13,55288.31,2026-05-06T19:11:09Z,0.98,0,0,0,0,0,0,0,0,0,0,0,0,1,0,0,0.8940768811783657,0,0,0,0,0,0,0,0,0,0,0,0,0,1,0,0,0.7777777777777777,0
2022-11-26,AL,241,2022-47,Region 4,5.28,61644,2026-05-06T19:11:09Z,1.45,0,0,0,0,0,0,0,0,0,0,0,0,1,0,0,0.8940768811783657,0,0,0,0,0,0,0,0,0,0,0,0,0,1,0,0,0.7777777777777777,0
2022-12-03,AL,420,2022-48,Region 4,7.55,97455.4,2026-05-06T19:11:09Z,2.13,0,0,0,0,0,0,0,0,0,0,0,0,1,0,0,0.8940768811783657,0,0,0,0,0,0,0,0,0,0,0,0,0,1,0,0,0.7777777777777777,0
2022-12-10,AL,415,2022-49,Region 4,8.38,101909.18000000001,2026-05-06T19:11:09Z,2.35,0,0,0,0,0,0,0,0,0,0,0,0,1,0,0,0.8940768811783657,0,0,0,0,0,0,0,0,0,0,0,0,0,1,0,0,0.7777777777777777,0
2022-12-17,AL,434,2022-50,Region 4,10.21,118190.96,2026-05-06T19:11:09Z,2.77,0,0,0,0,0,0,0,0,0,0,0,0,1,0,0,0.8940768811783657,0,0,0,0,0,0,0,0,0,0,0,0,0,1,0,0,0.7777777777777777,0
2022-12-24,AL,543,2022-51,Region 4,11.52,119589.12,2026-05-06T19:11:09Z,3.59,0,0,0,0,0,0,0,0,0,0,0,0,1,0,0,0.8940768811783657,0,0,0,0,0,0,0,0,0,0,0,0,0,1,0,0,0.7777777777777777,0
2022-12-31,AL,721,2022-52,Region 4,14.04,149399.63999999998,2026-05-06T19:11:09Z,4.82,0,0,0,0,0,0,0,0,0,0,0,0,1,0,0,0.8940768811783657,0,0,0,0,0,0,0,0,0,0,0,0,0,1,0,0,0.7777777777777777,0
2023-01-07,AL,722,2023-01,Region 4,13.55,147139.45,2026-05-06T19:11:09Z,4.2,0,0,0,0,0,0,0,0,0,0,0,0,1,0,0,0.8940768811783657,0,0,0,0,0,0,0,0,0,0,0,0,0,1,0,0,0.7777777777777777,0
2023-01-14,AL,561,2023-02,Region 4,10.19,121373.09,2026-05-06T19:11:09Z,3.27,0,0,0,0,0,0,0,0,0,0,0,0,1,0,0,0.8940768811783657,0,0,0,0,0,0,0,0,0,0,0,0,0,1,0,0,0.7777777777777777,0
2023-01-21,AL,494,2023-03,Region 4,10.69,112565.7,2026-05-06T19:11:09Z,2.95,0,0,0,0,0,0,0,0,0,0,0,0,1,0,0,0.8940768811783657,0,0,0,0,0,0,0,0,0,0,0,0,0,1,0,0,0.7777777777777777,0
2023-01-28,AL,476,2023-04,Region 4,9.37,106461.93999999999,2026-05-06T19:11:09Z,2.99,0,0,0,0,0,0,0,0,0,0,0,0,1,0,0,0.8940768811783657,0,0,0,0,0,0,0,0,0,0,0,0,0,1,0,0,0.7777777777777777,0
2023-02-04,AL,464,2023-05,Region 4,9.03,104142.98999999999,2026-05-06T19:11:09Z,2.82,0,0,0,0,0,0,0,0,0,0,0,0,1,0,0,0.8940768811783657,0,0,0,0,0,0,0,0,0,0,0,0,0,1,0,0,0.7777777777777777,0
2023-02-11,AL,480,2023-06,Region 4,8.67,102514.08,2026-05-06T19:11:09Z,2.64,0,0,0,0,0,0,0,0,0,0,0,0,1,0,0,0.8940768811783657,0,0,0,0,0,0,0,0,0,0,0,0,0,1,0,0,0.7777777777777777,0
2023-02-18,AL,443,2023-07,Region 4,7.72,85136.16,2026-05-06T19:11:09Z,2.32,0,0,0,0,0,0,0,0,0,0,0,0,1,0,0,0.8940768811783657,0,0,0,0,0,0,0,0,0,0,0,0,0,1,0,0,0.7777777777777777,0
2023-02-25,AL,391,2023-08,Region 4,6.2,65069,2026-05-06T19:11:09Z,1.79,0,0,0,0,0,0,0,0,0,0,0,0,1,0,0,0.8940768811783657,0,0,0,0,0,0,0,0,0,0,0,0,0,1,0,0,0.7777777777777777,0
2023-03-04,AL,330,2023-09,Region 4,5.22,47945.7,2026-05-06T19:11:09Z,1.33,0,0,0,0,0,0,0,0,0,0,0,0,1,0,0,0.8940768811783657,0,0,0,0,0,0,0,0,0,0,0,0,0,1,0,0,0.7777777777777777,0
2023-03-11,AL,236,2023-10,Region 4,5.02,43116.78,2026-05-06T19:11:09Z,0.97,0,0,0,0,0,0,0,0,0,0,0,0,1,0,0,0.8940768811783657,0,0,0,0,0,0,0,0,0,0,0,0,0,1,0,0,0.7777777777777777,0
2023-03-18,AL,215,2023-11,Region 4,3.96,33184.8,2026-05-06T19:11:09Z,0.87,0,0,0,0,0,0,0,0,0,0,0,0,1,0,0,0.8940768811783657,0,0,0,0,0,0,0,0,0,0,0,0,0,1,0,0,0.7777777777777777,0
2023-03-25,AL,260,2023-12,Region 4,4.84,40670.52,2026-05-06T19:11:09Z,1.06,0,0,0,0,0,0,0,0,0,0,0,0,0.9915242652084757,0,0,0.8940768811783657,0,0,0,0,0,0,0,0,0,0,0,0,0,0.9645714285714285,0,0,0.7777777777777777,0
2023-04-01,AL,206,2023-13,Region 4,3.79,25897.07,2026-05-06T19:11:09Z,0.91,0,0,0,0,0,0,0,0,0,0,0,0,0.980792891319207,0,0,0.8940768811783657,0,0,0,0,0,0,0,0,0,0,0,0,0,0.9197142857142857,0,0,0.7777777777777777,0
2023-04-08,AL,211,2023-14,Region 4,4.8,32630.399999999998,2026-05-06T19:11:09Z,0.82,0,0,0,0,0,0,0,0,0,0,0,0,0.9767600820232398,0,0,0.8940768811783657,0,0,0,0,0,0,0,0,0,0,0,0,0,0.9028571428571429,0,0,0.7777777777777777,0
2023-04-15,AL,180,2023-15,Region 4,4.62,30903.18,2026-05-06T19:11:09Z,0.69,0,0,0,0,0,0,0,0,0,0,0,0,0.9700615174299385,0,0,0.8940768811783657,0,0,0,0,0,0,0,0,0,0,0,0,0,0.8748571428571428,0,0,0.7777777777777777,0
2023-04-22,AL,162,2023-16,Region 4,4.32,26676,2026-05-06T19:11:09Z,0.63,0,0,0,0,0,0,0,0,0,0,0,0,0.9604921394395078,0,0,0.8940768811783657,0,0,0,0,0,0,0,0,0,0,0,0,0,0.8348571428571429,0,0,0.7777777777777777,0
2023-04-29,AL,192,2023-17,Region 4,4.32,27591.84,2026-05-06T19:11:09Z,0.67,0,0,0,0,0,0,0,0,0,0,0,0,0.9628844839371155,0,0,0.8940768811783657,0,0,0,0,0,0,0,0,0,0,0,0,0,0.8448571428571428,0,0,0.7777777777777777,0
2023-05-06,AL,165,2023-18,Region 4,4.56,25504.079999999998,2026-05-06T19:11:09Z,0.65,0,0,0,0,0,0,0,0,0,0,0,0,0.9744360902255639,0,0,0.8940768811783657,0,0,0,0,0,0,0,0,0,0,0,0,0,0.8931428571428571,0,0,0.7777777777777777,0
2023-05-13,AL,137,2023-19,Region 4,3.72,24697.08,2026-05-06T19:11:09Z,0.62,0,0,0,0,0,0,0,0,0,0,0,0,0.977717019822283,0,0,0.8940768811783657,0,0,0,0,0,0,0,0,0,0,0,0,0,0.9068571428571428,0,0,0.7777777777777777,0
2023-05-20,AL,149,2023-20,Region 4,3.64,22389.64,2026-05-06T19:11:09Z,0.57,0,0,0,0,0,0,0,0,0,0,0,0,0.9840738209159262,0,0,0.8940768811783657,0,0,0,0,0,0,0,0,0,0,0,0,0,0.9334285714285714,0,0,0.7777777777777777,0
2023-05-27,AL,143,2023-21,Region 4,4.3,22394.399999999998,2026-05-06T19:11:09Z,0.54,0,0,0,0,0,0,0,0,0,0,0,0,0.9899521531100478,0,0,0.8940768811783657,0,0,0,0,0,0,0,0,0,0,0,0,0,0.958,0,0,0.7777777777777777,0
2023-06-03,AL,131,2023-22,Region 4,3.4,17724.2,2026-05-06T19:11:09Z,0.57,0,0,0,0,0,0,0,0,0,0,0,0,0.9899521531100478,0,0,0.8940768811783657,0,0,0,0,0,0,0,0,0,0,0,0,0,0.958,0,0,0.7777777777777777,0
2023-06-10,AL,127,2023-23,Region 4,4.08,20102.16,2026-05-06T19:11:09Z,0.46,0,0,0,0,0,0,0,0,0,0,0,0,0.9498951925267716,0,0,0.8940768811783657,0,0,0,0,0,0,0,0,0,0,0,0,0,0.9151428571428571,0,0,0.7777777777777777,0
2023-06-17,AL,114,2023-24,Region 4,4.07,17692.29,2026-05-06T19:11:09Z,0.45,0,0,0,0,0,0,0,0,0,0,0,0,0.8515835042150832,0,0,0.8940768811783657,0,0,0,0,0,0,0,0,0,0,0,0,0,0.7888571428571428,0,0,0.7777777777777777,0
2023-06-24,AL,116,2023-25,Region 4,4.27,18100.53,2026-05-06T19:11:09Z,0.49,0,0,0,0,0,0,0,0,0,0,0,0,0.8409387104123947,0,0,0.8940768811783657,0,0,0,0,0,0,0,0,0,0,0,0,0,0.8182857142857142,0,0,0.7777777777777777,0
2023-07-01,AL,91,2023-26,Region 4,5,18195,2026-05-06T19:11:09Z,0.53,0,0,0,0,0,0,0,0,0,0,0,0,0.8168603326498064,0,0,0.8940768811783657,0,0,0,0,0,0,0,0,0,0,0,0,0,0.84,0,0,0.7777777777777777,0
2023-07-08,AL,104,2023-27,Region 4,5.97,20089.05,2026-05-06T19:11:09Z,0.81,0,0,0,0,0,0,0,0,0,0,0,0,0.814604693552062,0,0,0.8940768811783657,0,0,0,0,0,0,0,0,0,0,0,0,0,0.8305714285714285,0,0,0.7777777777777777,0
2023-07-15,AL,151,2023-28,Region 4,6.38,21806.84,2026-05-06T19:11:09Z,0.91,0,0,0,0,0,0,0,0,0,0,0,0,0.8810435178856231,0,0,0.8940768811783657,0,0,0,0,0,0,0,0,0,0,0,0,0,0.88,0,0,0.7777777777777777,0
2023-07-22,AL,167,2023-29,Region 4,8.78,33609.84,2026-05-06T19:11:09Z,1.22,0,0,0,0,0,0,0,0,0,0,0,0,0.9187514240145819,0,0,0.8940768811783657,0,0,0,0,0,0,0,0,0,0,0,0,0,0.9194285714285714,0,0,0.7777777777777777,0
2023-07-29,AL,200,2023-30,Region 4,10.16,51612.8,2026-05-06T19:11:09Z,1.62,0,0,0,0,0,0,0,0,0,0,0,0,0.9664388243335611,0,0,0.8940768811783657,0,0,0,0,0,0,0,0,0,0,0,0,0,0.9520000000000001,0,0,0.7777777777777777,0
2023-08-05,AL,259,2023-31,Region 4,11,52019,2026-05-06T19:11:09Z,2.17,0,0,0,0,0,0,0,0,0,0,0,0,1,0,0,0.8940768811783657,0,0,0,0,0,0,0,0,0,0,0,0,0,1,0,0,0.7777777777777777,0
2023-08-12,AL,266,2023-32,Region 4,12.55,60478.450000000004,2026-05-06T19:11:09Z,2.74,0,0,0,0,0,0,0,0,0,0,0,0,1,0,0,0.8940768811783657,0,0,0,0,0,0,0,0,0,0,0,0,0,1,0,0,0.7777777777777777,0
2023-08-19,AL,366,2023-33,Region 4,14.32,78917.52,2026-05-06T19:11:09Z,3.74,0,0,0,0,0,0,0,0,0,0,0,0,1,0,0,0.8940768811783657,0,0,0,0,0,0,0,0,0,0,0,0,0,1,0,0,0.7777777777777777,0
2023-08-26,AL,426,2023-34,Region 4,16.17,136992.24000000002,2026-05-06T19:11:09Z,4.97,0,0,0,0,0,0,0,0,0,0,0,0,1,0,0,0.8940768811783657,0,0,0,0,0,0,0,0,0,0,0,0,0,1,0,0,0.7777777777777777,0
2023-09-02,AL,458,2023-35,Region 4,12.35,96120.05,2026-05-06T19:11:09Z,4.33,0,0,0,0,0,0,0,0,0,0,0,0,1,0,0,0.8940768811783657,0,0,0,0,0,0,0,0,0,0,0,0,0,1,0,0,0.7777777777777777,0
2023-09-09,AL,454,2023-36,Region 4,13.49,104088.84,2026-05-06T19:11:09Z,3.5,0,0,0,0,0,0,0,0,0,0,0,0,1,0,0,0.8940768811783657,0,0,0,0,0,0,0,0,0,0,0,0,0,1,0,0,0.7777777777777777,0
2023-09-16,AL,371,2023-37,Region 4,11.63,92307.31000000001,2026-05-06T19:11:09Z,2.6,0,0,0,0,0,0,0,0,0,0,0,0,1,0,0,0.8940768811783657,0,0,0,0,0,0,0,0,0,0,0,0,0,1,0,0,0.7777777777777777,0
2023-09-23,AL,347,2023-38,Region 4,9.42,80465.64,2026-05-06T19:11:09Z,1.84,0,0,0,0,0,0,0,0,0,0,0,0,1,0,0,0.8940768811783657,0,0,0,0,0,0,0,0,0,0,0,0,0,1,0,0,0.7777777777777777,0
2023-09-30,AL,265,2023-39,Region 4,8.57,71208.13,2026-05-06T19:11:09Z,1.46,0,0,0,0,0,0,0,0,0,0,0,0,0.9957621326042378,0,0,0.8940768811783657,0,0,0,0,0,0,0,0,0,0,0,0,0,0.9822857142857143,0,0,0.7777777777777777,0
2023-10-07,AL,217,2023-40,Region 4,7.52,56994.079999999994,2026-05-06T19:11:09Z,1.23,0,0,0,0,0,0,0,0,0,0,0,0,0.9903622693096377,0,0,0.8940768811783657,0,0,0,0,0,0,0,0,0,0,0,0,0,0.9597142857142857,0,0,0.7777777777777777,0
2023-10-14,AL,192,2023-41,Region 4,7.03,51972.79,2026-05-06T19:11:09Z,1.17,0,0,0,0,0,0,0,0,0,0,0,0,0.9861244019138756,0,0,0.8940768811783657,0,0,0,0,0,0,0,0,0,0,0,0,0,0.9420000000000001,0,0,0.7777777777777777,0
2023-10-21,AL,219,2023-42,Region 4,7.86,56371.920000000006,2026-05-06T19:11:09Z,1.18,0,0,0,0,0,0,0,0,0,0,0,0,0.9798359535201641,0,0,0.8940768811783657,0,0,0,0,0,0,0,0,0,0,0,0,0,0.9157142857142857,0,0,0.7777777777777777,0
2023-10-28,AL,262,2023-43,Region 4,6.94,54895.4,2026-05-06T19:11:09Z,1.13,0,0,0,0,0,0,0,0,0,0,0,0,0.9861244019138756,0,0,0.8940768811783657,0,0,0,0,0,0,0,0,0,0,0,0,0,0.9420000000000001,0,0,0.7777777777777777,0
2023-11-04,AL,199,2023-44,Region 4,6.71,54478.49,2026-05-06T19:11:09Z,1.09,0,0,0,0,0,0,0,0,0,0,0,0,0.997881066302119,0,0,0.8940768811783657,0,0,0,0,0,0,0,0,0,0,0,0,0,0.9911428571428571,0,0,0.7777777777777777,0
2023-11-11,AL,239,2023-45,Region 4,6.93,62065.079999999994,2026-05-06T19:11:09Z,1.27,0,0,0,0,0,0,0,0,0,0,0,0,1,0,0,0.8940768811783657,0,0,0,0,0,0,0,0,0,0,0,0,0,1,0,0,0.7777777777777777,0
2023-11-18,AL,217,2023-46,Region 4,7.42,60806.9,2026-05-06T19:11:09Z,1.24,0,0,0,0,0,0,0,0,0,0,0,0,0.9957621326042378,0,0,0.8940768811783657,0,0,0,0,0,0,0,0,0,0,0,0,0,0.9822857142857143,0,0,0.7777777777777777,0
2023-11-25,AL,216,2023-47,Region 4,7.28,60809.840000000004,2026-05-06T19:11:09Z,1.34,0,0,0,0,0,0,0,0,0,0,0,0,0.9924812030075187,0,0,0.8940768811783657,0,0,0,0,0,0,0,0,0,0,0,0,0,0.9685714285714286,0,0,0.7777777777777777,0
2023-12-02,AL,268,2023-48,Region 4,7.1,69466.4,2026-05-06T19:11:09Z,1.46,0,0,0,0,0,0,0,0,0,0,0,0,0.9957621326042378,0,0,0.8940768811783657,0,0,0,0,0,0,0,0,0,0,0,0,0,0.9822857142857143,0,0,0.7777777777777777,0
2023-12-09,AL,327,2023-49,Region 4,7.24,77815.52,2026-05-06T19:11:09Z,1.68,0,0,0,0,0,0,0,0,0,0,0,0,0.9979401993355482,0,0,0.8940768811783657,0,0,0,0,0,0,0,0,0,0,0,0,0,0.9926190476190476,0,0,0.7777777777777777,0
2023-12-16,AL,387,2023-50,Region 4,7.39,88546.98,2026-05-06T19:11:09Z,2.13,0,0,0,0,0,0,0,0,0,0,0,0,0.9926910299003322,0,0,0.8940768811783657,0,0,0,0,0,0,0,0,0,0,0,0,0,0.9738095238095238,0,0,0.7777777777777777,0
2023-12-23,AL,420,2023-51,Region 4,8.73,104725.08,2026-05-06T19:11:09Z,2.72,0,0,0,0,0,0,0,0,0,0,0,0,0.9938205980066445,0,0,0.8940768811783657,0,0,0,0,0,0,0,0,0,0,0,0,0,0.9778571428571428,0,0,0.7777777777777777,0
2023-12-30,AL,517,2023-52,Region 4,9.71,134901.03,2026-05-06T19:11:09Z,3.61,0,0,0,0,0,0,0,0,0,0,0,0,1,0,0,0.8940768811783657,0,0,0,0,0,0,0,0,0,0,0,0,0,1,0,0,0.7777777777777777,0
2024-01-06,AL,520,2024-01,Region 4,10.68,130605.72,2026-05-06T19:11:09Z,3.11,0,0,0,0,0,0,0,0,0,0,0,0,1,0,0,0.8940768811783657,0,0,0,0,0,0,0,0,0,0,0,0,0,1,0,0,0.7777777777777777,0
2024-01-13,AL,461,2024-02,Region 4,11.05,119549.95000000001,2026-05-06T19:11:09Z,2.73,0,0,0,0,0,0,0,0,0,0,0,0,1,0,0,0.8940768811783657,0,0,0,0,0,0,0,0,0,0,0,0,0,1,0,0,0.7777777777777777,0
2024-01-20,AL,365,2024-03,Region 4,11.23,107392.49,2026-05-06T19:11:09Z,2.66,0,0,0,0,0,0,0,0,0,0,0,0,1,0,0,0.8940768811783657,0,0,0,0,0,0,0,0,0,0,0,0,0,1,0,0,0.7777777777777777,0
2024-01-27,AL,392,2024-04,Region 4,11.38,120810.08,2026-05-06T19:11:09Z,2.65,0,0,0,0,0,0,0,0,0,0,0,0,1,0,0,0.8940768811783657,0,0,0,0,0,0,0,0,0,0,0,0,0,1,0,0,0.7777777777777777,0
2024-02-03,AL,334,2024-05,Region 4,11.9,121451.40000000001,2026-05-06T19:11:09Z,2.52,0,0,0,0,0,0,0,0,0,0,0,0,0.9962837162837163,0,0,0.8940768811783657,0,0,0,0,0,0,0,0,0,0,0,0,0,0.9873469387755103,0,0,0.7777777777777777,0
2024-02-10,AL,326,2024-06,Region 4,12.1,125682.7,2026-05-06T19:11:09Z,2.73,0,0,0,0,0,0,0,0,0,0,0,0,0.9934065934065934,0,0,0.8940768811783657,0,0,0,0,0,0,0,0,0,0,0,0,0,0.9775510204081632,0,0,0.7777777777777777,0
2024-02-17,AL,430,2024-07,Region 4,11.13,111133.05,2026-05-06T19:11:09Z,2.71,0,0,0,0,0,0,0,0,0,0,0,0,0.9801998001998002,0,0,0.8940768811783657,0,0,0,0,0,0,0,0,0,0,0,0,0,0.9638775510204082,0,0,0.7777777777777777,0
2024-02-24,AL,439,2024-08,Region 4,10.37,102580.04,2026-05-06T19:11:09Z,2.71,0,0,0,0,0,0,0,0,0,0,0,0,0.9769230769230769,0,0,0.8940768811783657,0,0,0,0,0,0,0,0,0,0,0,0,0,0.9663265306122448,0,0,0.7777777777777777,0
2024-03-02,AL,356,2024-09,Region 4,9.47,88184.64,2026-05-06T19:11:09Z,2.24,0,0,0,0,0,0,0,0,0,0,0,0,0.9902097902097903,0,0,0.8940768811783657,0,0,0,0,0,0,0,0,0,0,0,0,0,0.9857142857142857,0,0,0.7777777777777777,0
2024-03-09,AL,297,2024-10,Region 4,7.9,66265.2,2026-05-06T19:11:09Z,1.59,0,0,0,0,0,0,0,0,0,0,0,0,1,0,0,0.8940768811783657,0,0,0,0,0,0,0,0,0,0,0,0,0,1,0,0,0.7777777777777777,0
2024-03-16,AL,243,2024-11,Region 4,5.68,43202.079999999994,2026-05-06T19:11:09Z,1.24,0,0,0,0,0,0,0,0,0,0,0,0,0.9962837162837163,0,0,0.8940768811783657,0,0,0,0,0,0,0,0,0,0,0,0,0,0.9873469387755103,0,0,0.7777777777777777,0
2024-03-23,AL,192,2024-12,Region 4,4.9,36015,2026-05-06T19:11:09Z,0.91,0,0,0,0,0,0,0,0,0,0,0,0,0.9878321678321679,0,0,0.8940768811783657,0,0,0,0,0,0,0,0,0,0,0,0,0,0.9585714285714286,0,0,0.7777777777777777,0
2024-03-30,AL,184,2024-13,Region 4,5.39,34269.619999999995,2026-05-06T19:11:09Z,0.73,0,0,0,0,0,0,0,0,0,0,0,0,0.9824975024975025,0,0,0.8940768811783657,0,0,0,0,0,0,0,0,0,0,0,0,0,0.9404081632653062,0,0,0.7777777777777777,0
2024-04-06,AL,174,2024-14,Region 4,4.37,27115.850000000002,2026-05-06T19:11:09Z,0.56,0,0,0,0,0,0,0,0,0,0,0,0,0.9824375624375625,0,0,0.8940768811783657,0,0,0,0,0,0,0,0,0,0,0,0,0,0.940204081632653,0,0,0.7777777777777777,0
2024-04-13,AL,146,2024-15,Region 4,3.76,21522.239999999998,2026-05-06T19:11:09Z,0.55,0,0,0,0,0,0,0,0,0,0,0,0,0.9867192807192806,0,0,0.8940768811783657,0,0,0,0,0,0,0,0,0,0,0,0,0,0.9646938775510203,0,0,0.7777777777777777,0
2024-04-20,AL,116,2024-16,Region 4,3.36,16615.2,2026-05-06T19:11:09Z,0.36,0,0,0,0,0,0,0,0,0,0,0,0,0.9647272727272727,0,0,0.8940768811783657,0,0,0,0,0,0,0,0,0,0,0,0,0,0.9348979591836735,0,0,0.7777777777777777,0
2024-04-27,AL,93,2024-17,Region 4,3.1,15190,2026-05-06T19:11:09Z,0.33,0,0,0,0,0,0,0,0,0,0,0,0,0.9508871128871128,0,0,0.8940768811783657,0,0,0,0,0,0,0,0,0,0,0,0,0,0.9173469387755102,0,0,0.7777777777777777,0
2022-10-01,AR,226,2022-39,Region 6,5.52,133043.03999999998,2026-05-06T19:11:09Z,0.98,0,0,0,0,0,0,0,0,0,0,0,0,1,0,0,1,0,0,0,0,0,0,0,0,0,0,0,0,0,1,0,0,1,0
2022-10-08,AR,176,2022-40,Region 6,5.27,117789.76999999999,2026-05-06T19:11:09Z,0.94,0,0,0,0,0,0,0,0,0,0,0,0,1,0,0,1,0,0,0,0,0,0,0,0,0,0,0,0,0,1,0,0,1,0
2022-10-15,AR,131,2022-41,Region 6,5.06,117184.54,2026-05-06T19:11:09Z,1.03,0,0,0,0,0,0,0,0,0,0,0,0,1,0,0,1,0,0,0,0,0,0,0,0,0,0,0,0,0,1,0,0,1,0
2022-10-22,AR,124,2022-42,Region 6,4.88,105193.28,2026-05-06T19:11:09Z,1.01,0,0,0,0,0,0,0,0,0,0,0,0,1,0,0,1,0,0,0,0,0,0,0,0,0,0,0,0,0,1,0,0,1,0
2022-10-29,AR,132,2022-43,Region 6,5.63,135660.48,2026-05-06T19:11:09Z,0.81,0,0,0,0,0,0,0,0,0,0,0,0,1,0,0,1,0,0,0,0,0,0,0,0,0,0,0,0,0,1,0,0,1,0
2022-11-05,AR,144,2022-44,Region 6,6.43,170298.55,2026-05-06T19:11:09Z,0.97,0,0,0,0,0,0,0,0,0,0,0,0,1,0,0,1,0,0,0,0,0,0,0,0,0,0,0,0,0,1,0,0,1,0
2022-11-12,AR,113,2022-45,Region 6,7.17,195898.74,2026-05-06T19:11:09Z,0.95,0,0,0,0,0,0,0,0,0,0,0,0,1,0,0,1,0,0,0,0,0,0,0,0,0,0,0,0,0,1,0,0,1,0
2022-11-19,AR,135,2022-46,Region 6,7.42,208613.3,2026-05-06T19:11:09Z,0.79,0,0,0,0,0,0,0,0,0,0,0,0,1,0,0,1,0,0,0,0,0,0,0,0,0,0,0,0,0,1,0,0,1,0
2022-11-26,AR,142,2022-47,Region 6,8.45,203475.99999999997,2026-05-06T19:11:09Z,1.42,0,0,0,0,0,0,0,0,0,0,0,0,1,0,0,1,0,0,0,0,0,0,0,0,0,0,0,0,0,1,0,0,1,0
2022-12-03,AR,237,2022-48,Region 6,9.33,259635.24,2026-05-06T19:11:09Z,1.76,0,0,0,0,0,0,0,0,0,0,0,0,1,0,0,1,0,0,0,0,0,0,0,0,0,0,0,0,0,1,0,0,1,0
2022-12-10,AR,246,2022-49,Region 6,9.03,245363.15999999997,2026-05-06T19:11:09Z,1.91,0,0,0,0,0,0,0,0,0,0,0,0,1,0,0,1,0,0,0,0,0,0,0,0,0,0,0,0,0,1,0,0,1,0
2022-12-17,AR,268,2022-50,Region 6,8.82,223163.64,2026-05-06T19:11:09Z,2.19,0,0,0,0,0,0,0,0,0,0,0,0,1,0,0,1,0,0,0,0,0,0,0,0,0,0,0,0,0,1,0,0,1,0
2022-12-24,AR,301,2022-51,Region 6,10.74,230759.64,2026-05-06T19:11:09Z,2.65,0,0,0,0,0,0,0,0,0,0,0,0,1,0,0,1,0,0,0,0,0,0,0,0,0,0,0,0,0,1,0,0,1,0
2022-12-31,AR,433,2022-52,Region 6,12.68,273938.72,2026-05-06T19:11:09Z,3.34,0,0,0,0,0,0,0,0,0,0,0,0,1,0,0,1,0,0,0,0,0,0,0,0,0,0,0,0,0,1,0,0,1,0
2023-01-07,AR,438,2023-01,Region 6,12.78,279191.88,2026-05-06T19:11:09Z,2.82,0,0,0,0,0,0,0,0,0,0,0,0,1,0,0,1,0,0,0,0,0,0,0,0,0,0,0,0,0,1,0,0,1,0
2023-01-14,AR,374,2023-02,Region 6,10.91,209962.95,2026-05-06T19:11:09Z,2.12,0,0,0,0,0,0,0,0,0,0,0,0,1,0,0,1,0,0,0,0,0,0,0,0,0,0,0,0,0,1,0,0,1,0
2023-01-21,AR,263,2023-03,Region 6,9.68,174172.24,2026-05-06T19:11:09Z,1.46,0,0,0,0,0,0,0,0,0,0,0,0,1,0,0,1,0,0,0,0,0,0,0,0,0,0,0,0,0,1,0,0,1,0
2023-01-28,AR,192,2023-04,Region 6,9.35,175256.4,2026-05-06T19:11:09Z,1.53,0,0,0,0,0,0,0,0,0,0,0,0,1,0,0,1,0,0,0,0,0,0,0,0,0,0,0,0,0,1,0,0,1,0
2023-02-04,AR,168,2023-05,Region 6,8.8,153621.6,2026-05-06T19:11:09Z,1.35,0,0,0,0,0,0,0,0,0,0,0,0,1,0,0,1,0,0,0,0,0,0,0,0,0,0,0,0,0,1,0,0,1,0
2023-02-11,AR,169,2023-06,Region 6,8.4,147932.4,2026-05-06T19:11:09Z,1.09,0,0,0,0,0,0,0,0,0,0,0,0,1,0,0,1,0,0,0,0,0,0,0,0,0,0,0,0,0,1,0,0,1,0
2023-02-18,AR,178,2023-07,Region 6,7.91,134580.74,2026-05-06T19:11:09Z,1.1,0,0,0,0,0,0,0,0,0,0,0,0,1,0,0,1,0,0,0,0,0,0,0,0,0,0,0,0,0,1,0,0,1,0
2023-02-25,AR,167,2023-08,Region 6,8.37,140565.78,2026-05-06T19:11:09Z,1.17,0,0,0,0,0,0,0,0,0,0,0,0,1,0,0,1,0,0,0,0,0,0,0,0,0,0,0,0,0,1,0,0,1,0
2023-03-04,AR,150,2023-09,Region 6,7.52,124644,2026-05-06T19:11:09Z,1.07,0,0,0,0,0,0,0,0,0,0,0,0,1,0,0,1,0,0,0,0,0,0,0,0,0,0,0,0,0,1,0,0,1,0
2023-03-11,AR,121,2023-10,Region 6,7.03,112972.1,2026-05-06T19:11:09Z,0.81,0,0,0,0,0,0,0,0,0,0,0,0,1,0,0,1,0,0,0,0,0,0,0,0,0,0,0,0,0,1,0,0,1,0
2023-03-18,AR,104,2023-11,Region 6,7.05,104875.8,2026-05-06T19:11:09Z,0.68,0,0,0,0,0,0,0,0,0,0,0,0,1,0,0,1,0,0,0,0,0,0,0,0,0,0,0,0,0,1,0,0,1,0
2023-03-25,AR,117,2023-12,Region 6,8.13,116137.05000000002,2026-05-06T19:11:09Z,0.83,0,0,0,0,0,0,0,0,0,0,0,0,1,0,0,1,0,0,0,0,0,0,0,0,0,0,0,0,0,1,0,0,1,0
2023-04-01,AR,107,2023-13,Region 6,7.77,108655.68,2026-05-06T19:11:09Z,0.8,0,0,0,0,0,0,0,0,0,0,0,0,1,0,0,1,0,0,0,0,0,0,0,0,0,0,0,0,0,1,0,0,1,0
2023-04-08,AR,88,2023-14,Region 6,7.21,97161.96,2026-05-06T19:11:09Z,0.78,0,0,0,0,0,0,0,0,0,0,0,0,1,0,0,1,0,0,0,0,0,0,0,0,0,0,0,0,0,1,0,0,1,0
2023-04-15,AR,106,2023-15,Region 6,7.36,95113.28,2026-05-06T19:11:09Z,0.77,0,0,0,0,0,0,0,0,0,0,0,0,1,0,0,1,0,0,0,0,0,0,0,0,0,0,0,0,0,1,0,0,1,0
2023-04-22,AR,96,2023-16,Region 6,6.51,83972.48999999999,2026-05-06T19:11:09Z,0.5,0,0,0,0,0,0,0,0,0,0,0,0,1,0,0,1,0,0,0,0,0,0,0,0,0,0,0,0,0,1,0,0,1,0
2023-04-29,AR,86,2023-17,Region 6,6.39,75932.37,2026-05-06T19:11:09Z,0.8,0,0,0,0,0,0,0,0,0,0,0,0,1,0,0,1,0,0,0,0,0,0,0,0,0,0,0,0,0,1,0,0,1,0
2023-05-06,AR,83,2023-18,Region 6,6.35,70643.75,2026-05-06T19:11:09Z,0.7,0,0,0,0,0,0,0,0,0,0,0,0,1,0,0,1,0,0,0,0,0,0,0,0,0,0,0,0,0,1,0,0,1,0
2023-05-13,AR,122,2023-19,Region 6,5.98,59871.76,2026-05-06T19:11:09Z,0.45,0,0,0,0,0,0,0,0,0,0,0,0,0.8214285714285714,0,0,1,0,0,0,0,0,0,0,0,0,0,0,0,0,0.8214285714285714,0,0,1,0
2023-05-20,AR,98,2023-20,Region 6,5.73,55397.64000000001,2026-05-06T19:11:09Z,0.59,0,0,0,0,0,0,0,0,0,0,0,0,0.71,0,0,1,0,0,0,0,0,0,0,0,0,0,0,0,0,0.71,0,0,1,0
2023-05-27,AR,84,2023-21,Region 6,5.29,47615.29,2026-05-06T19:11:09Z,0.4,0,0,0,0,0,0,0,0,0,0,0,0,0.7942857142857143,0,0,1,0,0,0,0,0,0,0,0,0,0,0,0,0,0.7942857142857143,0,0,1,0
2023-06-03,AR,65,2023-22,Region 6,4.07,34481.04,2026-05-06T19:11:09Z,0.43,0,0,0,0,0,0,0,0,0,0,0,0,0.9471428571428571,0,0,1,0,0,0,0,0,0,0,0,0,0,0,0,0,0.9471428571428571,0,0,1,0
2023-06-10,AR,60,2023-23,Region 6,4.14,32184.359999999997,2026-05-06T19:11:09Z,0.33,0,0,0,0,0,0,0,0,0,0,0,0,1,0,0,1,0,0,0,0,0,0,0,0,0,0,0,0,0,1,0,0,1,0
2023-06-17,AR,73,2023-24,Region 6,4.72,33016.4,2026-05-06T19:11:09Z,0.24,0,0,0,0,0,0,0,0,0,0,0,0,0.8671428571428571,0,0,1,0,0,0,0,0,0,0,0,0,0,0,0,0,0.8671428571428571,0,0,1,0
2023-06-24,AR,49,2023-25,Region 6,5.22,34984.439999999995,2026-05-06T19:11:09Z,0.3,0,0,0,0,0,0,0,0,0,0,0,0,0.842857142857143,0,0,1,0,0,0,0,0,0,0,0,0,0,0,0,0,0.842857142857143,0,0,1,0
2023-07-01,AR,36,2023-26,Region 6,5.67,35817.39,2026-05-06T19:11:09Z,0.29,0,0,0,0,0,0,0,0,0,0,0,0,0.9557142857142857,0,0,1,0,0,0,0,0,0,0,0,0,0,0,0,0,0.9557142857142857,0,0,1,0
2023-07-08,AR,28,2023-27,Region 6,6.8,42520.4,2026-05-06T19:11:09Z,0.28,0,0,0,0,0,0,0,0,0,0,0,0,1,0,0,1,0,0,0,0,0,0,0,0,0,0,0,0,0,1,0,0,1,0
2023-07-15,AR,47,2023-28,Region 6,8.94,57117.659999999996,2026-05-06T19:11:09Z,0.39,0,0,0,0,0,0,0,0,0,0,0,0,1,0,0,1,0,0,0,0,0,0,0,0,0,0,0,0,0,1,0,0,1,0
2023-07-22,AR,50,2023-29,Region 6,10.23,69103.65000000001,2026-05-06T19:11:09Z,0.49,0,0,0,0,0,0,0,0,0,0,0,0,0.8671428571428571,0,0,1,0,0,0,0,0,0,0,0,0,0,0,0,0,0.8671428571428571,0,0,1,0
2023-07-29,AR,61,2023-30,Region 6,11.7,82520.09999999999,2026-05-06T19:11:09Z,0.57,0,0,0,0,0,0,0,0,0,0,0,0,0.842857142857143,0,0,1,0,0,0,0,0,0,0,0,0,0,0,0,0,0.842857142857143,0,0,1,0
2023-08-05,AR,83,2023-31,Region 6,15.53,92915.98999999999,2026-05-06T19:11:09Z,0.99,0,0,0,0,0,0,0,0,0,0,0,0,0.96,0,0,1,0,0,0,0,0,0,0,0,0,0,0,0,0,0.96,0,0,1,0
2023-08-12,AR,117,2023-32,Region 6,16.58,142289.56,2026-05-06T19:11:09Z,1.28,0,0,0,0,0,0,0,0,0,0,0,0,1,0,0,1,0,0,0,0,0,0,0,0,0,0,0,0,0,1,0,0,1,0
2023-08-19,AR,153,2023-33,Region 6,18.01,198992.49000000002,2026-05-06T19:11:09Z,1.87,0,0,0,0,0,0,0,0,0,0,0,0,1,0,0,1,0,0,0,0,0,0,0,0,0,0,0,0,0,1,0,0,1,0
2023-08-26,AR,198,2023-34,Region 6,18.13,253348.62,2026-05-06T19:11:09Z,2.6,0,0,0,0,0,0,0,0,0,0,0,0,1,0,0,1,0,0,0,0,0,0,0,0,0,0,0,0,0,1,0,0,1,0
2023-09-02,AR,214,2023-35,Region 6,17.69,277414.58,2026-05-06T19:11:09Z,3.41,0,0,0,0,0,0,0,0,0,0,0,0,1,0,0,1,0,0,0,0,0,0,0,0,0,0,0,0,0,1,0,0,1,0
2023-09-09,AR,267,2023-36,Region 6,15.74,231078.94,2026-05-06T19:11:09Z,3.52,0,0,0,0,0,0,0,0,0,0,0,0,1,0,0,1,0,0,0,0,0,0,0,0,0,0,0,0,0,1,0,0,1,0
2023-09-16,AR,247,2023-37,Region 6,12.76,168865.84,2026-05-06T19:11:09Z,2.36,0,0,0,0,0,0,0,0,0,0,0,0,1,0,0,1,0,0,0,0,0,0,0,0,0,0,0,0,0,1,0,0,1,0
2023-09-23,AR,220,2023-38,Region 6,11.89,127948.29000000001,2026-05-06T19:11:09Z,2.06,0,0,0,0,0,0,0,0,0,0,0,0,1,0,0,1,0,0,0,0,0,0,0,0,0,0,0,0,0,1,0,0,1,0
2023-09-30,AR,180,2023-39,Region 6,10.19,127222.15,2026-05-06T19:11:09Z,1.56,0,0,0,0,0,0,0,0,0,0,0,0,1,0,0,1,0,0,0,0,0,0,0,0,0,0,0,0,0,1,0,0,1,0
2023-10-07,AR,141,2023-40,Region 6,9.19,110647.59999999999,2026-05-06T19:11:09Z,1.24,0,0,0,0,0,0,0,0,0,0,0,0,1,0,0,1,0,0,0,0,0,0,0,0,0,0,0,0,0,1,0,0,1,0
2023-10-14,AR,111,2023-41,Region 6,9.64,116046.32,2026-05-06T19:11:09Z,1.1,0,0,0,0,0,0,0,0,0,0,0,0,1,0,0,1,0,0,0,0,0,0,0,0,0,0,0,0,0,1,0,0,1,0
2023-10-21,AR,115,2023-42,Region 6,10.1,131047.5,2026-05-06T19:11:09Z,1.02,0,0,0,0,0,0,0,0,0,0,0,0,1,0,0,1,0,0,0,0,0,0,0,0,0,0,0,0,0,1,0,0,1,0
2023-10-28,AR,128,2023-43,Region 6,10.44,139937.75999999998,2026-05-06T19:11:09Z,0.94,0,0,0,0,0,0,0,0,0,0,0,0,1,0,0,1,0,0,0,0,0,0,0,0,0,0,0,0,0,1,0,0,1,0
2023-11-04,AR,132,2023-44,Region 6,10.62,146396.69999999998,2026-05-06T19:11:09Z,0.9,0,0,0,0,0,0,0,0,0,0,0,0,1,0,0,1,0,0,0,0,0,0,0,0,0,0,0,0,0,1,0,0,1,0
2023-11-11,AR,155,2023-45,Region 6,10.33,160745.13,2026-05-06T19:11:09Z,1.29,0,0,0,0,0,0,0,0,0,0,0,0,1,0,0,1,0,0,0,0,0,0,0,0,0,0,0,0,0,1,0,0,1,0
2023-11-18,AR,143,2023-46,Region 6,6.35,162401.25,2026-05-06T19:11:09Z,1.16,0,0,0,0,0,0,0,0,0,0,0,0,1,0,0,1,0,0,0,0,0,0,0,0,0,0,0,0,0,1,0,0,1,0
2023-11-25,AR,153,2023-47,Region 6,8.94,130979.93999999999,2026-05-06T19:11:09Z,1.7,0,0,0,0,0,0,0,0,0,0,0,0,1,0,0,1,0,0,0,0,0,0,0,0,0,0,0,0,0,1,0,0,1,0
2023-12-02,AR,199,2023-48,Region 6,8.97,150516.6,2026-05-06T19:11:09Z,1.68,0,0,0,0,0,0,0,0,0,0,0,0,1,0,0,1,0,0,0,0,0,0,0,0,0,0,0,0,0,1,0,0,1,0
2023-12-09,AR,232,2023-49,Region 6,8.49,151351.23,2026-05-06T19:11:09Z,1.86,0,0,0,0,0,0,0,0,0,0,0,0,1,0,0,1,0,0,0,0,0,0,0,0,0,0,0,0,0,1,0,0,1,0
2023-12-16,AR,256,2023-50,Region 6,8.4,150116.4,2026-05-06T19:11:09Z,2.3,0,0,0,0,0,0,0,0,0,0,0,0,1,0,0,1,0,0,0,0,0,0,0,0,0,0,0,0,0,1,0,0,1,0
2023-12-23,AR,286,2023-51,Region 6,8.35,176560.75,2026-05-06T19:11:09Z,2.38,0,0,0,0,0,0,0,0,0,0,0,0,1,0,0,1,0,0,0,0,0,0,0,0,0,0,0,0,0,1,0,0,1,0
2023-12-30,AR,299,2023-52,Region 6,8.52,168508.56,2026-05-06T19:11:09Z,3.07,0,0,0,0,0,0,0,0,0,0,0,0,1,0,0,1,0,0,0,0,0,0,0,0,0,0,0,0,0,1,0,0,1,0
2024-01-06,AR,342,2024-01,Region 6,10.15,127494.15000000001,2026-05-06T19:11:09Z,2.78,0,0,0,0,0,0,0,0,0,0,0,0,1,0,0,1,0,0,0,0,0,0,0,0,0,0,0,0,0,1,0,0,1,0
2024-01-13,AR,289,2024-02,Region 6,9.3,155403,2026-05-06T19:11:09Z,2.3,0,0,0,0,0,0,0,0,0,0,0,0,1,0,0,1,0,0,0,0,0,0,0,0,0,0,0,0,0,1,0,0,1,0
2024-01-20,AR,257,2024-03,Region 6,9.74,155937.4,2026-05-06T19:11:09Z,1.95,0,0,0,0,0,0,0,0,0,0,0,0,1,0,0,1,0,0,0,0,0,0,0,0,0,0,0,0,0,1,0,0,1,0
2024-01-27,AR,215,2024-04,Region 6,10.95,213207.44999999998,2026-05-06T19:11:09Z,1.85,0,0,0,0,0,0,0,0,0,0,0,0,1,0,0,1,0,0,0,0,0,0,0,0,0,0,0,0,0,1,0,0,1,0
2024-02-03,AR,187,2024-05,Region 6,11.05,228403.50000000003,2026-05-06T19:11:09Z,1.74,0,0,0,0,0,0,0,0,0,0,0,0,1,0,0,0.8861959566826796,0,0,0,0,0,0,0,0,0,0,0,0,0,1,0,0,0.9171428571428573,0
2024-02-10,AR,209,2024-06,Region 6,10.83,218256.99,2026-05-06T19:11:09Z,1.87,0,0,0,0,0,0,0,0,0,0,0,0,0.9727413868708297,0,0,0.9102321554867687,0,0,0,0,0,0,0,0,0,0,0,0,0,0.9589285714285714,0,0,0.9346428571428572,0
2024-02-17,AR,175,2024-07,Region 6,9.14,165452.28,2026-05-06T19:11:09Z,2.04,0,0,0,0,0,0,0,0,0,0,0,0,0.9608898159451036,0,0,0.9779259398737956,0,0,0,0,0,0,0,0,0,0,0,0,0,0.9410714285714286,0,0,0.9839285714285714,0
2024-02-24,AR,188,2024-08,Region 6,8.2,142778.4,2026-05-06T19:11:09Z,1.99,0,0,0,0,0,0,0,0,0,0,0,0,0.9834078007039834,0,0,1,0,0,0,0,0,0,0,0,0,0,0,0,0,0.975,0,0,1,0
2024-03-02,AR,180,2024-09,Region 6,6.99,113657.40000000001,2026-05-06T19:11:09Z,1.53,0,0,0,0,0,0,0,0,0,0,0,0,1,0,0,1,0,0,0,0,0,0,0,0,0,0,0,0,0,1,0,0,1,0
2024-03-09,AR,181,2024-10,Region 6,5.86,91902.38,2026-05-06T19:11:09Z,1.31,0,0,0,0,0,0,0,0,0,0,0,0,1,0,0,1,0,0,0,0,0,0,0,0,0,0,0,0,0,1,0,0,1,0
2024-03-16,AR,120,2024-11,Region 6,4.81,67950.87,2026-05-06T19:11:09Z,1.09,0,0,0,0,0,0,0,0,0,0,0,0,1,0,0,1,0,0,0,0,0,0,0,0,0,0,0,0,0,1,0,0,1,0
2024-03-23,AR,118,2024-12,Region 6,4.85,63947.24999999999,2026-05-06T19:11:09Z,0.9,0,0,0,0,0,0,0,0,0,0,0,0,1,0,0,1,0,0,0,0,0,0,0,0,0,0,0,0,0,1,0,0,1,0
2024-03-30,AR,82,2024-13,Region 6,3.6,44719.200000000004,2026-05-06T19:11:09Z,0.58,0,0,0,0,0,0,0,0,0,0,0,0,0.9834078007039834,0,0,1,0,0,0,0,0,0,0,0,0,0,0,0,0,0.975,0,0,1,0
2024-04-06,AR,70,2024-14,Region 6,3.5,42308,2026-05-06T19:11:09Z,0.54,0,0,0,0,0,0,0,0,0,0,0,0,0.9608898159451036,0,0,1,0,0,0,0,0,0,0,0,0,0,0,0,0,0.9410714285714286,0,0,1,0
2024-04-13,AR,57,2024-15,Region 6,2.84,33344.439999999995,2026-05-06T19:11:09Z,0.43,0,0,0,0,0,0,0,0,0,0,0,0,0.9727413868708297,0,0,1,0,0,0,0,0,0,0,0,0,0,0,0,0,0.9589285714285714,0,0,1,0
2024-04-20,AR,46,2024-16,Region 6,2.99,33018.57,2026-05-06T19:11:09Z,0.4,0,0,0,0,0,0,0,0,0,0,0,0,1,0,0,1,0,0,0,0,0,0,0,0,0,0,0,0,0,1,0,0,1,0
2024-04-27,AR,43,2024-17,Region 6,2.75,29779.75,2026-05-06T19:11:09Z,0.27,0,0,0,0,0,0,0,0,0,0,0,0,1,0,0,1,0,0,0,0,0,0,0,0,0,0,0,0,0,1,0,0,1,0
2022-10-01,AS,0,2022-39,Region 9,6.08,96860.48,2026-05-06T19:11:09Z,0,0,0,0,0,0,0,0,0,0,0,0,0,0,0,0,0,0,0,0,0,0,0,0,0,0,0,0,0,0,0,0,0,0,0
2022-10-08,AS,0,2022-40,Region 9,5.25,75379.5,2026-05-06T19:11:09Z,0,0,0,0,0,0,0,0,0,0,0,0,0,0,0,0,0,0,0,0,0,0,0,0,0,0,0,0,0,0,0,0,0,0,0
2022-10-15,AS,0,2022-41,Region 9,5.88,82860.95999999999,2026-05-06T19:11:09Z,0,0,0,0,0,0,0,0,0,0,0,0,0,0,0,0,0,0,0,0,0,0,0,0,0,0,0,0,0,0,0,0,0,0,0
2022-10-22,AS,0,2022-42,Region 9,6.06,89603.15999999999,2026-05-06T19:11:09Z,0,0,0,0,0,0,0,0,0,0,0,0,0,0,0,0,0,0,0,0,0,0,0,0,0,0,0,0,0,0,0,0,0,0,0
2022-10-29,AS,0,2022-43,Region 9,6.57,95652.63,2026-05-06T19:11:09Z,0,0,0,0,0,0,0,0,0,0,0,0,0,0,0,0,0,0,0,0,0,0,0,0,0,0,0,0,0,0,0,0,0,0,0
2022-11-05,AS,0,2022-44,Region 9,7.23,110055.06000000001,2026-05-06T19:11:09Z,0,0,0,0,0,0,0,0,0,0,0,0,0,0,0,0,0,0,0,0,0,0,0,0,0,0,0,0,0,0,0,0,0,0,0
2022-11-12,AS,0,2022-45,Region 9,7.34,105013.38,2026-05-06T19:11:09Z,0,0,0,0,0,0,0,0,0,0,0,0,0,0,0,0,0,0,0,0,0,0,0,0,0,0,0,0,0,0,0,0,0,0,0
2022-11-19,AS,1,2022-46,Region 9,7.6,127718,2026-05-06T19:11:09Z,0,0,0,0,0,0,0,0,0,0,0,0,0,0,0,0,0,0,0,0,0,0,0,0,0,0,0,0,0,0,0,0,0,0,0
2022-11-26,AS,1,2022-47,Region 9,8.87,118245.96999999999,2026-05-06T19:11:09Z,0,0,0,0,0,0,0,0,0,0,0,0,0,0,0,0,0,0,0,0,0,0,0,0,0,0,0,0,0,0,0,0,0,0,0
2022-12-03,AS,1,2022-48,Region 9,10.19,188790.13,2026-05-06T19:11:09Z,0,0,0,0,0,0,0,0,0,0,0,0,0,0,0,0,0,0,0,0,0,0,0,0,0,0,0,0,0,0,0,0,0,0,0
2022-12-10,AS,0,2022-49,Region 9,9.84,164977.44,2026-05-06T19:11:09Z,0,0,0,0,0,0,0,0,0,0,0,0,0,0,0,0,0,0,0,0,0,0,0,0,0,0,0,0,0,0,0,0,0,0,0
2022-12-17,AS,0,2022-50,Region 9,8.86,142761.18,2026-05-06T19:11:09Z,0,0,0,0,0,0,0,0,0,0,0,0,0,0,0,0,0,0,0,0,0,0,0,0,0,0,0,0,0,0,0,0,0,0,0
2022-12-24,AS,0,2022-51,Region 9,8.76,120344.87999999999,2026-05-06T19:11:09Z,0,0,0,0,0,0,0,0,0,0,0,0,0,0,0,0,0,0,0,0,0,0,0,0,0,0,0,0,0,0,0,0,0,0,0
2022-12-31,AS,0,2022-52,Region 9,9.78,115648.49999999999,2026-05-06T19:11:09Z,0,0,0,0,0,0,0,0,0,0,0,0,0,0,0,0,0,0,0,0,0,0,0,0,0,0,0,0,0,0,0,0,0,0,0
2023-01-07,AS,0,2023-01,Region 9,9.1,124378.79999999999,2026-05-06T19:11:09Z,0,0,0,0,0,0,0,0,0,0,0,0,0,0,0,0,0,0,0,0,0,0,0,0,0,0,0,0,0,0,0,0,0,0,0
2023-01-14,AS,0,2023-02,Region 9,7.09,87752.93,2026-05-06T19:11:09Z,0,0,0,0,0,0,0,0,0,0,0,0,0,0,0,0,0,0,0,0,0,0,0,0,0,0,0,0,0,0,0,0,0,0,0
2023-01-21,AS,0,2023-03,Region 9,6.08,69743.68000000001,2026-05-06T19:11:09Z,0,0,0,0,0,0,0,0,0,0,0,0,0,0,0,0,0,0,0,0,0,0,0,0,0,0,0,0,0,0,0,0,0,0,0
2023-01-28,AS,0,2023-04,Region 9,5.85,64548.899999999994,2026-05-06T19:11:09Z,0,0,0,0,0,0,0,0,0,0,0,0,0,0,0,0,0,0,0,0,0,0,0,0,0,0,0,0,0,0,0,0,0,0,0
2023-02-04,AS,0,2023-05,Region 9,6.37,69114.5,2026-05-06T19:11:09Z,0,0,0,0,0,0,0,0,0,0,0,0,0,0,0,0,0,0,0,0,0,0,0,0,0,0,0,0,0,0,0,0,0,0,0
2023-02-11,AS,0,2023-06,Region 9,6.61,71460.71,2026-05-06T19:11:09Z,0,0,0,0,0,0,0,0,0,0,0,0,0,0,0,0,0,0,0,0,0,0,0,0,0,0,0,0,0,0,0,0,0,0,0
2023-02-18,AS,0,2023-07,Region 9,7.13,65417.75,2026-05-06T19:11:09Z,0,0,0,0,0,0,0,0,0,0,0,0,0,0,0,0,0,0,0,0,0,0,0,0,0,0,0,0,0,0,0,0,0,0,0
2023-02-25,AS,0,2023-08,Region 9,6.55,61720.65,2026-05-06T19:11:09Z,0,0,0,0,0,0,0,0,0,0,0,0,0,0,0,0,0,0,0,0,0,0,0,0,0,0,0,0,0,0,0,0,0,0,0
2023-03-04,AS,0,2023-09,Region 9,7.35,62533.799999999996,2026-05-06T19:11:09Z,0,0,0,0,0,0,0,0,0,0,0,0,0,0,0,0,0,0,0,0,0,0,0,0,0,0,0,0,0,0,0,0,0,0,0
2023-03-11,AS,0,2023-10,Region 9,6.27,58085.28,2026-05-06T19:11:09Z,0,0,0,0,0,0,0,0,0,0,0,0,0,0,0,0,0,0,0,0,0,0,0,0,0,0,0,0,0,0,0,0,0,0,0
2023-03-18,AS,0,2023-11,Region 9,7.39,65519.74,2026-05-06T19:11:09Z,0,0,0,0,0,0,0,0,0,0,0,0,0,0,0,0,0,0,0,0,0,0,0,0,0,0,0,0,0,0,0,0,0,0,0
2023-03-25,AS,0,2023-12,Region 9,6.92,59366.68,2026-05-06T19:11:09Z,0,0,0,0,0,0,0,0,0,0,0,0,0,0,0,0,0,0,0,0,0,0,0,0,0,0,0,0,0,0,0,0,0,0,0
2023-04-01,AS,0,2023-13,Region 9,7.22,57788.88,2026-05-06T19:11:09Z,0,0,0,0,0,0,0,0,0,0,0,0,0,0,0,0,0,0,0,0,0,0,0,0,0,0,0,0,0,0,0,0,0,0,0
2023-04-08,AS,0,2023-14,Region 9,7.72,64392.52,2026-05-06T19:11:09Z,0,0,0,0,0,0,0,0,0,0,0,0,0,0,0,0,0,0,0,0,0,0,0,0,0,0,0,0,0,0,0,0,0,0,0
2023-04-15,AS,0,2023-15,Region 9,6.97,57788.27,2026-05-06T19:11:09Z,0,0,0,0,0,0,0,0,0,0,0,0,0,0,0,0,0,0,0,0,0,0,0,0,0,0,0,0,0,0,0,0,0,0,0
2023-04-22,AS,0,2023-16,Region 9,6.46,51027.54,2026-05-06T19:11:09Z,0,0,0,0,0,0,0,0,0,0,0,0,0,0,0,0,0,0,0,0,0,0,0,0,0,0,0,0,0,0,0,0,0,0,0
2023-04-29,AS,0,2023-17,Region 9,6.03,47612.880000000005,2026-05-06T19:11:09Z,0,0,0,0,0,0,0,0,0,0,0,0,0,0,0,0,0,0,0,0,0,0,0,0,0,0,0,0,0,0,0,0,0,0,0
2023-05-06,AS,0,2023-18,Region 9,6.11,48097.920000000006,2026-05-06T19:11:09Z,0,0,0,0,0,0,0,0,0,0,0,0,0,0,0,0,0,0,0,0,0,0,0,0,0,0,0,0,0,0,0,0,0,0,0
2023-05-13,AS,0,2023-19,Region 9,6.22,50388.22,2026-05-06T19:11:09Z,0,0,0,0,0,0,0,0,0,0,0,0,0,0,0,0,0,0,0,0,0,0,0,0,0,0,0,0,0,0,0,0,0,0,0
2023-05-20,AS,0,2023-20,Region 9,6.9,47085.600000000006,2026-05-06T19:11:09Z,0,0,0,0,0,0,0,0,0,0,0,0,0,0,0,0,0,0,0,0,0,0,0,0,0,0,0,0,0,0,0,0,0,0,0
2023-05-27,AS,0,2023-21,Region 9,6.23,39024.72,2026-05-06T19:11:09Z,0,0,0,0,0,0,0,0,0,0,0,0,0,0,0,0,0,0,0,0,0,0,0,0,0,0,0,0,0,0,0,0,0,0,0
2023-06-03,AS,0,2023-22,Region 9,5.51,34889.32,2026-05-06T19:11:09Z,0,0,0,0,0,0,0,0,0,0,0,0,0,0,0,0,0,0,0,0,0,0,0,0,0,0,0,0,0,0,0,0,0,0,0
2023-06-10,AS,0,2023-23,Region 9,5.26,33474.64,2026-05-06T19:11:09Z,0,0,0,0,0,0,0,0,0,0,0,0,0,0,0,0,0,0,0,0,0,0,0,0,0,0,0,0,0,0,0,0,0,0,0
2023-06-17,AS,0,2023-24,Region 9,6.08,36279.36,2026-05-06T19:11:09Z,0,0,0,0,0,0,0,0,0,0,0,0,0,0,0,0,0,0,0,0,0,0,0,0,0,0,0,0,0,0,0,0,0,0,0
2023-06-24,AS,0,2023-25,Region 9,5.51,32597.16,2026-05-06T19:11:09Z,0,0,0,0,0,0,0,0,0,0,0,0,0,0,0,0,0,0,0,0,0,0,0,0,0,0,0,0,0,0,0,0,0,0,0
2023-07-01,AS,0,2023-26,Region 9,6.32,37597.68,2026-05-06T19:11:09Z,0,0,0,0,0,0,0,0,0,0,0,0,0,0,0,0,0,0,0,0,0,0,0,0,0,0,0,0,0,0,0,0,0,0,0
2023-07-08,AS,0,2023-27,Region 9,9,44802,2026-05-06T19:11:09Z,0,0,0,0,0,0,0,0,0,0,0,0,0,0,0,0,0,0,0,0,0,0,0,0,0,0,0,0,0,0,0,0,0,0,0
2023-07-15,AS,0,2023-28,Region 9,9.5,49780,2026-05-06T19:11:09Z,0,0,0,0,0,0,0,0,0,0,0,0,0,0,0,0,0,0,0,0,0,0,0,0,0,0,0,0,0,0,0,0,0,0,0
2023-07-22,AS,0,2023-29,Region 9,9.64,54726.280000000006,2026-05-06T19:11:09Z,0,0,0,0,0,0,0,0,0,0,0,0,0,0,0,0,0,0,0,0,0,0,0,0,0,0,0,0,0,0,0,0,0,0,0
2023-07-29,AS,0,2023-30,Region 9,10.51,62429.4,2026-05-06T19:11:09Z,0,0,0,0,0,0,0,0,0,0,0,0,0,0,0,0,0,0,0,0,0,0,0,0,0,0,0,0,0,0,0,0,0,0,0
2023-08-05,AS,0,2023-31,Region 9,12.32,63386.4,2026-05-06T19:11:09Z,0,0,0,0,0,0,0,0,0,0,0,0,0,0,0,0,0,0,0,0,0,0,0,0,0,0,0,0,0,0,0,0,0,0,0
2023-08-12,AS,0,2023-32,Region 9,16.28,82979.16,2026-05-06T19:11:09Z,0,0,0,0,0,0,0,0,0,0,0,0,0,0,0,0,0,0,0,0,0,0,0,0,0,0,0,0,0,0,0,0,0,0,0
2023-08-19,AS,0,2023-33,Region 9,15.98,92476.26000000001,2026-05-06T19:11:09Z,0,0,0,0,0,0,0,0,0,0,0,0,0,0,0,0,0,0,0,0,0,0,0,0,0,0,0,0,0,0,0,0,0,0,0
2023-08-26,AS,0,2023-34,Region 9,16.22,103402.5,2026-05-06T19:11:09Z,0,0,0,0,0,0,0,0,0,0,0,0,0,0,0,0,0,0,0,0,0,0,0,0,0,0,0,0,0,0,0,0,0,0,0
2023-09-02,AS,0,2023-35,Region 9,15.37,101626.43999999999,2026-05-06T19:11:09Z,0,0,0,0,0,0,0,0,0,0,0,0,0,0,0,0,0,0,0,0,0,0,0,0,0,0,0,0,0,0,0,0,0,0,0
2023-09-09,AS,0,2023-36,Region 9,14.71,92025.76000000001,2026-05-06T19:11:09Z,0,0,0,0,0,0,0,0,0,0,0,0,0,0,0,0,0,0,0,0,0,0,0,0,0,0,0,0,0,0,0,0,0,0,0
2023-09-16,AS,0,2023-37,Region 9,12.72,84028.32,2026-05-06T19:11:09Z,0,0,0,0,0,0,0,0,0,0,0,0,0,0,0,0,0,0,0,0,0,0,0,0,0,0,0,0,0,0,0,0,0,0,0
2023-09-23,AS,0,2023-38,Region 9,12.95,83320.29999999999,2026-05-06T19:11:09Z,0,0,0,0,0,0,0,0,0,0,0,0,0,0,0,0,0,0,0,0,0,0,0,0,0,0,0,0,0,0,0,0,0,0,0
2023-09-30,AS,0,2023-39,Region 9,12.06,75326.76000000001,2026-05-06T19:11:09Z,0,0,0,0,0,0,0,0,0,0,0,0,0,0,0,0,0,0,0,0,0,0,0,0,0,0,0,0,0,0,0,0,0,0,0
2023-10-07,AS,0,2023-40,Region 9,11.38,70271.5,2026-05-06T19:11:09Z,0,0,0,0,0,0,0,0,0,0,0,0,0,0,0,0,0,0,0,0,0,0,0,0,0,0,0,0,0,0,0,0,0,0,0
2023-10-14,AS,0,2023-41,Region 9,10.94,66011.95999999999,2026-05-06T19:11:09Z,0,0,0,0,0,0,0,0,0,0,0,0,0,0,0,0,0,0,0,0,0,0,0,0,0,0,0,0,0,0,0,0,0,0,0
2023-10-21,AS,0,2023-42,Region 9,10.97,67476.47,2026-05-06T19:11:09Z,0,0,0,0,0,0,0,0,0,0,0,0,0,0,0,0,0,0,0,0,0,0,0,0,0,0,0,0,0,0,0,0,0,0,0
2023-10-28,AS,0,2023-43,Region 9,10.46,65197.18000000001,2026-05-06T19:11:09Z,0,0,0,0,0,0,0,0,0,0,0,0,0,0,0,0,0,0,0,0,0,0,0,0,0,0,0,0,0,0,0,0,0,0,0
2023-11-04,AS,0,2023-44,Region 9,11.23,69277.87000000001,2026-05-06T19:11:09Z,0,0,0,0,0,0,0,0,0,0,0,0,0,0,0,0,0,0,0,0,0,0,0,0,0,0,0,0,0,0,0,0,0,0,0
2023-11-11,AS,0,2023-45,Region 9,9.95,60774.6,2026-05-06T19:11:09Z,0,0,0,0,0,0,0,0,0,0,0,0,0,0,0,0,0,0,0,0,0,0,0,0,0,0,0,0,0,0,0,0,0,0,0
2023-11-18,AS,0,2023-46,Region 9,9.76,65030.88,2026-05-06T19:11:09Z,0,0,0,0,0,0,0,0,0,0,0,0,0,0,0,0,0,0,0,0,0,0,0,0,0,0,0,0,0,0,0,0,0,0,0
2023-11-25,AS,0,2023-47,Region 9,10,56300,2026-05-06T19:11:09Z,0,0,0,0,0,0,0,0,0,0,0,0,0,0,0,0,0,0,0,0,0,0,0,0,0,0,0,0,0,0,0,0,0,0,0
2023-12-02,AS,1,2023-48,Region 9,11.01,76123.14,2026-05-06T19:11:09Z,0,0,0,0,0,0,0,0,0,0,0,0,0,0,0,0,0,0,0,0,0,0,0,0,0,0,0,0,0,0,0,0,0,0,0
2023-12-09,AS,0,2023-49,Region 9,10.44,76295.51999999999,2026-05-06T19:11:09Z,0,0,0,0,0,0,0,0,0,0,0,0,0,0,0,0,0,0,0,0,0,0,0,0,0,0,0,0,0,0,0,0,0,0,0
2023-12-16,AS,0,2023-50,Region 9,11.53,86774.78,2026-05-06T19:11:09Z,0,0,0,0,0,0,0,0,0,0,0,0,0,0,0,0,0,0,0,0,0,0,0,0,0,0,0,0,0,0,0,0,0,0,0
2023-12-23,AS,0,2023-51,Region 9,12.1,99195.8,2026-05-06T19:11:09Z,0,0,0,0,0,0,0,0,0,0,0,0,0,0,0,0,0,0,0,0,0,0,0,0,0,0,0,0,0,0,0,0,0,0,0
2023-12-30,AS,0,2023-52,Region 9,12.69,98131.76999999999,2026-05-06T19:11:09Z,0,0,0,0,0,0,0,0,0,0,0,0,0,0,0,0,0,0,0,0,0,0,0,0,0,0,0,0,0,0,0,0,0,0,0
2024-01-06,AS,0,2024-01,Region 9,10.39,81364.09000000001,2026-05-06T19:11:09Z,0,0,0,0,0,0,0,0,0,0,0,0,0,0,0,0,0,0,0,0,0,0,0,0,0,0,0,0,0,0,0,0,0,0,0
2024-01-13,AS,0,2024-02,Region 9,12.58,97381.78,2026-05-06T19:11:09Z,0,0,0,0,0,0,0,0,0,0,0,0,0,0,0,0,0,0,0,0,0,0,0,0,0,0,0,0,0,0,0,0,0,0,0
2024-01-20,AS,0,2024-03,Region 9,11.62,81886.14,2026-05-06T19:11:09Z,0,0,0,0,0,0,0,0,0,0,0,0,0,0,0,0,0,0,0,0,0,0,0,0,0,0,0,0,0,0,0,0,0,0,0
2024-01-27,AS,0,2024-04,Region 9,10.52,70967.92,2026-05-06T19:11:09Z,0,0,0,0,0,0,0,0,0,0,0,0,0,0,0,0,0,0,0,0,0,0,0,0,0,0,0,0,0,0,0,0,0,0,0
2024-02-03,AS,0,2024-05,Region 9,9.66,61099.5,2026-05-06T19:11:09Z,0,0,0,0,0,0,0,0,0,0,0,0,0,0,0,0,0,0,0,0,0,0,0,0,0,0,0,0,0,0,0,0,0,0,0
2024-02-10,AS,0,2024-06,Region 9,8.86,54869.979999999996,2026-05-06T19:11:09Z,0,0,0,0,0,0,0,0,0,0,0,0,0,0,0,0,0,0,0,0,0,0,0,0,0,0,0,0,0,0,0,0,0,0,0
2024-02-17,AS,0,2024-07,Region 9,7.25,46313,2026-05-06T19:11:09Z,0,0,0,0,0,0,0,0,0,0,0,0,0,0,0,0,0,0,0,0,0,0,0,0,0,0,0,0,0,0,0,0,0,0,0
2024-02-24,AS,0,2024-08,Region 9,7.27,41991.52,2026-05-06T19:11:09Z,0,0,0,0,0,0,0,0,0,0,0,0,0,0,0,0,0,0,0,0,0,0,0,0,0,0,0,0,0,0,0,0,0,0,0
2024-03-02,AS,0,2024-09,Region 9,7.11,41003.37,2026-05-06T19:11:09Z,0,0,0,0,0,0,0,0,0,0,0,0,0,0,0,0,0,0,0,0,0,0,0,0,0,0,0,0,0,0,0,0,0,0,0
2024-03-09,AS,0,2024-10,Region 9,5.07,25816.440000000002,2026-05-06T19:11:09Z,0,0,0,0,0,0,0,0,0,0,0,0,0,0,0,0,0,0,0,0,0,0,0,0,0,0,0,0,0,0,0,0,0,0,0
2024-03-16,AS,0,2024-11,Region 9,4.51,22793.539999999997,2026-05-06T19:11:09Z,0,0,0,0,0,0,0,0,0,0,0,0,0,0,0,0,0,0,0,0,0,0,0,0,0,0,0,0,0,0,0,0,0,0,0
2024-03-23,AS,0,2024-12,Region 9,4.6,18004.399999999998,2026-05-06T19:11:09Z,0,0,0,0,0,0,0,0,0,0,0,0,0,0,0,0,0,0,0,0,0,0,0,0,0,0,0,0,0,0,0,0,0,0,0
2024-03-30,AS,0,2024-13,Region 9,4.47,17182.68,2026-05-06T19:11:09Z,0,0,0,0,0,0,0,0,0,0,0,0,0,0,0,0,0,0,0,0,0,0,0,0,0,0,0,0,0,0,0,0,0,0,0
2024-04-06,AS,0,2024-14,Region 9,3.71,13189.05,2026-05-06T19:11:09Z,0,0,0,0,0,0,0,0,0,0,0,0,0,0,0,0,0,0,0,0,0,0,0,0,0,0,0,0,0,0,0,0,0,0,0
2024-04-13,AS,0,2024-15,Region 9,3.67,13509.27,2026-05-06T19:11:09Z,0,0,0,0,0,0,0,0,0,0,0,0,0,0,0,0,0,0,0,0,0,0,0,0,0,0,0,0,0,0,0,0,0,0,0
2024-04-20,AS,0,2024-16,Region 9,4.36,16397.960000000003,2026-05-06T19:11:09Z,0,0,0,0,0,0,0,0,0,0,0,0,0,0,0,0,0,0,0,0,0,0,0,0,0,0,0,0,0,0,0,0,0,0,0
2024-04-27,AS,0,2024-17,Region 9,3.53,12513.849999999999,2026-05-06T19:11:09Z,0,0,0,0,0,0,0,0,0,0,0,0,0,0,0,0,0,0,0,0,0,0,0,0,0,0,0,0,0,0,0,0,0,0,0
2022-10-01,AZ,283,2022-39,Region 9,6.08,96860.48,2026-05-06T19:11:09Z,1.63,0,0,0,0,0,0,0,0,0,0,0,0,0,0,0,0.6045738066369318,0,0,0,0,0,0,0,0,0,0,0,0,0,0,0,0,0.7226190476190476,0
2022-10-08,AZ,266,2022-40,Region 9,5.25,75379.5,2026-05-06T19:11:09Z,1.61,0,0,0,0,0,0,0,0,0,0,0,0,0,0,0,0.7212955946246338,0,0,0,0,0,0,0,0,0,0,0,0,0,0,0,0,0.7833333333333333,0
2022-10-15,AZ,237,2022-41,Region 9,5.88,82860.95999999999,2026-05-06T19:11:09Z,1.56,0,0,0,0,0,0,0,0,0,0,0,0,0,0,0,0.8200363746589876,0,0,0,0,0,0,0,0,0,0,0,0,0,0,0,0,0.8523809523809525,0
2022-10-22,AZ,333,2022-42,Region 9,6.06,89603.15999999999,2026-05-06T19:11:09Z,1.98,0,0,0,0,0,0,0,0,0,0,0,0,0,0,0,0.8094109506488257,0,0,0,0,0,0,0,0,0,0,0,0,0,0,0,0,0.8630952380952381,0
2022-10-29,AZ,328,2022-43,Region 9,6.57,95652.63,2026-05-06T19:11:09Z,2,0,0,0,0,0,0,0,0,0,0,0,0,0,0,0,0.8003567459114593,0,0,0,0,0,0,0,0,0,0,0,0,0,0,0,0,0.8566666666666667,0
2022-11-05,AZ,469,2022-44,Region 9,7.23,110055.06000000001,2026-05-06T19:11:09Z,2.91,0,0,0,0,0,0,0,0,0,0,0,0,0,0,0,0.8658289488878304,0,0,0,0,0,0,0,0,0,0,0,0,0,0,0,0,0.8973809523809524,0
2022-11-12,AZ,671,2022-45,Region 9,7.34,105013.38,2026-05-06T19:11:09Z,3.92,0,0,0,0,0,0,0,0,0,0,0,0,0,0,0,0.8634593996737828,0,0,0,0,0,0,0,0,0,0,0,0,0,0,0,0,0.8826190476190476,0
2022-11-19,AZ,838,2022-46,Region 9,7.6,127718,2026-05-06T19:11:09Z,4.91,0,0,0,0,0,0,0,0,0,0,0,0,0,0,0,0.8214951861314396,0,0,0,0,0,0,0,0,0,0,0,0,0,0,0,0,0.8542857142857143,0
2022-11-26,AZ,1029,2022-47,Region 9,8.87,118245.96999999999,2026-05-06T19:11:09Z,6.12,0,0,0,0,0,0,0,0,0,0,0,0,0,0,0,0.8385229290261118,0,0,0,0,0,0,0,0,0,0,0,0,0,0,0,0,0.8776190476190476,0
2022-12-03,AZ,1170,2022-48,Region 9,10.19,188790.13,2026-05-06T19:11:09Z,5.8,0,0,0,0,0,0,0,0,0,0,0,0,0,0,0,0.9108191876326159,0,0,0,0,0,0,0,0,0,0,0,0,0,0,0,0,0.9347619047619048,0
2022-12-10,AZ,1182,2022-49,Region 9,9.84,164977.44,2026-05-06T19:11:09Z,5.14,0,0,0,0,0,0,0,0,0,0,0,0,0,0,0,0.978518490451652,0,0,0,0,0,0,0,0,0,0,0,0,0,0,0,0,0.9842857142857143,0
2022-12-17,AZ,908,2022-50,Region 9,8.86,142761.18,2026-05-06T19:11:09Z,4.13,0,0,0,0,0,0,0,0,0,0,0,0,0,0,0,1,0,0,0,0,0,0,0,0,0,0,0,0,0,0,0,0,1,0
2022-12-24,AZ,769,2022-51,Region 9,8.76,120344.87999999999,2026-05-06T19:11:09Z,3.83,0,0,0,0,0,0,0,0,0,0,0,0,0,0,0,1,0,0,0,0,0,0,0,0,0,0,0,0,0,0,0,0,1,0
2022-12-31,AZ,805,2022-52,Region 9,9.78,115648.49999999999,2026-05-06T19:11:09Z,3.61,0,0,0,0,0,0,0,0,0,0,0,0,0,0,0,1,0,0,0,0,0,0,0,0,0,0,0,0,0,0,0,0,1,0
2023-01-07,AZ,643,2023-01,Region 9,9.1,124378.79999999999,2026-05-06T19:11:09Z,2.71,0,0,0,0,0,0,0,0,0,0,0,0,0,0,0,0.8077523491967262,0,0,0,0,0,0,0,0,0,0,0,0,0,0,0,0,0.9,0
2023-01-14,AZ,540,2023-02,Region 9,7.09,87752.93,2026-05-06T19:11:09Z,1.87,0,0,0,0,0,0,0,0,0,0,0,0,0,0,0,0.8208293999624706,0,0,0,0,0,0,0,0,0,0,0,0,0,0,0,0,0.8933333333333333,0
2023-01-21,AZ,434,2023-03,Region 9,6.08,69743.68000000001,2026-05-06T19:11:09Z,1.6,0,0,0,0,0,0,0,0,0,0,0,0,0,0,0,0.8387043332034239,0,0,0,0,0,0,0,0,0,0,0,0,0,0,0,0,0.870952380952381,0
2023-01-28,AZ,356,2023-04,Region 9,5.85,64548.899999999994,2026-05-06T19:11:09Z,1.52,0,0,0,0,0,0,0,0,0,0,0,0,0,0,0,0.6857002121855108,0,0,0,0,0,0,0,0,0,0,0,0,0,0,0,0,0.7571428571428571,0
2023-02-04,AZ,343,2023-05,Region 9,6.37,69114.5,2026-05-06T19:11:09Z,1.53,0,0,0,0,0,0,0,0,0,0,0,0,0,0,0,0.7254566679657617,0,0,0,0,0,0,0,0,0,0,0,0,0,0,0,0,0.7976190476190476,0
2023-02-11,AZ,369,2023-06,Region 9,6.61,71460.71,2026-05-06T19:11:09Z,1.66,0,0,0,0,0,0,0,0,0,0,0,0,0,0,0,0.8559132276736097,0,0,0,0,0,0,0,0,0,0,0,0,0,0,0,0,0.8833333333333333,0
2023-02-18,AZ,332,2023-07,Region 9,7.13,65417.75,2026-05-06T19:11:09Z,1.85,0,0,0,0,0,0,0,0,0,0,0,0,0,0,0,0.9289430058170585,0,0,0,0,0,0,0,0,0,0,0,0,0,0,0,0,0.93714285714285706,0
2023-02-25,AZ,409,2023-08,Region 9,6.55,61720.65,2026-05-06T19:11:09Z,1.9,0,0,0,0,0,0,0,0,0,0,0,0,0,0,0,1,0,0,0,0,0,0,0,0,0,0,0,0,0,0,0,0,1,0
2023-03-04,AZ,370,2023-09,Region 9,7.35,62533.799999999996,2026-05-06T19:11:09Z,1.88,0,0,0,0,0,0,0,0,0,0,0,0,0,0,0,1,0,0,0,0,0,0,0,0,0,0,0,0,0,0,0,0,1,0
2023-03-11,AZ,403,2023-10,Region 9,6.27,58085.28,2026-05-06T19:11:09Z,1.63,0,0,0,0,0,0,0,0,0,0,0,0,0,0,0,1,0,0,0,0,0,0,0,0,0,0,0,0,0,0,0,0,1,0
2023-03-18,AZ,340,2023-11,Region 9,7.39,65519.74,2026-05-06T19:11:09Z,1.73,0,0,0,0,0,0,0,0,0,0,0,0,0,0,0,0.9189561230675963,0,0,0,0,0,0,0,0,0,0,0,0,0,0,0,0,0.9407142857142857,0
2023-03-25,AZ,363,2023-12,Region 9,6.92,59366.68,2026-05-06T19:11:09Z,1.66,0,0,0,0,0,0,0,0,0,0,0,0,0,0,0,0.9192816004849955,0,0,0,0,0,0,0,0,0,0,0,0,0,0,0,0,0.940952380952381,0
2023-04-01,AZ,297,2023-13,Region 9,7.22,57788.88,2026-05-06T19:11:09Z,1.53,0,0,0,0,0,0,0,0,0,0,0,0,0,0,0,0.9674522582600789,0,0,0,0,0,0,0,0,0,0,0,0,0,0,0,0,0.9761904761904762,0
2023-04-08,AZ,298,2023-14,Region 9,7.72,64392.52,2026-05-06T19:11:09Z,1.62,0,0,0,0,0,0,0,0,0,0,0,0,0,0,0,1,0,0,0,0,0,0,0,0,0,0,0,0,0,0,0,0,1,0
2023-04-15,AZ,332,2023-15,Region 9,6.97,57788.27,2026-05-06T19:11:09Z,1.72,0,0,0,0,0,0,0,0,0,0,0,0,0,0,0,1,0,0,0,0,0,0,0,0,0,0,0,0,0,0,0,0,1,0
2023-04-22,AZ,306,2023-16,Region 9,6.46,51027.54,2026-05-06T19:11:09Z,1.7,0,0,0,0,0,0,0,0,0,0,0,0,0,0,0,1,0,0,0,0,0,0,0,0,0,0,0,0,0,0,0,0,1,0
2023-04-29,AZ,258,2023-17,Region 9,6.03,47612.880000000005,2026-05-06T19:11:09Z,1.47,0,0,0,0,0,0,0,0,0,0,0,0,0,0,0,0.9270930585025765,0,0,0,0,0,0,0,0,0,0,0,0,0,0,0,0,0.9466666666666668,0
2023-05-06,AZ,270,2023-18,Region 9,6.11,48097.920000000006,2026-05-06T19:11:09Z,1.27,0,0,0,0,0,0,0,0,0,0,0,0,0,0,0,0.8808752652318884,0,0,0,0,0,0,0,0,0,0,0,0,0,0,0,0,0.9128571428571429,0
2023-05-13,AZ,242,2023-19,Region 9,6.22,50388.22,2026-05-06T19:11:09Z,1.23,0,0,0,0,0,0,0,0,0,0,0,0,0,0,0,0.8630105082348186,0,0,0,0,0,0,0,0,0,0,0,0,0,0,0,0,0.9133333333333333,0
2023-05-20,AZ,231,2023-20,Region 9,6.9,47085.600000000006,2026-05-06T19:11:09Z,1.17,0,0,0,0,0,0,0,0,0,0,0,0,0,0,0,0.8215519854501365,0,0,0,0,0,0,0,0,0,0,0,0,0,0,0,0,0.8857142857142857,0
2023-05-27,AZ,160,2023-21,Region 9,6.23,39024.72,2026-05-06T19:11:09Z,0.91,0,0,0,0,0,0,0,0,0,0,0,0,0,0,0,0.7385617755741278,0,0,0,0,0,0,0,0,0,0,0,0,0,0,0,0,0.8059523809523809,0
2023-06-03,AZ,174,2023-22,Region 9,5.51,34889.32,2026-05-06T19:11:09Z,0.9,0,0,0,0,0,0,0,0,0,0,0,0,0,0,0,0.5711279572453413,0,0,0,0,0,0,0,0,0,0,0,0,0,0,0,0,0.7007142857142857,0
2023-06-10,AZ,163,2023-23,Region 9,5.26,33474.64,2026-05-06T19:11:09Z,0.85,0,0,0,0,0,0,0,0,0,0,0,0,0,0,0,0.627461153451984,0,0,0,0,0,0,0,0,0,0,0,0,0,0,0,0,0.744047619047619,0
2023-06-17,AZ,141,2023-24,Region 9,6.08,36279.36,2026-05-06T19:11:09Z,0.8,0,0,0,0,0,0,0,0,0,0,0,0,0,0,0,0.6910097215606461,0,0,0,0,0,0,0,0,0,0,0,0,0,0,0,0,0.7785714285714286,0
2023-06-24,AZ,147,2023-25,Region 9,5.51,32597.16,2026-05-06T19:11:09Z,0.89,0,0,0,0,0,0,0,0,0,0,0,0,0,0,0,0.49098355923151316,0,0,0,0,0,0,0,0,0,0,0,0,0,0,0,0,0.638095238095238,0
2023-07-01,AZ,147,2023-26,Region 9,6.32,37597.68,2026-05-06T19:11:09Z,0.83,0,0,0,0,0,0,0,0,0,0,0,0,0,0,0,0.4768597987846245,0,0,0,0,0,0,0,0,0,0,0,0,0,0,0,0,0.638095238095238,0
2023-07-08,AZ,150,2023-27,Region 9,9,44802,2026-05-06T19:11:09Z,0.91,0,0,0,0,0,0,0,0,0,0,0,0,0,0,0,0.5834749346843922,0,0,0,0,0,0,0,0,0,0,0,0,0,0,0,0,0.7152380952380952,0
2023-07-15,AZ,185,2023-28,Region 9,9.5,49780,2026-05-06T19:11:09Z,0.89,0,0,0,0,0,0,0,0,0,0,0,0,0,0,0,0.7161588829226748,0,0,0,0,0,0,0,0,0,0,0,0,0,0,0,0,0.8135714285714286,0
2023-07-22,AZ,144,2023-29,Region 9,9.64,54726.280000000006,2026-05-06T19:11:09Z,0.88,0,0,0,0,0,0,0,0,0,0,0,0,0,0,0,0.8647256383608308,0,0,0,0,0,0,0,0,0,0,0,0,0,0,0,0,0.9014285714285714,0
2023-07-29,AZ,113,2023-30,Region 9,10.51,62429.4,2026-05-06T19:11:09Z,0.96,0,0,0,0,0,0,0,0,0,0,0,0,0,0,0,0.9199608828071999,0,0,0,0,0,0,0,0,0,0,0,0,0,0,0,0,0.940952380952381,0
2023-08-05,AZ,142,2023-31,Region 9,12.32,63386.4,2026-05-06T19:11:09Z,1.17,0,0,0,0,0,0,0,0,0,0,0,0,0,0,0,0.8329261933630683,0,0,0,0,0,0,0,0,0,0,0,0,0,0,0,0,0.894047619047619,0
2023-08-12,AZ,147,2023-32,Region 9,16.28,82979.16,2026-05-06T19:11:09Z,1.28,0,0,0,0,0,0,0,0,0,0,0,0,0,0,0,0.7910762099626149,0,0,0,0,0,0,0,0,0,0,0,0,0,0,0,0,0.8702380952380951,0
2023-08-19,AZ,198,2023-33,Region 9,15.98,92476.26000000001,2026-05-06T19:11:09Z,1.76,0,0,0,0,0,0,0,0,0,0,0,0,0,0,0,0.8950480123847053,0,0,0,0,0,0,0,0,0,0,0,0,0,0,0,0,0.9392857142857143,0
2023-08-26,AZ,237,2023-34,Region 9,16.22,103402.5,2026-05-06T19:11:09Z,1.7,0,0,0,0,0,0,0,0,0,0,0,0,0,0,0,0.9813502546031964,0,0,0,0,0,0,0,0,0,0,0,0,0,0,0,0,0.9908163265306122,0
2023-09-02,AZ,260,2023-35,Region 9,15.37,101626.43999999999,2026-05-06T19:11:09Z,1.79,0,0,0,0,0,0,0,0,0,0,0,0,0,0,0,1,0,0,0,0,0,0,0,0,0,0,0,0,0,0,0,0,1,0
2023-09-09,AZ,249,2023-36,Region 9,14.71,92025.76000000001,2026-05-06T19:11:09Z,1.81,0,0,0,0,0,0,0,0,0,0,0,0,0,0,0,0.9481951516755456,0,0,0,0,0,0,0,0,0,0,0,0,0,0,0,0,0.9744897959183674,0
2023-09-16,AZ,265,2023-37,Region 9,12.72,84028.32,2026-05-06T19:11:09Z,1.7,0,0,0,0,0,0,0,0,0,0,0,0,0,0,0,0.9171115892238402,0,0,0,0,0,0,0,0,0,0,0,0,0,0,0,0,0.9510204081632654,0
2023-09-23,AZ,235,2023-38,Region 9,12.95,83320.29999999999,2026-05-06T19:11:09Z,1.91,0,0,0,0,0,0,0,0,0,0,0,0,0,0,0,0.9291288764296414,0,0,0,0,0,0,0,0,0,0,0,0,0,0,0,0,0.9389795918367346,0
2023-09-30,AZ,289,2023-39,Region 9,12.06,75326.76000000001,2026-05-06T19:11:09Z,2.24,0,0,0,0,0,0,0,0,0,0,0,0,0,0,0,0.9646524343724934,0,0,0,0,0,0,0,0,0,0,0,0,0,0,0,0,0.9593877551020408,0
2023-10-07,AZ,310,2023-40,Region 9,11.38,70271.5,2026-05-06T19:11:09Z,2.26,0,0,0,0,0,0,0,0,0,0,0,0,0,0,0,1,0,0,0,0,0,0,0,0,0,0,0,0,0,0,0,0,1,0
2023-10-14,AZ,342,2023-41,Region 9,10.94,66011.95999999999,2026-05-06T19:11:09Z,2.37,0,0,0,0,0,0,0,0,0,0,0,0,0,0,0,0.9877042094068408,0,0,0,0,0,0,0,0,0,0,0,0,0,0,0,0,0.9814285714285714,0
2023-10-21,AZ,399,2023-42,Region 9,10.97,67476.47,2026-05-06T19:11:09Z,2.59,0,0,0,0,0,0,0,0,0,0,0,0,0,0,0,0.9504114818935224,0,0,0,0,0,0,0,0,0,0,0,0,0,0,0,0,0.9251020408163265,0
2023-10-28,AZ,371,2023-43,Region 9,10.46,65197.18000000001,2026-05-06T19:11:09Z,2.52,0,0,0,0,0,0,0,0,0,0,0,0,0,0,0,0.8966638894742774,0,0,0,0,0,0,0,0,0,0,0,0,0,0,0,0,0.8867346938775511,0
2023-11-04,AZ,347,2023-44,Region 9,11.23,69277.87000000001,2026-05-06T19:11:09Z,2.35,0,0,0,0,0,0,0,0,0,0,0,0,0,0,0,0.8105024267760554,0,0,0,0,0,0,0,0,0,0,0,0,0,0,0,0,0.8620408163265306,0
2023-11-11,AZ,439,2023-45,Region 9,9.95,60774.6,2026-05-06T19:11:09Z,2.87,0,0,0,0,0,0,0,0,0,0,0,0,0,0,0,0.7723404707177736,0,0,0,0,0,0,0,0,0,0,0,0,0,0,0,0,0.7877551020408162,0
2023-11-18,AZ,522,2023-46,Region 9,9.76,65030.88,2026-05-06T19:11:09Z,2.95,0,0,0,0,0,0,0,0,0,0,0,0,0,0,0,0.8730265352564573,0,0,0,0,0,0,0,0,0,0,0,0,0,0,0,0,0.8383673469387755,0
2023-11-25,AZ,507,2023-47,Region 9,10,56300,2026-05-06T19:11:09Z,2.69,0,0,0,0,0,0,0,0,0,0,0,0,0,0,0,0.9162466898317184,0,0,0,0,0,0,0,0,0,0,0,0,0,0,0,0,0.89,0
2023-12-02,AZ,482,2023-48,Region 9,11.01,76123.14,2026-05-06T19:11:09Z,2.47,0,0,0,0,0,0,0,0,0,0,0,0,0,0,0,0.9344391623334297,0,0,0,0,0,0,0,0,0,0,0,0,0,0,0,0,0.9340816326530611,0
2023-12-09,AZ,426,2023-49,Region 9,10.44,76295.51999999999,2026-05-06T19:11:09Z,2.17,0,0,0,0,0,0,0,0,0,0,0,0,0,0,0,0.8674653708613708,0,0,0,0,0,0,0,0,0,0,0,0,0,0,0,0,0.8948979591836735,0
2023-12-16,AZ,465,2023-50,Region 9,11.53,86774.78,2026-05-06T19:11:09Z,2.36,0,0,0,0,0,0,0,0,0,0,0,0,0,0,0,0.7639049121998793,0,0,0,0,0,0,0,0,0,0,0,0,0,0,0,0,0.8165306122448979,0
2023-12-23,AZ,499,2023-51,Region 9,12.1,99195.8,2026-05-06T19:11:09Z,2.71,0,0,0,0,0,0,0,0,0,0,0,0,0,0,0,0.8571934347171919,0,0,0,0,0,0,0,0,0,0,0,0,0,0,0,0,0.8946938775510205,0
2023-12-30,AZ,612,2023-52,Region 9,12.69,98131.76999999999,2026-05-06T19:11:09Z,3.02,0,0,0,0,0,0,0,0,0,0,0,0,0,0,0,1,0,0,0,0,0,0,0,0,0,0,0,0,0,0,0,0,1,0
2024-01-06,AZ,573,2024-01,Region 9,10.39,81364.09000000001,2026-05-06T19:11:09Z,2.78,0,0,0,0,0,0,0,0,0,0,0,0,0,0,0,1,0,0,0,0,0,0,0,0,0,0,0,0,0,0,0,0,1,0
2024-01-13,AZ,540,2024-02,Region 9,12.58,97381.78,2026-05-06T19:11:09Z,2.29,0,0,0,0,0,0,0,0,0,0,0,0,0,0,0,1,0,0,0,0,0,0,0,0,0,0,0,0,0,0,0,0,1,0
2024-01-20,AZ,451,2024-03,Region 9,11.62,81886.14,2026-05-06T19:11:09Z,2.18,0,0,0,0,0,0,0,0,0,0,0,0,0,0,0,1,0,0,0,0,0,0,0,0,0,0,0,0,0,0,0,0,1,0
2024-01-27,AZ,419,2024-04,Region 9,10.52,70967.92,2026-05-06T19:11:09Z,2,0,0,0,0,0,0,0,0,0,0,0,0,0,0,0,1,0,0,0,0,0,0,0,0,0,0,0,0,0,0,0,0,1,0
2024-02-03,AZ,363,2024-05,Region 9,9.66,61099.5,2026-05-06T19:11:09Z,1.82,0,0,0,0,0,0,0,0,0,0,0,0,0,0,0,1,0,0,0,0,0,0,0,0,0,0,0,0,0,0,0,0,1,0
2024-02-10,AZ,332,2024-06,Region 9,8.86,54869.979999999996,2026-05-06T19:11:09Z,1.52,0,0,0,0,0,0,0,0,0,0,0,0,0,0,0,0.9751323658901964,0,0,0,0,0,0,0,0,0,0,0,0,0,0,0,0,0.9714285714285714,0
2024-02-17,AZ,276,2024-07,Region 9,7.25,46313,2026-05-06T19:11:09Z,1.29,0,0,0,0,0,0,0,0,0,0,0,0,0,0,0,0.970691716942017,0,0,0,0,0,0,0,0,0,0,0,0,0,0,0,0,0.9663265306122448,0
2024-02-24,AZ,274,2024-08,Region 9,7.27,41991.52,2026-05-06T19:11:09Z,1.22,0,0,0,0,0,0,0,0,0,0,0,0,0,0,0,0.9786848850487398,0,0,0,0,0,0,0,0,0,0,0,0,0,0,0,0,0.9755102040816327,0
2024-03-02,AZ,217,2024-09,Region 9,7.11,41003.37,2026-05-06T19:11:09Z,0.96,0,0,0,0,0,0,0,0,0,0,0,0,0,0,0,0.9076806359443843,0,0,0,0,0,0,0,0,0,0,0,0,0,0,0,0,0.9048979591836734,0
2024-03-09,AZ,177,2024-10,Region 9,5.07,25816.440000000002,2026-05-06T19:11:09Z,0.77,0,0,0,0,0,0,0,0,0,0,0,0,0,0,0,0.8551482448960921,0,0,0,0,0,0,0,0,0,0,0,0,0,0,0,0,0.8355102040816327,0
2024-03-16,AZ,169,2024-11,Region 9,4.51,22793.539999999997,2026-05-06T19:11:09Z,0.76,0,0,0,0,0,0,0,0,0,0,0,0,0,0,0,0.885268497326544,0,0,0,0,0,0,0,0,0,0,0,0,0,0,0,0,0.8616326530612245,0
2024-03-23,AZ,139,2024-12,Region 9,4.6,18004.399999999998,2026-05-06T19:11:09Z,0.62,0,0,0,0,0,0,0,0,0,0,0,0,0,0,0,0.8693799836309013,0,0,0,0,0,0,0,0,0,0,0,0,0,0,0,0,0.8571428571428571,0
2024-03-30,AZ,131,2024-13,Region 9,4.47,17182.68,2026-05-06T19:11:09Z,0.56,0,0,0,0,0,0,0,0,0,0,0,0,0,0,0,0.7804290598877034,0,0,0,0,0,0,0,0,0,0,0,0,0,0,0,0,0.7946938775510204,0
2024-04-06,AZ,117,2024-14,Region 9,3.71,13189.05,2026-05-06T19:11:09Z,0.52,0,0,0,0,0,0,0,0,0,0,0,0,0,0,0,0.7350999217485203,0,0,0,0,0,0,0,0,0,0,0,0,0,0,0,0,0.7718367346938776,0
2024-04-13,AZ,125,2024-15,Region 9,3.67,13509.27,2026-05-06T19:11:09Z,0.55,0,0,0,0,0,0,0,0,0,0,0,0,0,0,0,0.7830528532384514,0,0,0,0,0,0,0,0,0,0,0,0,0,0,0,0,0.8334693877551022,0
2024-04-20,AZ,96,2024-16,Region 9,4.36,16397.960000000003,2026-05-06T19:11:09Z,0.46,0,0,0,0,0,0,0,0,0,0,0,0,0,0,0,0.8151591412921132,0,0,0,0,0,0,0,0,0,0,0,0,0,0,0,0,0.8663265306122448,0
2024-04-27,AZ,90,2024-17,Region 9,3.53,12513.849999999999,2026-05-06T19:11:09Z,0.49,0,0,0,0,0,0,0,0,0,0,0,0,0,0,0,0.7675666403650212,0,0,0,0,0,0,0,0,0,0,0,0,0,0,0,0,0.8040816326530613,0
2022-10-01,CA,2112,2022-39,Region 9,6.08,96860.48,2026-05-06T19:11:09Z,1.18,0,0,0,0,0,0,0,0,0,0,0,0,0,0,0,0,0,0,0,0,0,0,0,0,0,0,0,0,0,0,0,0,0,0
2022-10-08,CA,1982,2022-40,Region 9,5.25,75379.5,2026-05-06T19:11:09Z,1.1,0,0,0,0,0,0,0,0,0,0,0,0,0,0,0,0,0,0,0,0,0,0,0,0,0,0,0,0,0,0,0,0,0,0
2022-10-15,CA,1939,2022-41,Region 9,5.88,82860.95999999999,2026-05-06T19:11:09Z,1.03,0,0,0,0,0,0,0,0,0,0,0,0,0,0,0,0,0,0,0,0,0,0,0,0,0,0,0,0,0,0,0,0,0,0
2022-10-22,CA,1813,2022-42,Region 9,6.06,89603.15999999999,2026-05-06T19:11:09Z,1.08,0,0,0,0,0,0,0,0,0,0,0,0,0,0,0,0,0,0,0,0,0,0,0,0,0,0,0,0,0,0,0,0,0,0
2022-10-29,CA,1719,2022-43,Region 9,6.57,95652.63,2026-05-06T19:11:09Z,1.12,0,0,0,0,0,0,0,0,0,0,0,0,0,0,0,0,0,0,0,0,0,0,0,0,0,0,0,0,0,0,0,0,0,0
2022-11-05,CA,1915,2022-44,Region 9,7.23,110055.06000000001,2026-05-06T19:11:09Z,1.3,0,0,0,0,0,0,0,0,0,0,0,0,0,0,0,0,0,0,0,0,0,0,0,0,0,0,0,0,0,0,0,0,0,0
2022-11-12,CA,2294,2022-45,Region 9,7.34,105013.38,2026-05-06T19:11:09Z,1.56,0,0,0,0,0,0,0,0,0,0,0,0,0,0,0,0,0,0,0,0,0,0,0,0,0,0,0,0,0,0,0,0,0,0
2022-11-19,CA,2592,2022-46,Region 9,7.6,127718,2026-05-06T19:11:09Z,1.79,0,0,0,0,0,0,0,0,0,0,0,0,0,0,0,0,0,0,0,0,0,0,0,0,0,0,0,0,0,0,0,0,0,0
2022-11-26,CA,3399,2022-47,Region 9,8.87,118245.96999999999,2026-05-06T19:11:09Z,2.6,0,0,0,0,0,0,0,0,0,0,0,0,0,0,0,0,0,0,0,0,0,0,0,0,0,0,0,0,0,0,0,0,0,0
2022-12-03,CA,4640,2022-48,Region 9,10.19,188790.13,2026-05-06T19:11:09Z,3.2,0,0,0,0,0,0,0,0,0,0,0,0,0,0,0,0,0,0,0,0,0,0,0,0,0,0,0,0,0,0,0,0,0,0
2022-12-10,CA,4765,2022-49,Region 9,9.84,164977.44,2026-05-06T19:11:09Z,3.08,0,0,0,0,0,0,0,0,0,0,0,0,0,0,0,0,0,0,0,0,0,0,0,0,0,0,0,0,0,0,0,0,0,0
2022-12-17,CA,4610,2022-50,Region 9,8.86,142761.18,2026-05-06T19:11:09Z,3.05,0,0,0,0,0,0,0,0,0,0,0,0,0,0,0,0,0,0,0,0,0,0,0,0,0,0,0,0,0,0,0,0,0,0
2022-12-24,CA,4837,2022-51,Region 9,8.76,120344.87999999999,2026-05-06T19:11:09Z,3.24,0,0,0,0,0,0,0,0,0,0,0,0,0,0,0,0,0,0,0,0,0,0,0,0,0,0,0,0,0,0,0,0,0,0
2022-12-31,CA,5166,2022-52,Region 9,9.78,115648.49999999999,2026-05-06T19:11:09Z,3.65,0,0,0,0,0,0,0,0,0,0,0,0,0,0,0,0,0,0,0,0,0,0,0,0,0,0,0,0,0,0,0,0,0,0
2023-01-07,CA,4651,2023-01,Region 9,9.1,124378.79999999999,2026-05-06T19:11:09Z,2.87,0,0,0,0,0,0,0,0,0,0,0,0,0,0,0,0,0,0,0,0,0,0,0,0,0,0,0,0,0,0,0,0,0,0
2023-01-14,CA,3968,2023-02,Region 9,7.09,87752.93,2026-05-06T19:11:09Z,1.97,0,0,0,0,0,0,0,0,0,0,0,0,0,0,0,0,0,0,0,0,0,0,0,0,0,0,0,0,0,0,0,0,0,0
2023-01-21,CA,3081,2023-03,Region 9,6.08,69743.68000000001,2026-05-06T19:11:09Z,1.53,0,0,0,0,0,0,0,0,0,0,0,0,0,0,0,0,0,0,0,0,0,0,0,0,0,0,0,0,0,0,0,0,0,0
2023-01-28,CA,2678,2023-04,Region 9,5.85,64548.899999999994,2026-05-06T19:11:09Z,1.49,0,0,0,0,0,0,0,0,0,0,0,0,0,0,0,0,0,0,0,0,0,0,0,0,0,0,0,0,0,0,0,0,0,0
2023-02-04,CA,2698,2023-05,Region 9,6.37,69114.5,2026-05-06T19:11:09Z,1.6,0,0,0,0,0,0,0,0,0,0,0,0,0,0,0,0,0,0,0,0,0,0,0,0,0,0,0,0,0,0,0,0,0,0
2023-02-11,CA,2928,2023-06,Region 9,6.61,71460.71,2026-05-06T19:11:09Z,1.7,0,0,0,0,0,0,0,0,0,0,0,0,0,0,0,0,0,0,0,0,0,0,0,0,0,0,0,0,0,0,0,0,0,0
2023-02-18,CA,2889,2023-07,Region 9,7.13,65417.75,2026-05-06T19:11:09Z,1.76,0,0,0,0,0,0,0,0,0,0,0,0,0,0,0,0,0,0,0,0,0,0,0,0,0,0,0,0,0,0,0,0,0,0
2023-02-25,CA,2989,2023-08,Region 9,6.55,61720.65,2026-05-06T19:11:09Z,1.79,0,0,0,0,0,0,0,0,0,0,0,0,0,0,0,0,0,0,0,0,0,0,0,0,0,0,0,0,0,0,0,0,0,0
2023-03-04,CA,2791,2023-09,Region 9,7.35,62533.799999999996,2026-05-06T19:11:09Z,1.55,0,0,0,0,0,0,0,0,0,0,0,0,0,0,0,0,0,0,0,0,0,0,0,0,0,0,0,0,0,0,0,0,0,0
2023-03-11,CA,2582,2023-10,Region 9,6.27,58085.28,2026-05-06T19:11:09Z,1.4,0,0,0,0,0,0,0,0,0,0,0,0,0,0,0,0,0,0,0,0,0,0,0,0,0,0,0,0,0,0,0,0,0,0
2023-03-18,CA,2233,2023-11,Region 9,7.39,65519.74,2026-05-06T19:11:09Z,1.15,0,0,0,0,0,0,0,0,0,0,0,0,0,0,0,0,0,0,0,0,0,0,0,0,0,0,0,0,0,0,0,0,0,0
2023-03-25,CA,1961,2023-12,Region 9,6.92,59366.68,2026-05-06T19:11:09Z,1.01,0,0,0,0,0,0,0,0,0,0,0,0,0,0,0,0,0,0,0,0,0,0,0,0,0,0,0,0,0,0,0,0,0,0
2023-04-01,CA,1823,2023-13,Region 9,7.22,57788.88,2026-05-06T19:11:09Z,1,0,0,0,0,0,0,0,0,0,0,0,0,0,0,0,0,0,0,0,0,0,0,0,0,0,0,0,0,0,0,0,0,0,0
2023-04-08,CA,1726,2023-14,Region 9,7.72,64392.52,2026-05-06T19:11:09Z,0.96,0,0,0,0,0,0,0,0,0,0,0,0,0,0,0,0,0,0,0,0,0,0,0,0,0,0,0,0,0,0,0,0,0,0
2023-04-15,CA,1692,2023-15,Region 9,6.97,57788.27,2026-05-06T19:11:09Z,0.98,0,0,0,0,0,0,0,0,0,0,0,0,0,0,0,0,0,0,0,0,0,0,0,0,0,0,0,0,0,0,0,0,0,0
2023-04-22,CA,1582,2023-16,Region 9,6.46,51027.54,2026-05-06T19:11:09Z,0.84,0,0,0,0,0,0,0,0,0,0,0,0,0,0,0,0,0,0,0,0,0,0,0,0,0,0,0,0,0,0,0,0,0,0
2023-04-29,CA,1506,2023-17,Region 9,6.03,47612.880000000005,2026-05-06T19:11:09Z,0.77,0,0,0,0,0,0,0,0,0,0,0,0,0,0,0,0,0,0,0,0,0,0,0,0,0,0,0,0,0,0,0,0,0,0
2023-05-06,CA,1278,2023-18,Region 9,6.11,48097.920000000006,2026-05-06T19:11:09Z,0.76,0,0,0,0,0,0,0,0,0,0,0,0,0,0,0,0,0,0,0,0,0,0,0,0,0,0,0,0,0,0,0,0,0,0
2023-05-13,CA,1334,2023-19,Region 9,6.22,50388.22,2026-05-06T19:11:09Z,0.81,0,0,0,0,0,0,0,0,0,0,0,0,0,0,0,0,0,0,0,0,0,0,0,0,0,0,0,0,0,0,0,0,0,0
2023-05-20,CA,1344,2023-20,Region 9,6.9,47085.600000000006,2026-05-06T19:11:09Z,0.76,0,0,0,0,0,0,0,0,0,0,0,0,0,0,0,0,0,0,0,0,0,0,0,0,0,0,0,0,0,0,0,0,0,0
2023-05-27,CA,1335,2023-21,Region 9,6.23,39024.72,2026-05-06T19:11:09Z,0.63,0,0,0,0,0,0,0,0,0,0,0,0,0,0,0,0,0,0,0,0,0,0,0,0,0,0,0,0,0,0,0,0,0,0
2023-06-03,CA,1192,2023-22,Region 9,5.51,34889.32,2026-05-06T19:11:09Z,0.69,0,0,0,0,0,0,0,0,0,0,0,0,0,0,0,0,0,0,0,0,0,0,0,0,0,0,0,0,0,0,0,0,0,0
2023-06-10,CA,1185,2023-23,Region 9,5.26,33474.64,2026-05-06T19:11:09Z,0.68,0,0,0,0,0,0,0,0,0,0,0,0,0,0,0,0,0,0,0,0,0,0,0,0,0,0,0,0,0,0,0,0,0,0
2023-06-17,CA,1240,2023-24,Region 9,6.08,36279.36,2026-05-06T19:11:09Z,0.67,0,0,0,0,0,0,0,0,0,0,0,0,0,0,0,0,0,0,0,0,0,0,0,0,0,0,0,0,0,0,0,0,0,0
2023-06-24,CA,1147,2023-25,Region 9,5.51,32597.16,2026-05-06T19:11:09Z,0.61,0,0,0,0,0,0,0,0,0,0,0,0,0,0,0,0,0,0,0,0,0,0,0,0,0,0,0,0,0,0,0,0,0,0
2023-07-01,CA,1132,2023-26,Region 9,6.32,37597.68,2026-05-06T19:11:09Z,0.7,0,0,0,0,0,0,0,0,0,0,0,0,0,0,0,0,0,0,0,0,0,0,0,0,0,0,0,0,0,0,0,0,0,0
2023-07-08,CA,1150,2023-27,Region 9,9,44802,2026-05-06T19:11:09Z,0.78,0,0,0,0,0,0,0,0,0,0,0,0,0,0,0,0,0,0,0,0,0,0,0,0,0,0,0,0,0,0,0,0,0,0
2023-07-15,CA,1196,2023-28,Region 9,9.5,49780,2026-05-06T19:11:09Z,0.81,0,0,0,0,0,0,0,0,0,0,0,0,0,0,0,0,0,0,0,0,0,0,0,0,0,0,0,0,0,0,0,0,0,0
2023-07-22,CA,1324,2023-29,Region 9,9.64,54726.280000000006,2026-05-06T19:11:09Z,0.96,0,0,0,0,0,0,0,0,0,0,0,0,0,0,0,0,0,0,0,0,0,0,0,0,0,0,0,0,0,0,0,0,0,0
2023-07-29,CA,1385,2023-30,Region 9,10.51,62429.4,2026-05-06T19:11:09Z,1.25,0,0,0,0,0,0,0,0,0,0,0,0,0,0,0,0,0,0,0,0,0,0,0,0,0,0,0,0,0,0,0,0,0,0
2023-08-05,CA,1599,2023-31,Region 9,12.32,63386.4,2026-05-06T19:11:09Z,1.53,0,0,0,0,0,0,0,0,0,0,0,0,0,0,0,0,0,0,0,0,0,0,0,0,0,0,0,0,0,0,0,0,0,0
2023-08-12,CA,1931,2023-32,Region 9,16.28,82979.16,2026-05-06T19:11:09Z,1.81,0,0,0,0,0,0,0,0,0,0,0,0,0,0,0,0,0,0,0,0,0,0,0,0,0,0,0,0,0,0,0,0,0,0
2023-08-19,CA,2255,2023-33,Region 9,15.98,92476.26000000001,2026-05-06T19:11:09Z,2.33,0,0,0,0,0,0,0,0,0,0,0,0,0,0,0,0,0,0,0,0,0,0,0,0,0,0,0,0,0,0,0,0,0,0
2023-08-26,CA,2516,2023-34,Region 9,16.22,103402.5,2026-05-06T19:11:09Z,2.42,0,0,0,0,0,0,0,0,0,0,0,0,0,0,0,0,0,0,0,0,0,0,0,0,0,0,0,0,0,0,0,0,0,0
2023-09-02,CA,2619,2023-35,Region 9,15.37,101626.43999999999,2026-05-06T19:11:09Z,2.52,0,0,0,0,0,0,0,0,0,0,0,0,0,0,0,0,0,0,0,0,0,0,0,0,0,0,0,0,0,0,0,0,0,0
2023-09-09,CA,2703,2023-36,Region 9,14.71,92025.76000000001,2026-05-06T19:11:09Z,2.58,0,0,0,0,0,0,0,0,0,0,0,0,0,0,0,0,0,0,0,0,0,0,0,0,0,0,0,0,0,0,0,0,0,0
2023-09-16,CA,2580,2023-37,Region 9,12.72,84028.32,2026-05-06T19:11:09Z,2.06,0,0,0,0,0,0,0,0,0,0,0,0,0,0,0,0,0,0,0,0,0,0,0,0,0,0,0,0,0,0,0,0,0,0
2023-09-23,CA,2457,2023-38,Region 9,12.95,83320.29999999999,2026-05-06T19:11:09Z,1.73,0,0,0,0,0,0,0,0,0,0,0,0,0,0,0,0,0,0,0,0,0,0,0,0,0,0,0,0,0,0,0,0,0,0
2023-09-30,CA,2092,2023-39,Region 9,12.06,75326.76000000001,2026-05-06T19:11:09Z,1.43,0,0,0,0,0,0,0,0,0,0,0,0,0,0,0,0,0,0,0,0,0,0,0,0,0,0,0,0,0,0,0,0,0,0
2023-10-07,CA,1844,2023-40,Region 9,11.38,70271.5,2026-05-06T19:11:09Z,1.28,0,0,0,0,0,0,0,0,0,0,0,0,0,0,0,0,0,0,0,0,0,0,0,0,0,0,0,0,0,0,0,0,0,0
2023-10-14,CA,1738,2023-41,Region 9,10.94,66011.95999999999,2026-05-06T19:11:09Z,1.15,0,0,0,0,0,0,0,0,0,0,0,0,0,0,0,0,0,0,0,0,0,0,0,0,0,0,0,0,0,0,0,0,0,0
2023-10-21,CA,1753,2023-42,Region 9,10.97,67476.47,2026-05-06T19:11:09Z,1.18,0,0,0,0,0,0,0,0,0,0,0,0,0,0,0,0,0,0,0,0,0,0,0,0,0,0,0,0,0,0,0,0,0,0
2023-10-28,CA,1537,2023-43,Region 9,10.46,65197.18000000001,2026-05-06T19:11:09Z,1.08,0,0,0,0,0,0,0,0,0,0,0,0,0,0,0,0,0,0,0,0,0,0,0,0,0,0,0,0,0,0,0,0,0,0
2023-11-04,CA,1588,2023-44,Region 9,11.23,69277.87000000001,2026-05-06T19:11:09Z,1.06,0,0,0,0,0,0,0,0,0,0,0,0,0,0,0,0,0,0,0,0,0,0,0,0,0,0,0,0,0,0,0,0,0,0
2023-11-11,CA,1709,2023-45,Region 9,9.95,60774.6,2026-05-06T19:11:09Z,1.25,0,0,0,0,0,0,0,0,0,0,0,0,0,0,0,0,0,0,0,0,0,0,0,0,0,0,0,0,0,0,0,0,0,0
2023-11-18,CA,1951,2023-46,Region 9,9.76,65030.88,2026-05-06T19:11:09Z,1.38,0,0,0,0,0,0,0,0,0,0,0,0,0,0,0,0,0,0,0,0,0,0,0,0,0,0,0,0,0,0,0,0,0,0
2023-11-25,CA,1957,2023-47,Region 9,10,56300,2026-05-06T19:11:09Z,1.61,0,0,0,0,0,0,0,0,0,0,0,0,0,0,0,0,0,0,0,0,0,0,0,0,0,0,0,0,0,0,0,0,0,0
2023-12-02,CA,2486,2023-48,Region 9,11.01,76123.14,2026-05-06T19:11:09Z,1.64,0,0,0,0,0,0,0,0,0,0,0,0,0,0,0,0,0,0,0,0,0,0,0,0,0,0,0,0,0,0,0,0,0,0
2023-12-09,CA,2486,2023-49,Region 9,10.44,76295.51999999999,2026-05-06T19:11:09Z,1.81,0,0,0,0,0,0,0,0,0,0,0,0,0,0,0,0,0,0,0,0,0,0,0,0,0,0,0,0,0,0,0,0,0,0
2023-12-16,CA,2773,2023-50,Region 9,11.53,86774.78,2026-05-06T19:11:09Z,2.04,0,0,0,0,0,0,0,0,0,0,0,0,0,0,0,0,0,0,0,0,0,0,0,0,0,0,0,0,0,0,0,0,0,0
2023-12-23,CA,3252,2023-51,Region 9,12.1,99195.8,2026-05-06T19:11:09Z,2.52,0,0,0,0,0,0,0,0,0,0,0,0,0,0,0,0,0,0,0,0,0,0,0,0,0,0,0,0,0,0,0,0,0,0
2023-12-30,CA,3628,2023-52,Region 9,12.69,98131.76999999999,2026-05-06T19:11:09Z,2.85,0,0,0,0,0,0,0,0,0,0,0,0,0,0,0,0,0,0,0,0,0,0,0,0,0,0,0,0,0,0,0,0,0,0
2024-01-06,CA,3544,2024-01,Region 9,10.39,81364.09000000001,2026-05-06T19:11:09Z,2.65,0,0,0,0,0,0,0,0,0,0,0,0,0,0,0,0,0,0,0,0,0,0,0,0,0,0,0,0,0,0,0,0,0,0
2024-01-13,CA,3177,2024-02,Region 9,12.58,97381.78,2026-05-06T19:11:09Z,2.15,0,0,0,0,0,0,0,0,0,0,0,0,0,0,0,0,0,0,0,0,0,0,0,0,0,0,0,0,0,0,0,0,0,0
2024-01-20,CA,2956,2024-03,Region 9,11.62,81886.14,2026-05-06T19:11:09Z,1.99,0,0,0,0,0,0,0,0,0,0,0,0,0,0,0,0,0,0,0,0,0,0,0,0,0,0,0,0,0,0,0,0,0,0
2024-01-27,CA,2577,2024-04,Region 9,10.52,70967.92,2026-05-06T19:11:09Z,1.63,0,0,0,0,0,0,0,0,0,0,0,0,0,0,0,0,0,0,0,0,0,0,0,0,0,0,0,0,0,0,0,0,0,0
2024-02-03,CA,2252,2024-05,Region 9,9.66,61099.5,2026-05-06T19:11:09Z,1.51,0,0,0,0,0,0,0,0,0,0,0,0,0,0,0,0,0,0,0,0,0,0,0,0,0,0,0,0,0,0,0,0,0,0
2024-02-10,CA,1949,2024-06,Region 9,8.86,54869.979999999996,2026-05-06T19:11:09Z,1.23,0,0,0,0,0,0,0,0,0,0,0,0,0,0,0,0,0,0,0,0,0,0,0,0,0,0,0,0,0,0,0,0,0,0
2024-02-17,CA,1850,2024-07,Region 9,7.25,46313,2026-05-06T19:11:09Z,1.14,0,0,0,0,0,0,0,0,0,0,0,0,0,0,0,0,0,0,0,0,0,0,0,0,0,0,0,0,0,0,0,0,0,0
2024-02-24,CA,1561,2024-08,Region 9,7.27,41991.52,2026-05-06T19:11:09Z,0.91,0,0,0,0,0,0,0,0,0,0,0,0,0,0,0,0,0,0,0,0,0,0,0,0,0,0,0,0,0,0,0,0,0,0
2024-03-02,CA,1367,2024-09,Region 9,7.11,41003.37,2026-05-06T19:11:09Z,0.73,0,0,0,0,0,0,0,0,0,0,0,0,0,0,0,0,0,0,0,0,0,0,0,0,0,0,0,0,0,0,0,0,0,0
2024-03-09,CA,1177,2024-10,Region 9,5.07,25816.440000000002,2026-05-06T19:11:09Z,0.55,0,0,0,0,0,0,0,0,0,0,0,0,0,0,0,0,0,0,0,0,0,0,0,0,0,0,0,0,0,0,0,0,0,0
2024-03-16,CA,1021,2024-11,Region 9,4.51,22793.539999999997,2026-05-06T19:11:09Z,0.5,0,0,0,0,0,0,0,0,0,0,0,0,0,0,0,0,0,0,0,0,0,0,0,0,0,0,0,0,0,0,0,0,0,0
2024-03-23,CA,944,2024-12,Region 9,4.6,18004.399999999998,2026-05-06T19:11:09Z,0.43,0,0,0,0,0,0,0,0,0,0,0,0,0,0,0,0,0,0,0,0,0,0,0,0,0,0,0,0,0,0,0,0,0,0
2024-03-30,CA,807,2024-13,Region 9,4.47,17182.68,2026-05-06T19:11:09Z,0.4,0,0,0,0,0,0,0,0,0,0,0,0,0,0,0,0,0,0,0,0,0,0,0,0,0,0,0,0,0,0,0,0,0,0
2024-04-06,CA,737,2024-14,Region 9,3.71,13189.05,2026-05-06T19:11:09Z,0.37,0,0,0,0,0,0,0,0,0,0,0,0,0,0,0,0,0,0,0,0,0,0,0,0,0,0,0,0,0,0,0,0,0,0
2024-04-13,CA,724,2024-15,Region 9,3.67,13509.27,2026-05-06T19:11:09Z,0.32,0,0,0,0,0,0,0,0,0,0,0,0,0,0,0,0,0,0,0,0,0,0,0,0,0,0,0,0,0,0,0,0,0,0
2024-04-20,CA,643,2024-16,Region 9,4.36,16397.960000000003,2026-05-06T19:11:09Z,0.32,0,0,0,0,0,0,0,0,0,0,0,0,0,0,0,0,0,0,0,0,0,0,0,0,0,0,0,0,0,0,0,0,0,0
2024-04-27,CA,649,2024-17,Region 9,3.53,12513.849999999999,2026-05-06T19:11:09Z,0.34,0,0,0,0,0,0,0,0,0,0,0,0,0,0,0,0,0,0,0,0,0,0,0,0,0,0,0,0,0,0,0,0,0,0
2022-10-01,CO,271,2022-39,Region 8,6.41,100752.38,2026-05-06T19:11:09Z,1.61,0,0,0,0,0,0,0,0,0,0,0,0,1,0,0,0.9121672167719812,0,0,0,0,0,0,0,0,0,0,0,0,0,1,0,0,0.8,0
2022-10-08,CO,236,2022-40,Region 8,6.19,88331.3,2026-05-06T19:11:09Z,1.54,0,0,0,0,0,0,0,0,0,0,0,0,1,0,0,0.9121672167719812,0,0,0,0,0,0,0,0,0,0,0,0,0,1,0,0,0.8,0
2022-10-15,CO,263,2022-41,Region 8,8.49,114648.96,2026-05-06T19:11:09Z,1.7,0,0,0,0,0,0,0,0,0,0,0,0,1,0,0,0.9121672167719812,0,0,0,0,0,0,0,0,0,0,0,0,0,1,0,0,0.8,0
2022-10-22,CO,301,2022-42,Region 8,7.33,91559.03,2026-05-06T19:11:09Z,1.98,0,0,0,0,0,0,0,0,0,0,0,0,1,0,0,0.9121672167719812,0,0,0,0,0,0,0,0,0,0,0,0,0,1,0,0,0.8,0
2022-10-29,CO,376,2022-43,Region 8,8.14,93325.1,2026-05-06T19:11:09Z,2.16,0,0,0,0,0,0,0,0,0,0,0,0,1,0,0,0.9121672167719812,0,0,0,0,0,0,0,0,0,0,0,0,0,1,0,0,0.8,0
2022-11-05,CO,500,2022-44,Region 8,9.67,106360.33,2026-05-06T19:11:09Z,2.84,0,0,0,0,0,0,0,0,0,0,0,0,1,0,0,0.9121672167719812,0,0,0,0,0,0,0,0,0,0,0,0,0,1,0,0,0.8,0
2022-11-12,CO,596,2022-45,Region 8,10.76,118994.84,2026-05-06T19:11:09Z,3.13,0,0,0,0,0,0,0,0,0,0,0,0,1,0,0,0.9121672167719812,0,0,0,0,0,0,0,0,0,0,0,0,0,1,0,0,0.8,0
2022-11-19,CO,692,2022-46,Region 8,9.69,126939,2026-05-06T19:11:09Z,3.47,0,0,0,0,0,0,0,0,0,0,0,0,1,0,0,0.9121672167719812,0,0,0,0,0,0,0,0,0,0,0,0,0,1,0,0,0.8,0
2022-11-26,CO,780,2022-47,Region 8,10.66,122952.44,2026-05-06T19:11:09Z,3.72,0,0,0,0,0,0,0,0,0,0,0,0,1,0,0,0.9121672167719812,0,0,0,0,0,0,0,0,0,0,0,0,0,1,0,0,0.8,0
2022-12-03,CO,850,2022-48,Region 8,10.39,145304.15,2026-05-06T19:11:09Z,3.53,0,0,0,0,0,0,0,0,0,0,0,0,1,0,0,0.9121672167719812,0,0,0,0,0,0,0,0,0,0,0,0,0,1,0,0,0.8,0
2022-12-10,CO,695,2022-49,Region 8,8.69,116915.26,2026-05-06T19:11:09Z,3.05,0,0,0,0,0,0,0,0,0,0,0,0,1,0,0,0.9121672167719812,0,0,0,0,0,0,0,0,0,0,0,0,0,1,0,0,0.8,0
2022-12-17,CO,584,2022-50,Region 8,7.94,100441,2026-05-06T19:11:09Z,2.58,0,0,0,0,0,0,0,0,0,0,0,0,1,0,0,0.9121672167719812,0,0,0,0,0,0,0,0,0,0,0,0,0,1,0,0,0.8,0
2022-12-24,CO,550,2022-51,Region 8,8.56,83297.36,2026-05-06T19:11:09Z,2.25,0,0,0,0,0,0,0,0,0,0,0,0,1,0,0,0.9121672167719812,0,0,0,0,0,0,0,0,0,0,0,0,0,1,0,0,0.8,0
2022-12-31,CO,513,2022-52,Region 8,7.72,75123.31999999999,2026-05-06T19:11:09Z,2.24,0,0,0,0,0,0,0,0,0,0,0,0,1,0,0,0.9121672167719812,0,0,0,0,0,0,0,0,0,0,0,0,0,1,0,0,0.8,0
2023-01-07,CO,432,2023-01,Region 8,7.05,61158.75,2026-05-06T19:11:09Z,1.74,0,0,0,0,0,0,0,0,0,0,0,0,1,0,0,0.9121672167719812,0,0,0,0,0,0,0,0,0,0,0,0,0,1,0,0,0.8,0
2023-01-14,CO,312,2023-02,Region 8,5.74,47263.16,2026-05-06T19:11:09Z,1.2,0,0,0,0,0,0,0,0,0,0,0,0,1,0,0,0.9121672167719812,0,0,0,0,0,0,0,0,0,0,0,0,0,1,0,0,0.8,0
2023-01-21,CO,282,2023-03,Region 8,6.57,52185.51,2026-05-06T19:11:09Z,1.37,0,0,0,0,0,0,0,0,0,0,0,0,1,0,0,0.9121672167719812,0,0,0,0,0,0,0,0,0,0,0,0,0,1,0,0,0.8,0
2023-01-28,CO,268,2023-04,Region 8,7.26,52206.659999999996,2026-05-06T19:11:09Z,1.29,0,0,0,0,0,0,0,0,0,0,0,0,1,0,0,0.9121672167719812,0,0,0,0,0,0,0,0,0,0,0,0,0,1,0,0,0.8,0
2023-02-04,CO,274,2023-05,Region 8,7.67,51028.51,2026-05-06T19:11:09Z,1.51,0,0,0,0,0,0,0,0,0,0,0,0,1,0,0,0.9121672167719812,0,0,0,0,0,0,0,0,0,0,0,0,0,1,0,0,0.8,0
2023-02-11,CO,294,2023-06,Region 8,9.34,62587.34,2026-05-06T19:11:09Z,1.8,0,0,0,0,0,0,0,0,0,0,0,0,1,0,0,0.9121672167719812,0,0,0,0,0,0,0,0,0,0,0,0,0,1,0,0,0.8,0
2023-02-18,CO,313,2023-07,Region 8,8.49,56483.97,2026-05-06T19:11:09Z,1.96,0,0,0,0,0,0,0,0,0,0,0,0,1,0,0,0.9121672167719812,0,0,0,0,0,0,0,0,0,0,0,0,0,1,0,0,0.8,0
2023-02-25,CO,349,2023-08,Region 8,8.89,53082.19,2026-05-06T19:11:09Z,1.9,0,0,0,0,0,0,0,0,0,0,0,0,1,0,0,0.9121672167719812,0,0,0,0,0,0,0,0,0,0,0,0,0,1,0,0,0.8,0
2023-03-04,CO,332,2023-09,Region 8,7.73,45722.950000000004,2026-05-06T19:11:09Z,1.75,0,0,0,0,0,0,0,0,0,0,0,0,1,0,0,0.9121672167719812,0,0,0,0,0,0,0,0,0,0,0,0,0,1,0,0,0.8,0
2023-03-11,CO,301,2023-10,Region 8,7.84,44695.84,2026-05-06T19:11:09Z,1.58,0,0,0,0,0,0,0,0,0,0,0,0,1,0,0,0.9121672167719812,0,0,0,0,0,0,0,0,0,0,0,0,0,1,0,0,0.8,0
2023-03-18,CO,300,2023-11,Region 8,7.15,40898,2026-05-06T19:11:09Z,1.35,0,0,0,0,0,0,0,0,0,0,0,0,1,0,0,0.9121672167719812,0,0,0,0,0,0,0,0,0,0,0,0,0,1,0,0,0.8,0
2023-03-25,CO,292,2023-12,Region 8,6.9,41496.6,2026-05-06T19:11:09Z,1.48,0,0,0,0,0,0,0,0,0,0,0,0,1,0,0,0.9121672167719812,0,0,0,0,0,0,0,0,0,0,0,0,0,1,0,0,0.8,0
2023-04-01,CO,265,2023-13,Region 8,6.42,33191.4,2026-05-06T19:11:09Z,1.36,0,0,0,0,0,0,0,0,0,0,0,0,1,0,0,0.9121672167719812,0,0,0,0,0,0,0,0,0,0,0,0,0,1,0,0,0.8,0
2023-04-08,CO,242,2023-14,Region 8,6.63,27892.41,2026-05-06T19:11:09Z,1.13,0,0,0,0,0,0,0,0,0,0,0,0,1,0,0,0.9121672167719812,0,0,0,0,0,0,0,0,0,0,0,0,0,1,0,0,0.8,0
2023-04-15,CO,257,2023-15,Region 8,5.56,24792.039999999997,2026-05-06T19:11:09Z,1.08,0,0,0,0,0,0,0,0,0,0,0,0,1,0,0,0.9121672167719812,0,0,0,0,0,0,0,0,0,0,0,0,0,1,0,0,0.8,0
2023-04-22,CO,200,2023-16,Region 8,4.68,17718.48,2026-05-06T19:11:09Z,0.82,0,0,0,0,0,0,0,0,0,0,0,0,1,0,0,0.9121672167719812,0,0,0,0,0,0,0,0,0,0,0,0,0,1,0,0,0.8,0
2023-04-29,CO,142,2023-17,Region 8,5.06,19900.98,2026-05-06T19:11:09Z,0.7,0,0,0,0,0,0,0,0,0,0,0,0,1,0,0,0.9121672167719812,0,0,0,0,0,0,0,0,0,0,0,0,0,1,0,0,0.8,0
2023-05-06,CO,165,2023-18,Region 8,5.05,16513.5,2026-05-06T19:11:09Z,0.7,0,0,0,0,0,0,0,0,0,0,0,0,1,0,0,0.9121672167719812,0,0,0,0,0,0,0,0,0,0,0,0,0,1,0,0,0.8,0
2023-05-13,CO,133,2023-19,Region 8,4.16,12105.6,2026-05-06T19:11:09Z,0.71,0,0,0,0,0,0,0,0,0,0,0,0,1,0,0,0.9121672167719812,0,0,0,0,0,0,0,0,0,0,0,0,0,1,0,0,0.8,0
2023-05-20,CO,141,2023-20,Region 8,4.82,11404.12,2026-05-06T19:11:09Z,0.63,0,0,0,0,0,0,0,0,0,0,0,0,1,0,0,0.9121672167719812,0,0,0,0,0,0,0,0,0,0,0,0,0,1,0,0,0.8,0
2023-05-27,CO,126,2023-21,Region 8,4.68,10796.76,2026-05-06T19:11:09Z,0.6,0,0,0,0,0,0,0,0,0,0,0,0,0.9446428571428571,0,0,0.9121672167719812,0,0,0,0,0,0,0,0,0,0,0,0,0,0.9335714285714286,0,0,0.8,0
2023-06-03,CO,103,2023-22,Region 8,3.55,8101.0999999999995,2026-05-06T19:11:09Z,0.37,0,0,0,0,0,0,0,0,0,0,0,0,0.9238095238095237,0,0,0.9121672167719812,0,0,0,0,0,0,0,0,0,0,0,0,0,0.9085714285714286,0,0,0.8,0
2023-06-10,CO,96,2023-23,Region 8,3.32,6500.5599999999995,2026-05-06T19:11:09Z,0.39,0,0,0,0,0,0,0,0,0,0,0,0,0.9779761904761906,0,0,0.9121672167719812,0,0,0,0,0,0,0,0,0,0,0,0,0,0.9735714285714286,0,0,0.8,0
2023-06-17,CO,76,2023-24,Region 8,3.47,6707.51,2026-05-06T19:11:09Z,0.41,0,0,0,0,0,0,0,0,0,0,0,0,1,0,0,0.9121672167719812,0,0,0,0,0,0,0,0,0,0,0,0,0,1,0,0,0.8,0
2023-06-24,CO,97,2023-25,Region 8,3.81,7490.46,2026-05-06T19:11:09Z,0.39,0,0,0,0,0,0,0,0,0,0,0,0,1,0,0,0.9121672167719812,0,0,0,0,0,0,0,0,0,0,0,0,0,1,0,0,0.8,0
2023-07-01,CO,83,2023-26,Region 8,4.77,8891.279999999999,2026-05-06T19:11:09Z,0.42,0,0,0,0,0,0,0,0,0,0,0,0,1,0,0,0.9121672167719812,0,0,0,0,0,0,0,0,0,0,0,0,0,1,0,0,0.8,0
2023-07-08,CO,58,2023-27,Region 8,6.36,9692.640000000001,2026-05-06T19:11:09Z,0.41,0,0,0,0,0,0,0,0,0,0,0,0,1,0,0,0.9121672167719812,0,0,0,0,0,0,0,0,0,0,0,0,0,1,0,0,0.8,0
2023-07-15,CO,84,2023-28,Region 8,7.12,11306.56,2026-05-06T19:11:09Z,0.48,0,0,0,0,0,0,0,0,0,0,0,0,1,0,0,0.9121672167719812,0,0,0,0,0,0,0,0,0,0,0,0,0,1,0,0,0.8,0
2023-07-22,CO,91,2023-29,Region 8,7.07,10795.890000000001,2026-05-06T19:11:09Z,0.5,0,0,0,0,0,0,0,0,0,0,0,0,1,0,0,0.9121672167719812,0,0,0,0,0,0,0,0,0,0,0,0,0,1,0,0,0.8,0
2023-07-29,CO,82,2023-30,Region 8,8.06,12992.720000000001,2026-05-06T19:11:09Z,0.63,0,0,0,0,0,0,0,0,0,0,0,0,1,0,0,0.9121672167719812,0,0,0,0,0,0,0,0,0,0,0,0,0,1,0,0,0.8,0
2023-08-05,CO,112,2023-31,Region 8,9.38,15008.000000000002,2026-05-06T19:11:09Z,0.7,0,0,0,0,0,0,0,0,0,0,0,0,1,0,0,0.9121672167719812,0,0,0,0,0,0,0,0,0,0,0,0,0,1,0,0,0.8,0
2023-08-12,CO,133,2023-32,Region 8,12.72,22298.16,2026-05-06T19:11:09Z,0.95,0,0,0,0,0,0,0,0,0,0,0,0,1,0,0,0.9121672167719812,0,0,0,0,0,0,0,0,0,0,0,0,0,1,0,0,0.8,0
2023-08-19,CO,144,2023-33,Region 8,13.11,27399.899999999998,2026-05-06T19:11:09Z,1.1,0,0,0,0,0,0,0,0,0,0,0,0,1,0,0,0.9121672167719812,0,0,0,0,0,0,0,0,0,0,0,0,0,1,0,0,0.8,0
2023-08-26,CO,187,2023-34,Region 8,14.91,33010.74,2026-05-06T19:11:09Z,1.42,0,0,0,0,0,0,0,0,0,0,0,0,1,0,0,0.9121672167719812,0,0,0,0,0,0,0,0,0,0,0,0,0,1,0,0,0.8,0
2023-09-02,CO,237,2023-35,Region 8,12.78,35694.54,2026-05-06T19:11:09Z,1.59,0,0,0,0,0,0,0,0,0,0,0,0,1,0,0,0.9121672167719812,0,0,0,0,0,0,0,0,0,0,0,0,0,1,0,0,0.8,0
2023-09-09,CO,252,2023-36,Region 8,13.18,42202.36,2026-05-06T19:11:09Z,1.77,0,0,0,0,0,0,0,0,0,0,0,0,1,0,0,0.9121672167719812,0,0,0,0,0,0,0,0,0,0,0,0,0,1,0,0,0.8,0
2023-09-16,CO,296,2023-37,Region 8,14.09,45186.63,2026-05-06T19:11:09Z,1.65,0,0,0,0,0,0,0,0,0,0,0,0,1,0,0,0.9121672167719812,0,0,0,0,0,0,0,0,0,0,0,0,0,1,0,0,0.8,0
2023-09-23,CO,284,2023-38,Region 8,11.96,42792.880000000005,2026-05-06T19:11:09Z,1.86,0,0,0,0,0,0,0,0,0,0,0,0,1,0,0,0.9121672167719812,0,0,0,0,0,0,0,0,0,0,0,0,0,1,0,0,0.8,0
2023-09-30,CO,318,2023-39,Region 8,13.59,46803.96,2026-05-06T19:11:09Z,1.99,0,0,0,0,0,0,0,0,0,0,0,0,1,0,0,0.9121672167719812,0,0,0,0,0,0,0,0,0,0,0,0,0,1,0,0,0.8,0
2023-10-07,CO,316,2023-40,Region 8,14.66,47996.840000000004,2026-05-06T19:11:09Z,2.05,0,0,0,0,0,0,0,0,0,0,0,0,1,0,0,0.9121672167719812,0,0,0,0,0,0,0,0,0,0,0,0,0,1,0,0,0.8,0
2023-10-14,CO,412,2023-41,Region 8,14.53,50288.329999999994,2026-05-06T19:11:09Z,2.32,0,0,0,0,0,0,0,0,0,0,0,0,1,0,0,0.9121672167719812,0,0,0,0,0,0,0,0,0,0,0,0,0,1,0,0,0.8,0
2023-10-21,CO,415,2023-42,Region 8,14.43,44805.15,2026-05-06T19:11:09Z,2.46,0,0,0,0,0,0,0,0,0,0,0,0,1,0,0,0.9121672167719812,0,0,0,0,0,0,0,0,0,0,0,0,0,1,0,0,0.8,0
2023-10-28,CO,461,2023-43,Region 8,13.03,37787,2026-05-06T19:11:09Z,2.36,0,0,0,0,0,0,0,0,0,0,0,0,1,0,0,0.9121672167719812,0,0,0,0,0,0,0,0,0,0,0,0,0,1,0,0,0.8,0
2023-11-04,CO,437,2023-44,Region 8,12.65,36292.85,2026-05-06T19:11:09Z,2.44,0,0,0,0,0,0,0,0,0,0,0,0,1,0,0,0.9121672167719812,0,0,0,0,0,0,0,0,0,0,0,0,0,1,0,0,0.8,0
2023-11-11,CO,452,2023-45,Region 8,14.2,46789,2026-05-06T19:11:09Z,2.55,0,0,0,0,0,0,0,0,0,0,0,0,1,0,0,0.9121672167719812,0,0,0,0,0,0,0,0,0,0,0,0,0,1,0,0,0.8,0
2023-11-18,CO,504,2023-46,Region 8,14,60718,2026-05-06T19:11:09Z,2.59,0,0,0,0,0,0,0,0,0,0,0,0,1,0,0,0.9121672167719812,0,0,0,0,0,0,0,0,0,0,0,0,0,1,0,0,0.8,0
2023-11-25,CO,484,2023-47,Region 8,12.63,54498.450000000004,2026-05-06T19:11:09Z,2.75,0,0,0,0,0,0,0,0,0,0,0,0,1,0,0,0.9121672167719812,0,0,0,0,0,0,0,0,0,0,0,0,0,1,0,0,0.8,0
2023-12-02,CO,501,2023-48,Region 8,12.63,62518.50000000001,2026-05-06T19:11:09Z,2.6,0,0,0,0,0,0,0,0,0,0,0,0,1,0,0,0.9121672167719812,0,0,0,0,0,0,0,0,0,0,0,0,0,1,0,0,0.8,0
2023-12-09,CO,458,2023-49,Region 8,11.07,49704.3,2026-05-06T19:11:09Z,2.3,0,0,0,0,0,0,0,0,0,0,0,0,1,0,0,0.9121672167719812,0,0,0,0,0,0,0,0,0,0,0,0,0,1,0,0,0.8,0
2023-12-16,CO,402,2023-50,Region 8,10.76,56274.799999999996,2026-05-06T19:11:09Z,2.02,0,0,0,0,0,0,0,0,0,0,0,0,1,0,0,0.9121672167719812,0,0,0,0,0,0,0,0,0,0,0,0,0,1,0,0,0.8,0
2023-12-23,CO,426,2023-51,Region 8,9.78,53701.979999999996,2026-05-06T19:11:09Z,1.98,0,0,0,0,0,0,0,0,0,0,0,0,1,0,0,0.9121672167719812,0,0,0,0,0,0,0,0,0,0,0,0,0,1,0,0,0.8,0
2023-12-30,CO,454,2023-52,Region 8,11.09,57789.99,2026-05-06T19:11:09Z,2.38,0,0,0,0,0,0,0,0,0,0,0,0,1,0,0,0.9121672167719812,0,0,0,0,0,0,0,0,0,0,0,0,0,1,0,0,0.8,0
2024-01-06,CO,466,2024-01,Region 8,9.77,51399.97,2026-05-06T19:11:09Z,2.16,0,0,0,0,0,0,0,0,0,0,0,0,1,0,0,0.9121672167719812,0,0,0,0,0,0,0,0,0,0,0,0,0,1,0,0,0.8,0
2024-01-13,CO,431,2024-02,Region 8,9.44,45208.159999999996,2026-05-06T19:11:09Z,1.76,0,0,0,0,0,0,0,0,0,0,0,0,1,0,0,0.9121672167719812,0,0,0,0,0,0,0,0,0,0,0,0,0,1,0,0,0.8,0
2024-01-20,CO,326,2024-03,Region 8,9.17,38816.61,2026-05-06T19:11:09Z,1.61,0,0,0,0,0,0,0,0,0,0,0,0,1,0,0,0.9121672167719812,0,0,0,0,0,0,0,0,0,0,0,0,0,1,0,0,0.8,0
2024-01-27,CO,271,2024-04,Region 8,8.24,35720.4,2026-05-06T19:11:09Z,1.32,0,0,0,0,0,0,0,0,0,0,0,0,1,0,0,0.9121672167719812,0,0,0,0,0,0,0,0,0,0,0,0,0,1,0,0,0.8,0
2024-02-03,CO,256,2024-05,Region 8,9.33,39913.74,2026-05-06T19:11:09Z,1.42,0,0,0,0,0,0,0,0,0,0,0,0,1,0,0,0.9121672167719812,0,0,0,0,0,0,0,0,0,0,0,0,0,1,0,0,0.8,0
2024-02-10,CO,225,2024-06,Region 8,7.18,30787.84,2026-05-06T19:11:09Z,1.15,0,0,0,0,0,0,0,0,0,0,0,0,1,0,0,0.9121672167719812,0,0,0,0,0,0,0,0,0,0,0,0,0,1,0,0,0.8,0
2024-02-17,CO,220,2024-07,Region 8,6.89,26485.16,2026-05-06T19:11:09Z,1.02,0,0,0,0,0,0,0,0,0,0,0,0,1,0,0,0.9121672167719812,0,0,0,0,0,0,0,0,0,0,0,0,0,1,0,0,0.8,0
2024-02-24,CO,181,2024-08,Region 8,6.79,25102.63,2026-05-06T19:11:09Z,0.99,0,0,0,0,0,0,0,0,0,0,0,0,1,0,0,0.9121672167719812,0,0,0,0,0,0,0,0,0,0,0,0,0,1,0,0,0.8,0
2024-03-02,CO,134,2024-09,Region 8,5.03,18495.31,2026-05-06T19:11:09Z,0.86,0,0,0,0,0,0,0,0,0,0,0,0,1,0,0,0.9121672167719812,0,0,0,0,0,0,0,0,0,0,0,0,0,1,0,0,0.8,0
2024-03-09,CO,128,2024-10,Region 8,4.71,16216.53,2026-05-06T19:11:09Z,0.7,0,0,0,0,0,0,0,0,0,0,0,0,1,0,0,0.9121672167719812,0,0,0,0,0,0,0,0,0,0,0,0,0,1,0,0,0.8,0
2024-03-16,CO,110,2024-11,Region 8,5,16410,2026-05-06T19:11:09Z,0.65,0,0,0,0,0,0,0,0,0,0,0,0,1,0,0,0.9121672167719812,0,0,0,0,0,0,0,0,0,0,0,0,0,1,0,0,0.8,0
2024-03-23,CO,111,2024-12,Region 8,3.65,10902.55,2026-05-06T19:11:09Z,0.52,0,0,0,0,0,0,0,0,0,0,0,0,1,0,0,0.9121672167719812,0,0,0,0,0,0,0,0,0,0,0,0,0,1,0,0,0.8,0
2024-03-30,CO,118,2024-13,Region 8,3.47,9608.43,2026-05-06T19:11:09Z,0.47,0,0,0,0,0,0,0,0,0,0,0,0,1,0,0,0.9121672167719812,0,0,0,0,0,0,0,0,0,0,0,0,0,1,0,0,0.8,0
2024-04-06,CO,85,2024-14,Region 8,4.33,11703.99,2026-05-06T19:11:09Z,0.43,0,0,0,0,0,0,0,0,0,0,0,0,1,0,0,0.9121672167719812,0,0,0,0,0,0,0,0,0,0,0,0,0,1,0,0,0.8,0
2024-04-13,CO,81,2024-15,Region 8,3,8187,2026-05-06T19:11:09Z,0.34,0,0,0,0,0,0,0,0,0,0,0,0,1,0,0,0.9121672167719812,0,0,0,0,0,0,0,0,0,0,0,0,0,1,0,0,0.8,0
2024-04-20,CO,56,2024-16,Region 8,3.11,7597.73,2026-05-06T19:11:09Z,0.38,0,0,0,0,0,0,0,0,0,0,0,0,1,0,0,0.9121672167719812,0,0,0,0,0,0,0,0,0,0,0,0,0,1,0,0,0.8,0
2024-04-27,CO,78,2024-17,Region 8,2.72,5989.4400000000005,2026-05-06T19:11:09Z,0.37,0,0,0,0,0,0,0,0,0,0,0,0,1,0,0,0.9121672167719812,0,0,0,0,0,0,0,0,0,0,0,0,0,1,0,0,0.8,0
2022-10-01,CT,480,2022-39,Region 1,8.51,207107.87,2026-05-06T19:11:09Z,3.37,0,0,0,0,0,0,0,0,0,0,0,0,1,0,0,1,0,0,0,0,0,0,0,0,0,0,0,0,0,1,0,0,1,0
2022-10-08,CT,490,2022-40,Region 1,8.36,200104.96,2026-05-06T19:11:09Z,3.33,0,0,0,0,0,0,0,0,0,0,0,0,1,0,0,1,0,0,0,0,0,0,0,0,0,0,0,0,0,1,0,0,1,0
2022-10-15,CT,505,2022-41,Region 1,8.59,196333.04,2026-05-06T19:11:09Z,3.09,0,0,0,0,0,0,0,0,0,0,0,0,1,0,0,1,0,0,0,0,0,0,0,0,0,0,0,0,0,1,0,0,1,0
2022-10-22,CT,511,2022-42,Region 1,7.76,174801.76,2026-05-06T19:11:09Z,2.76,0,0,0,0,0,0,0,0,0,0,0,0,1,0,0,1,0,0,0,0,0,0,0,0,0,0,0,0,0,1,0,0,1,0
2022-10-29,CT,462,2022-43,Region 1,6.93,161787.78,2026-05-06T19:11:09Z,2.69,0,0,0,0,0,0,0,0,0,0,0,0,1,0,0,1,0,0,0,0,0,0,0,0,0,0,0,0,0,1,0,0,1,0
2022-11-05,CT,436,2022-44,Region 1,6.2,144013.6,2026-05-06T19:11:09Z,2.56,0,0,0,0,0,0,0,0,0,0,0,0,1,0,0,1,0,0,0,0,0,0,0,0,0,0,0,0,0,1,0,0,1,0
2022-11-12,CT,412,2022-45,Region 1,5.7,122629.8,2026-05-06T19:11:09Z,2.31,0,0,0,0,0,0,0,0,0,0,0,0,1,0,0,1,0,0,0,0,0,0,0,0,0,0,0,0,0,1,0,0,1,0
2022-11-19,CT,411,2022-46,Region 1,5.11,110815.46,2026-05-06T19:11:09Z,2.2,0,0,0,0,0,0,0,0,0,0,0,0,1,0,0,1,0,0,0,0,0,0,0,0,0,0,0,0,0,1,0,0,1,0
2022-11-26,CT,409,2022-47,Region 1,6.36,121088.04000000001,2026-05-06T19:11:09Z,2.52,0,0,0,0,0,0,0,0,0,0,0,0,1,0,0,1,0,0,0,0,0,0,0,0,0,0,0,0,0,1,0,0,1,0
2022-12-03,CT,528,2022-48,Region 1,7.48,181247.88,2026-05-06T19:11:09Z,3.21,0,0,0,0,0,0,0,0,0,0,0,0,1,0,0,1,0,0,0,0,0,0,0,0,0,0,0,0,0,1,0,0,1,0
2022-12-10,CT,508,2022-49,Region 1,7.63,175276.36,2026-05-06T19:11:09Z,3.36,0,0,0,0,0,0,0,0,0,0,0,0,1,0,0,1,0,0,0,0,0,0,0,0,0,0,0,0,0,1,0,0,1,0
2022-12-17,CT,609,2022-50,Region 1,8.23,195890.46000000002,2026-05-06T19:11:09Z,3.82,0,0,0,0,0,0,0,0,0,0,0,0,1,0,0,1,0,0,0,0,0,0,0,0,0,0,0,0,0,1,0,0,1,0
2022-12-24,CT,633,2022-51,Region 1,9.84,220780.08,2026-05-06T19:11:09Z,4.63,0,0,0,0,0,0,0,0,0,0,0,0,1,0,0,1,0,0,0,0,0,0,0,0,0,0,0,0,0,1,0,0,1,0
2022-12-31,CT,808,2022-52,Region 1,11.66,219744.36000000002,2026-05-06T19:11:09Z,5.46,0,0,0,0,0,0,0,0,0,0,0,0,1,0,0,1,0,0,0,0,0,0,0,0,0,0,0,0,0,1,0,0,1,0
2023-01-07,CT,795,2023-01,Region 1,11,214742,2026-05-06T19:11:09Z,4.73,0,0,0,0,0,0,0,0,0,0,0,0,1,0,0,1,0,0,0,0,0,0,0,0,0,0,0,0,0,1,0,0,1,0
2023-01-14,CT,787,2023-02,Region 1,10.56,196320.96000000002,2026-05-06T19:11:09Z,3.77,0,0,0,0,0,0,0,0,0,0,0,0,1,0,0,1,0,0,0,0,0,0,0,0,0,0,0,0,0,1,0,0,1,0
2023-01-21,CT,648,2023-03,Region 1,9.39,165151.32,2026-05-06T19:11:09Z,3.1,0,0,0,0,0,0,0,0,0,0,0,0,1,0,0,1,0,0,0,0,0,0,0,0,0,0,0,0,0,1,0,0,1,0
2023-01-28,CT,531,2023-04,Region 1,8.37,150936.21,2026-05-06T19:11:09Z,2.78,0,0,0,0,0,0,0,0,0,0,0,0,1,0,0,1,0,0,0,0,0,0,0,0,0,0,0,0,0,1,0,0,1,0
2023-02-04,CT,499,2023-05,Region 1,7.49,126064.19,2026-05-06T19:11:09Z,2.39,0,0,0,0,0,0,0,0,0,0,0,0,1,0,0,1,0,0,0,0,0,0,0,0,0,0,0,0,0,1,0,0,1,0
2023-02-11,CT,388,2023-06,Region 1,7.34,126057.16,2026-05-06T19:11:09Z,2.2,0,0,0,0,0,0,0,0,0,0,0,0,1,0,0,1,0,0,0,0,0,0,0,0,0,0,0,0,0,1,0,0,1,0
2023-02-18,CT,392,2023-07,Region 1,6.75,111381.75,2026-05-06T19:11:09Z,1.8,0,0,0,0,0,0,0,0,0,0,0,0,1,0,0,1,0,0,0,0,0,0,0,0,0,0,0,0,0,1,0,0,1,0
2023-02-25,CT,376,2023-08,Region 1,6.87,104245.38,2026-05-06T19:11:09Z,1.6,0,0,0,0,0,0,0,0,0,0,0,0,1,0,0,1,0,0,0,0,0,0,0,0,0,0,0,0,0,1,0,0,1,0
2023-03-04,CT,326,2023-09,Region 1,5.33,79939.34,2026-05-06T19:11:09Z,1.29,0,0,0,0,0,0,0,0,0,0,0,0,1,0,0,1,0,0,0,0,0,0,0,0,0,0,0,0,0,1,0,0,1,0
2023-03-11,CT,270,2023-10,Region 1,4.58,67880.18000000001,2026-05-06T19:11:09Z,1.07,0,0,0,0,0,0,0,0,0,0,0,0,1,0,0,1,0,0,0,0,0,0,0,0,0,0,0,0,0,1,0,0,1,0
2023-03-18,CT,210,2023-11,Region 1,4.57,60068.08,2026-05-06T19:11:09Z,0.91,0,0,0,0,0,0,0,0,0,0,0,0,1,0,0,1,0,0,0,0,0,0,0,0,0,0,0,0,0,1,0,0,1,0
2023-03-25,CT,172,2023-12,Region 1,4.24,55548.240000000005,2026-05-06T19:11:09Z,0.83,0,0,0,0,0,0,0,0,0,0,0,0,1,0,0,1,0,0,0,0,0,0,0,0,0,0,0,0,0,1,0,0,1,0
2023-04-01,CT,170,2023-13,Region 1,3.54,43120.74,2026-05-06T19:11:09Z,0.87,0,0,0,0,0,0,0,0,0,0,0,0,1,0,0,1,0,0,0,0,0,0,0,0,0,0,0,0,0,1,0,0,1,0
2023-04-08,CT,161,2023-14,Region 1,3.18,37342.740000000005,2026-05-06T19:11:09Z,0.78,0,0,0,0,0,0,0,0,0,0,0,0,1,0,0,1,0,0,0,0,0,0,0,0,0,0,0,0,0,1,0,0,1,0
2023-04-15,CT,133,2023-15,Region 1,2.94,31757.88,2026-05-06T19:11:09Z,0.61,0,0,0,0,0,0,0,0,0,0,0,0,1,0,0,1,0,0,0,0,0,0,0,0,0,0,0,0,0,1,0,0,1,0
2023-04-22,CT,136,2023-16,Region 1,2.98,26822.98,2026-05-06T19:11:09Z,0.51,0,0,0,0,0,0,0,0,0,0,0,0,1,0,0,1,0,0,0,0,0,0,0,0,0,0,0,0,0,1,0,0,1,0
2023-04-29,CT,120,2023-17,Region 1,2.94,24460.8,2026-05-06T19:11:09Z,0.51,0,0,0,0,0,0,0,0,0,0,0,0,1,0,0,1,0,0,0,0,0,0,0,0,0,0,0,0,0,1,0,0,1,0
2023-05-06,CT,98,2023-18,Region 1,3.27,18475.5,2026-05-06T19:11:09Z,0.47,0,0,0,0,0,0,0,0,0,0,0,0,1,0,0,1,0,0,0,0,0,0,0,0,0,0,0,0,0,1,0,0,1,0
2023-05-13,CT,87,2023-19,Region 1,3.31,16715.5,2026-05-06T19:11:09Z,0.47,0,0,0,0,0,0,0,0,0,0,0,0,1,0,0,1,0,0,0,0,0,0,0,0,0,0,0,0,0,1,0,0,1,0
2023-05-20,CT,87,2023-20,Region 1,4.18,18897.78,2026-05-06T19:11:09Z,0.44,0,0,0,0,0,0,0,0,0,0,0,0,1,0,0,1,0,0,0,0,0,0,0,0,0,0,0,0,0,1,0,0,1,0
2023-05-27,CT,83,2023-21,Region 1,4.86,21709.620000000003,2026-05-06T19:11:09Z,0.58,0,0,0,0,0,0,0,0,0,0,0,0,1,0,0,1,0,0,0,0,0,0,0,0,0,0,0,0,0,1,0,0,1,0
2023-06-03,CT,95,2023-22,Region 1,3.73,14103.13,2026-05-06T19:11:09Z,0.55,0,0,0,0,0,0,0,0,0,0,0,0,1,0,0,1,0,0,0,0,0,0,0,0,0,0,0,0,0,1,0,0,1,0
2023-06-10,CT,87,2023-23,Region 1,4.32,16182.720000000001,2026-05-06T19:11:09Z,0.41,0,0,0,0,0,0,0,0,0,0,0,0,1,0,0,1,0,0,0,0,0,0,0,0,0,0,0,0,0,1,0,0,1,0
2023-06-17,CT,83,2023-24,Region 1,3.24,11408.04,2026-05-06T19:11:09Z,0.43,0,0,0,0,0,0,0,0,0,0,0,0,1,0,0,1,0,0,0,0,0,0,0,0,0,0,0,0,0,1,0,0,1,0
2023-06-24,CT,69,2023-25,Region 1,3.35,9986.35,2026-05-06T19:11:09Z,0.45,0,0,0,0,0,0,0,0,0,0,0,0,1,0,0,1,0,0,0,0,0,0,0,0,0,0,0,0,0,1,0,0,1,0
2023-07-01,CT,79,2023-26,Region 1,3.8,9792.6,2026-05-06T19:11:09Z,0.39,0,0,0,0,0,0,0,0,0,0,0,0,1,0,0,1,0,0,0,0,0,0,0,0,0,0,0,0,0,1,0,0,1,0
2023-07-08,CT,66,2023-27,Region 1,4.77,11400.3,2026-05-06T19:11:09Z,0.42,0,0,0,0,0,0,0,0,0,0,0,0,1,0,0,1,0,0,0,0,0,0,0,0,0,0,0,0,0,1,0,0,1,0
2023-07-15,CT,79,2023-28,Region 1,6,15690,2026-05-06T19:11:09Z,0.46,0,0,0,0,0,0,0,0,0,0,0,0,1,0,0,1,0,0,0,0,0,0,0,0,0,0,0,0,0,1,0,0,1,0
2023-07-22,CT,96,2023-29,Region 1,5.97,14208.599999999999,2026-05-06T19:11:09Z,0.52,0,0,0,0,0,0,0,0,0,0,0,0,1,0,0,1,0,0,0,0,0,0,0,0,0,0,0,0,0,1,0,0,1,0
2023-07-29,CT,101,2023-30,Region 1,8.05,20994.4,2026-05-06T19:11:09Z,0.75,0,0,0,0,0,0,0,0,0,0,0,0,1,0,0,1,0,0,0,0,0,0,0,0,0,0,0,0,0,1,0,0,1,0
2023-08-05,CT,118,2023-31,Region 1,9.87,27211.589999999997,2026-05-06T19:11:09Z,1.03,0,0,0,0,0,0,0,0,0,0,0,0,1,0,0,1,0,0,0,0,0,0,0,0,0,0,0,0,0,1,0,0,1,0
2023-08-12,CT,161,2023-32,Region 1,10.66,34996.78,2026-05-06T19:11:09Z,1.32,0,0,0,0,0,0,0,0,0,0,0,0,1,0,0,1,0,0,0,0,0,0,0,0,0,0,0,0,0,1,0,0,1,0
2023-08-19,CT,181,2023-33,Region 1,10.03,37883.31,2026-05-06T19:11:09Z,1.53,0,0,0,0,0,0,0,0,0,0,0,0,1,0,0,1,0,0,0,0,0,0,0,0,0,0,0,0,0,1,0,0,1,0
2023-08-26,CT,182,2023-34,Region 1,11.03,41704.43,2026-05-06T19:11:09Z,1.73,0,0,0,0,0,0,0,0,0,0,0,0,1,0,0,1,0,0,0,0,0,0,0,0,0,0,0,0,0,1,0,0,1,0
2023-09-02,CT,191,2023-35,Region 1,12.93,51500.19,2026-05-06T19:11:09Z,1.97,0,0,0,0,0,0,0,0,0,0,0,0,1,0,0,1,0,0,0,0,0,0,0,0,0,0,0,0,0,1,0,0,1,0
2023-09-09,CT,197,2023-36,Region 1,13.36,62190.799999999996,2026-05-06T19:11:09Z,2.36,0,0,0,0,0,0,0,0,0,0,0,0,1,0,0,1,0,0,0,0,0,0,0,0,0,0,0,0,0,1,0,0,1,0
2023-09-16,CT,209,2023-37,Region 1,12.07,57694.6,2026-05-06T19:11:09Z,2.27,0,0,0,0,0,0,0,0,0,0,0,0,1,0,0,1,0,0,0,0,0,0,0,0,0,0,0,0,0,1,0,0,1,0
2023-09-23,CT,285,2023-38,Region 1,10.41,54277.74,2026-05-06T19:11:09Z,2.39,0,0,0,0,0,0,0,0,0,0,0,0,1,0,0,1,0,0,0,0,0,0,0,0,0,0,0,0,0,1,0,0,1,0
2023-09-30,CT,260,2023-39,Region 1,10.39,56978.76,2026-05-06T19:11:09Z,2.23,0,0,0,0,0,0,0,0,0,0,0,0,1,0,0,1,0,0,0,0,0,0,0,0,0,0,0,0,0,1,0,0,1,0
2023-10-07,CT,229,2023-40,Region 1,11.33,60876.090000000004,2026-05-06T19:11:09Z,1.98,0,0,0,0,0,0,0,0,0,0,0,0,1,0,0,1,0,0,0,0,0,0,0,0,0,0,0,0,0,1,0,0,1,0
2023-10-14,CT,242,2023-41,Region 1,9.68,50181.119999999995,2026-05-06T19:11:09Z,1.6,0,0,0,0,0,0,0,0,0,0,0,0,1,0,0,1,0,0,0,0,0,0,0,0,0,0,0,0,0,1,0,0,1,0
2023-10-21,CT,214,2023-42,Region 1,8.4,43990.8,2026-05-06T19:11:09Z,1.51,0,0,0,0,0,0,0,0,0,0,0,0,1,0,0,1,0,0,0,0,0,0,0,0,0,0,0,0,0,1,0,0,1,0
2023-10-28,CT,200,2023-43,Region 1,8.93,46114.52,2026-05-06T19:11:09Z,1.56,0,0,0,0,0,0,0,0,0,0,0,0,1,0,0,1,0,0,0,0,0,0,0,0,0,0,0,0,0,1,0,0,1,0
2023-11-04,CT,178,2023-44,Region 1,7.6,41990,2026-05-06T19:11:09Z,1.49,0,0,0,0,0,0,0,0,0,0,0,0,1,0,0,1,0,0,0,0,0,0,0,0,0,0,0,0,0,1,0,0,1,0
2023-11-11,CT,199,2023-45,Region 1,8.77,51295.729999999996,2026-05-06T19:11:09Z,1.63,0,0,0,0,0,0,0,0,0,0,0,0,1,0,0,1,0,0,0,0,0,0,0,0,0,0,0,0,0,1,0,0,1,0
2023-11-18,CT,254,2023-46,Region 1,8.45,52398.45,2026-05-06T19:11:09Z,1.69,0,0,0,0,0,0,0,0,0,0,0,0,1,0,0,1,0,0,0,0,0,0,0,0,0,0,0,0,0,1,0,0,1,0
2023-11-25,CT,294,2023-47,Region 1,10.34,62588.02,2026-05-06T19:11:09Z,2.18,0,0,0,0,0,0,0,0,0,0,0,0,1,0,0,1,0,0,0,0,0,0,0,0,0,0,0,0,0,1,0,0,1,0
2023-12-02,CT,321,2023-48,Region 1,11.54,81587.79999999999,2026-05-06T19:11:09Z,2.45,0,0,0,0,0,0,0,0,0,0,0,0,1,0,0,1,0,0,0,0,0,0,0,0,0,0,0,0,0,1,0,0,1,0
2023-12-09,CT,324,2023-49,Region 1,11.42,84199.66,2026-05-06T19:11:09Z,2.33,0,0,0,0,0,0,0,0,0,0,0,0,1,0,0,1,0,0,0,0,0,0,0,0,0,0,0,0,0,1,0,0,1,0
2023-12-16,CT,334,2023-50,Region 1,11.25,87693.75,2026-05-06T19:11:09Z,3.05,0,0,0,0,0,0,0,0,0,0,0,0,1,0,0,1,0,0,0,0,0,0,0,0,0,0,0,0,0,1,0,0,1,0
2023-12-23,CT,361,2023-51,Region 1,13.88,118507.44,2026-05-06T19:11:09Z,3.8,0,0,0,0,0,0,0,0,0,0,0,0,1,0,0,1,0,0,0,0,0,0,0,0,0,0,0,0,0,1,0,0,1,0
2023-12-30,CT,464,2023-52,Region 1,15.14,137955.68,2026-05-06T19:11:09Z,4.89,0,0,0,0,0,0,0,0,0,0,0,0,1,0,0,1,0,0,0,0,0,0,0,0,0,0,0,0,0,1,0,0,1,0
2024-01-06,CT,405,2024-01,Region 1,16.33,141287.15999999997,2026-05-06T19:11:09Z,4.59,0,0,0,0,0,0,0,0,0,0,0,0,1,0,0,1,0,0,0,0,0,0,0,0,0,0,0,0,0,1,0,0,1,0
2024-01-13,CT,477,2024-02,Region 1,14.9,113418.8,2026-05-06T19:11:09Z,3.55,0,0,0,0,0,0,0,0,0,0,0,0,1,0,0,1,0,0,0,0,0,0,0,0,0,0,0,0,0,1,0,0,1,0
2024-01-20,CT,372,2024-03,Region 1,13.1,78311.8,2026-05-06T19:11:09Z,2.87,0,0,0,0,0,0,0,0,0,0,0,0,1,0,0,1,0,0,0,0,0,0,0,0,0,0,0,0,0,1,0,0,1,0
2024-01-27,CT,353,2024-04,Region 1,11.94,69896.76,2026-05-06T19:11:09Z,2.57,0,0,0,0,0,0,0,0,0,0,0,0,1,0,0,1,0,0,0,0,0,0,0,0,0,0,0,0,0,1,0,0,1,0
2024-02-03,CT,262,2024-05,Region 1,9.56,58096.12,2026-05-06T19:11:09Z,2.21,0,0,0,0,0,0,0,0,0,0,0,0,1,0,0,1,0,0,0,0,0,0,0,0,0,0,0,0,0,1,0,0,1,0
2024-02-10,CT,243,2024-06,Region 1,8.85,55383.299999999996,2026-05-06T19:11:09Z,1.97,0,0,0,0,0,0,0,0,0,0,0,0,1,0,0,1,0,0,0,0,0,0,0,0,0,0,0,0,0,1,0,0,1,0
2024-02-17,CT,231,2024-07,Region 1,8.49,50829.630000000005,2026-05-06T19:11:09Z,1.76,0,0,0,0,0,0,0,0,0,0,0,0,1,0,0,1,0,0,0,0,0,0,0,0,0,0,0,0,0,1,0,0,1,0
2024-02-24,CT,199,2024-08,Region 1,7.06,40573.82,2026-05-06T19:11:09Z,1.47,0,0,0,0,0,0,0,0,0,0,0,0,1,0,0,1,0,0,0,0,0,0,0,0,0,0,0,0,0,1,0,0,1,0
2024-03-02,CT,173,2024-09,Region 1,6.32,34602,2026-05-06T19:11:09Z,1.16,0,0,0,0,0,0,0,0,0,0,0,0,1,0,0,1,0,0,0,0,0,0,0,0,0,0,0,0,0,1,0,0,1,0
2024-03-09,CT,161,2024-10,Region 1,5.38,28514,2026-05-06T19:11:09Z,0.94,0,0,0,0,0,0,0,0,0,0,0,0,1,0,0,1,0,0,0,0,0,0,0,0,0,0,0,0,0,1,0,0,1,0
2024-03-16,CT,116,2024-11,Region 1,4.55,22718.149999999998,2026-05-06T19:11:09Z,0.7,0,0,0,0,0,0,0,0,0,0,0,0,1,0,0,0.889816192203452,0,0,0,0,0,0,0,0,0,0,0,0,0,1,0,0,0.8821428571428572,0
2024-03-23,CT,82,2024-12,Region 1,3.77,17707.69,2026-05-06T19:11:09Z,0.6,0,0,0,0,0,0,0,0,0,0,0,0,1,0,0,0.889816192203452,0,0,0,0,0,0,0,0,0,0,0,0,0,1,0,0,0.8821428571428572,0
2024-03-30,CT,63,2024-13,Region 1,3.94,18100.36,2026-05-06T19:11:09Z,0.56,0,0,0,0,0,0,0,0,0,0,0,0,0.9563141278610892,0,0,0.8731216758706417,0,0,0,0,0,0,0,0,0,0,0,0,0,0.9035714285714286,0,0,0.8642857142857143,0
2024-04-06,CT,89,2024-14,Region 1,3.4,15589,2026-05-06T19:11:09Z,0.48,0,0,0,0,0,0,0,0,0,0,0,0,0.9223362273086031,0,0,0.889816192203452,0,0,0,0,0,0,0,0,0,0,0,0,0,0.8285714285714286,0,0,0.8821428571428572,0
2024-04-13,CT,59,2024-15,Region 1,3.41,14478.86,2026-05-06T19:11:09Z,0.44,0,0,0,0,0,0,0,0,0,0,0,0,0.8899763220205209,0,0,0.9923371916286683,0,0,0,0,0,0,0,0,0,0,0,0,0,0.7571428571428572,0,0,0.9904761904761905,0
2024-04-20,CT,55,2024-16,Region 1,2.88,10503.359999999999,2026-05-06T19:11:09Z,0.37,0,0,0,0,0,0,0,0,0,0,0,0,0.8721783741120757,0,0,1,0,0,0,0,0,0,0,0,0,0,0,0,0,0.7178571428571427,0,0,1,0
2024-04-27,CT,44,2024-17,Region 1,3.34,12782.18,2026-05-06T19:11:09Z,0.37,0,0,0,0,0,0,0,0,0,0,0,0,0.8867403314917126,0,0,1,0,0,0,0,0,0,0,0,0,0,0,0,0,0.75,0,0,1,0
2022-10-01,DC,88,2022-39,Region 3,6.56,59505.759999999995,2026-05-06T19:11:09Z,1.75,0,0,0,0,0,0,0,0,0,0,0,0,0,0,0,0,0,0,0,0,0,0,0,0,0,0,0,0,0,0,0,0,0,0
2022-10-08,DC,68,2022-40,Region 3,6.53,59305.46,2026-05-06T19:11:09Z,1.44,0,0,0,0,0,0,0,0,0,0,0,0,0,0,0,0,0,0,0,0,0,0,0,0,0,0,0,0,0,0,0,0,0,0
2022-10-15,DC,70,2022-41,Region 3,6.42,58556.82,2026-05-06T19:11:09Z,1.23,0,0,0,0,0,0,0,0,0,0,0,0,0,0,0,0,0,0,0,0,0,0,0,0,0,0,0,0,0,0,0,0,0,0
2022-10-22,DC,76,2022-42,Region 3,5.81,53167.31,2026-05-06T19:11:09Z,1.6,0,0,0,0,0,0,0,0,0,0,0,0,0,0,0,0,0,0,0,0,0,0,0,0,0,0,0,0,0,0,0,0,0,0
2022-10-29,DC,66,2022-43,Region 3,6.07,58915.420000000006,2026-05-06T19:11:09Z,1.67,0,0,0,0,0,0,0,0,0,0,0,0,0,0,0,0,0,0,0,0,0,0,0,0,0,0,0,0,0,0,0,0,0,0
2022-11-05,DC,100,2022-44,Region 3,6.33,65236.98,2026-05-06T19:11:09Z,1.93,0,0,0,0,0,0,0,0,0,0,0,0,0,0,0,0,0,0,0,0,0,0,0,0,0,0,0,0,0,0,0,0,0,0
2022-11-12,DC,89,2022-45,Region 3,5.7,59302.8,2026-05-06T19:11:09Z,1.7,0,0,0,0,0,0,0,0,0,0,0,0,0,0,0,0,0,0,0,0,0,0,0,0,0,0,0,0,0,0,0,0,0,0
2022-11-19,DC,76,2022-46,Region 3,5.58,56307.78,2026-05-06T19:11:09Z,2.09,0,0,0,0,0,0,0,0,0,0,0,0,0,0,0,0,0,0,0,0,0,0,0,0,0,0,0,0,0,0,0,0,0,0
2022-11-26,DC,74,2022-47,Region 3,5.69,53423.41,2026-05-06T19:11:09Z,2.51,0,0,0,0,0,0,0,0,0,0,0,0,0,0,0,0,0,0,0,0,0,0,0,0,0,0,0,0,0,0,0,0,0,0
2022-12-03,DC,118,2022-48,Region 3,6.54,70703.94,2026-05-06T19:11:09Z,2.58,0,0,0,0,0,0,0,0,0,0,0,0,0,0,0,0,0,0,0,0,0,0,0,0,0,0,0,0,0,0,0,0,0,0
2022-12-10,DC,126,2022-49,Region 3,7.12,73150.88,2026-05-06T19:11:09Z,3.34,0,0,0,0,0,0,0,0,0,0,0,0,0,0,0,0,0,0,0,0,0,0,0,0,0,0,0,0,0,0,0,0,0,0
2022-12-17,DC,127,2022-50,Region 3,7.92,66583.44,2026-05-06T19:11:09Z,3.86,0,0,0,0,0,0,0,0,0,0,0,0,0,0,0,0,0,0,0,0,0,0,0,0,0,0,0,0,0,0,0,0,0,0
2022-12-24,DC,151,2022-51,Region 3,8.66,78736.72,2026-05-06T19:11:09Z,4.55,0,0,0,0,0,0,0,0,0,0,0,0,0,0,0,0,0,0,0,0,0,0,0,0,0,0,0,0,0,0,0,0,0,0
2022-12-31,DC,154,2022-52,Region 3,10.04,86876.12,2026-05-06T19:11:09Z,5.27,0,0,0,0,0,0,0,0,0,0,0,0,0,0,0,0,0,0,0,0,0,0,0,0,0,0,0,0,0,0,0,0,0,0
2023-01-07,DC,179,2023-01,Region 3,11.23,98037.90000000001,2026-05-06T19:11:09Z,4.06,0,0,0,0,0,0,0,0,0,0,0,0,0,0,0,0,0,0,0,0,0,0,0,0,0,0,0,0,0,0,0,0,0,0
2023-01-14,DC,159,2023-02,Region 3,9.02,75885.26,2026-05-06T19:11:09Z,3.77,0,0,0,0,0,0,0,0,0,0,0,0,0,0,0,0,0,0,0,0,0,0,0,0,0,0,0,0,0,0,0,0,0,0
2023-01-21,DC,152,2023-03,Region 3,9.4,70518.8,2026-05-06T19:11:09Z,3.02,0,0,0,0,0,0,0,0,0,0,0,0,0,0,0,0,0,0,0,0,0,0,0,0,0,0,0,0,0,0,0,0,0,0
2023-01-28,DC,97,2023-04,Region 3,9.67,73501.67,2026-05-06T19:11:09Z,2.64,0,0,0,0,0,0,0,0,0,0,0,0,0,0,0,0,0,0,0,0,0,0,0,0,0,0,0,0,0,0,0,0,0,0
2023-02-04,DC,103,2023-05,Region 3,8.91,59296.05,2026-05-06T19:11:09Z,2.02,0,0,0,0,0,0,0,0,0,0,0,0,0,0,0,0,0,0,0,0,0,0,0,0,0,0,0,0,0,0,0,0,0,0
2023-02-11,DC,99,2023-06,Region 3,8.01,50703.299999999996,2026-05-06T19:11:09Z,1.91,0,0,0,0,0,0,0,0,0,0,0,0,0,0,0,0,0,0,0,0,0,0,0,0,0,0,0,0,0,0,0,0,0,0
2023-02-18,DC,61,2023-07,Region 3,8.52,50080.56,2026-05-06T19:11:09Z,1.78,0,0,0,0,0,0,0,0,0,0,0,0,0,0,0,0,0,0,0,0,0,0,0,0,0,0,0,0,0,0,0,0,0,0
2023-02-25,DC,67,2023-08,Region 3,8.04,44911.439999999995,2026-05-06T19:11:09Z,1.27,0,0,0,0,0,0,0,0,0,0,0,0,0,0,0,0,0,0,0,0,0,0,0,0,0,0,0,0,0,0,0,0,0,0
2023-03-04,DC,70,2023-09,Region 3,7.07,36509.48,2026-05-06T19:11:09Z,1.12,0,0,0,0,0,0,0,0,0,0,0,0,0,0,0,0,0,0,0,0,0,0,0,0,0,0,0,0,0,0,0,0,0,0
2023-03-11,DC,40,2023-10,Region 3,5.77,33315.979999999996,2026-05-06T19:11:09Z,0.66,0,0,0,0,0,0,0,0,0,0,0,0,0,0,0,0,0,0,0,0,0,0,0,0,0,0,0,0,0,0,0,0,0,0
2023-03-18,DC,47,2023-11,Region 3,5.62,27807.760000000002,2026-05-06T19:11:09Z,0.7,0,0,0,0,0,0,0,0,0,0,0,0,0,0,0,0,0,0,0,0,0,0,0,0,0,0,0,0,0,0,0,0,0,0
2023-03-25,DC,42,2023-12,Region 3,6.22,28786.16,2026-05-06T19:11:09Z,0.82,0,0,0,0,0,0,0,0,0,0,0,0,0,0,0,0,0,0,0,0,0,0,0,0,0,0,0,0,0,0,0,0,0,0
2023-04-01,DC,48,2023-13,Region 3,4.42,20601.62,2026-05-06T19:11:09Z,0.65,0,0,0,0,0,0,0,0,0,0,0,0,0,0,0,0,0,0,0,0,0,0,0,0,0,0,0,0,0,0,0,0,0,0
2023-04-08,DC,30,2023-14,Region 3,4.07,17586.47,2026-05-06T19:11:09Z,0.67,0,0,0,0,0,0,0,0,0,0,0,0,0,0,0,0,0,0,0,0,0,0,0,0,0,0,0,0,0,0,0,0,0,0
2023-04-15,DC,40,2023-15,Region 3,2.63,13589.21,2026-05-06T19:11:09Z,0.48,0,0,0,0,0,0,0,0,0,0,0,0,0,0,0,0,0,0,0,0,0,0,0,0,0,0,0,0,0,0,0,0,0,0
2023-04-22,DC,26,2023-16,Region 3,2.57,10881.38,2026-05-06T19:11:09Z,0.4,0,0,0,0,0,0,0,0,0,0,0,0,0,0,0,0,0,0,0,0,0,0,0,0,0,0,0,0,0,0,0,0,0,0
2023-04-29,DC,13,2023-17,Region 3,2.3,9512.8,2026-05-06T19:11:09Z,0.35,0,0,0,0,0,0,0,0,0,0,0,0,0,0,0,0,0,0,0,0,0,0,0,0,0,0,0,0,0,0,0,0,0,0
2023-05-06,DC,19,2023-18,Region 3,2.16,8694,2026-05-06T19:11:09Z,0.45,0,0,0,0,0,0,0,0,0,0,0,0,0,0,0,0,0,0,0,0,0,0,0,0,0,0,0,0,0,0,0,0,0,0
2023-05-13,DC,18,2023-19,Region 3,1.99,8415.71,2026-05-06T19:11:09Z,0.44,0,0,0,0,0,0,0,0,0,0,0,0,0,0,0,0,0,0,0,0,0,0,0,0,0,0,0,0,0,0,0,0,0,0
2023-05-20,DC,21,2023-20,Region 3,2.25,8401.5,2026-05-06T19:11:09Z,0.45,0,0,0,0,0,0,0,0,0,0,0,0,0,0,0,0,0,0,0,0,0,0,0,0,0,0,0,0,0,0,0,0,0,0
2023-05-27,DC,16,2023-21,Region 3,1.89,6216.21,2026-05-06T19:11:09Z,0.46,0,0,0,0,0,0,0,0,0,0,0,0,0,0,0,0,0,0,0,0,0,0,0,0,0,0,0,0,0,0,0,0,0,0
2023-06-03,DC,13,2023-22,Region 3,1.97,5508.12,2026-05-06T19:11:09Z,0.33,0,0,0,0,0,0,0,0,0,0,0,0,0,0,0,0,0,0,0,0,0,0,0,0,0,0,0,0,0,0,0,0,0,0
2023-06-10,DC,19,2023-23,Region 3,1.93,5295.92,2026-05-06T19:11:09Z,0.49,0,0,0,0,0,0,0,0,0,0,0,0,0,0,0,0,0,0,0,0,0,0,0,0,0,0,0,0,0,0,0,0,0,0
2023-06-17,DC,16,2023-24,Region 3,2.26,5103.08,2026-05-06T19:11:09Z,0.31,0,0,0,0,0,0,0,0,0,0,0,0,0,0,0,0,0,0,0,0,0,0,0,0,0,0,0,0,0,0,0,0,0,0
2023-06-24,DC,14,2023-25,Region 3,1.85,3997.8500000000004,2026-05-06T19:11:09Z,0.5,0,0,0,0,0,0,0,0,0,0,0,0,0,0,0,0,0,0,0,0,0,0,0,0,0,0,0,0,0,0,0,0,0,0
2023-07-01,DC,15,2023-26,Region 3,2.94,5397.84,2026-05-06T19:11:09Z,0.49,0,0,0,0,0,0,0,0,0,0,0,0,0,0,0,0,0,0,0,0,0,0,0,0,0,0,0,0,0,0,0,0,0,0
2023-07-08,DC,14,2023-27,Region 3,3.23,6492.3,2026-05-06T19:11:09Z,0.57,0,0,0,0,0,0,0,0,0,0,0,0,0,0,0,0,0,0,0,0,0,0,0,0,0,0,0,0,0,0,0,0,0,0
2023-07-15,DC,29,2023-28,Region 3,3.08,7090.16,2026-05-06T19:11:09Z,0.48,0,0,0,0,0,0,0,0,0,0,0,0,0,0,0,0,0,0,0,0,0,0,0,0,0,0,0,0,0,0,0,0,0,0
2023-07-22,DC,25,2023-29,Region 3,3.32,7589.5199999999995,2026-05-06T19:11:09Z,0.49,0,0,0,0,0,0,0,0,0,0,0,0,0,0,0,0,0,0,0,0,0,0,0,0,0,0,0,0,0,0,0,0,0,0
2023-07-29,DC,15,2023-30,Region 3,6.57,10893.060000000001,2026-05-06T19:11:09Z,0.71,0,0,0,0,0,0,0,0,0,0,0,0,0,0,0,0,0,0,0,0,0,0,0,0,0,0,0,0,0,0,0,0,0,0
2023-08-05,DC,28,2023-31,Region 3,7.32,13205.28,2026-05-06T19:11:09Z,1,0,0,0,0,0,0,0,0,0,0,0,0,0,0,0,0,0,0,0,0,0,0,0,0,0,0,0,0,0,0,0,0,0,0
2023-08-12,DC,41,2023-32,Region 3,7.34,17608.66,2026-05-06T19:11:09Z,1.27,0,0,0,0,0,0,0,0,0,0,0,0,0,0,0,0,0,0,0,0,0,0,0,0,0,0,0,0,0,0,0,0,0,0
2023-08-19,DC,29,2023-33,Region 3,8.04,19111.079999999998,2026-05-06T19:11:09Z,1.52,0,0,0,0,0,0,0,0,0,0,0,0,0,0,0,0,0,0,0,0,0,0,0,0,0,0,0,0,0,0,0,0,0,0
2023-08-26,DC,40,2023-34,Region 3,10.96,25788.88,2026-05-06T19:11:09Z,1.86,0,0,0,0,0,0,0,0,0,0,0,0,0,0,0,0,0,0,0,0,0,0,0,0,0,0,0,0,0,0,0,0,0,0
2023-09-02,DC,72,2023-35,Region 3,12.46,36109.08,2026-05-06T19:11:09Z,2.23,0,0,0,0,0,0,0,0,0,0,0,0,0,0,0,0,0,0,0,0,0,0,0,0,0,0,0,0,0,0,0,0,0,0
2023-09-09,DC,66,2023-36,Region 3,11.01,44502.42,2026-05-06T19:11:09Z,2.74,0,0,0,0,0,0,0,0,0,0,0,0,0,0,0,0,0,0,0,0,0,0,0,0,0,0,0,0,0,0,0,0,0,0
2023-09-16,DC,64,2023-37,Region 3,8.84,39010.92,2026-05-06T19:11:09Z,2.27,0,0,0,0,0,0,0,0,0,0,0,0,0,0,0,0,0,0,0,0,0,0,0,0,0,0,0,0,0,0,0,0,0,0
2023-09-23,DC,68,2023-38,Region 3,9.02,41311.6,2026-05-06T19:11:09Z,2.04,0,0,0,0,0,0,0,0,0,0,0,0,0,0,0,0,0,0,0,0,0,0,0,0,0,0,0,0,0,0,0,0,0,0
2023-09-30,DC,55,2023-39,Region 3,7.97,37092.38,2026-05-06T19:11:09Z,1.47,0,0,0,0,0,0,0,0,0,0,0,0,0,0,0,0,0,0,0,0,0,0,0,0,0,0,0,0,0,0,0,0,0,0
2023-10-07,DC,48,2023-40,Region 3,7.41,33782.19,2026-05-06T19:11:09Z,1.18,0,0,0,0,0,0,0,0,0,0,0,0,0,0,0,0,0,0,0,0,0,0,0,0,0,0,0,0,0,0,0,0,0,0
2023-10-14,DC,46,2023-41,Region 3,5.74,25904.620000000003,2026-05-06T19:11:09Z,1.1,0,0,0,0,0,0,0,0,0,0,0,0,0,0,0,0,0,0,0,0,0,0,0,0,0,0,0,0,0,0,0,0,0,0
2023-10-21,DC,51,2023-42,Region 3,5.82,26702.16,2026-05-06T19:11:09Z,1.28,0,0,0,0,0,0,0,0,0,0,0,0,0,0,0,0,0,0,0,0,0,0,0,0,0,0,0,0,0,0,0,0,0,0
2023-10-28,DC,44,2023-43,Region 3,6.26,29115.26,2026-05-06T19:11:09Z,1.16,0,0,0,0,0,0,0,0,0,0,0,0,0,0,0,0,0,0,0,0,0,0,0,0,0,0,0,0,0,0,0,0,0,0
2023-11-04,DC,36,2023-44,Region 3,6.48,28894.320000000003,2026-05-06T19:11:09Z,0.92,0,0,0,0,0,0,0,0,0,0,0,0,0,0,0,0,0,0,0,0,0,0,0,0,0,0,0,0,0,0,0,0,0,0
2023-11-11,DC,47,2023-45,Region 3,7.27,35383.09,2026-05-06T19:11:09Z,1.06,0,0,0,0,0,0,0,0,0,0,0,0,0,0,0,0,0,0,0,0,0,0,0,0,0,0,0,0,0,0,0,0,0,0
2023-11-18,DC,28,2023-46,Region 3,7.92,41374.08,2026-05-06T19:11:09Z,1.05,0,0,0,0,0,0,0,0,0,0,0,0,0,0,0,0,0,0,0,0,0,0,0,0,0,0,0,0,0,0,0,0,0,0
2023-11-25,DC,36,2023-47,Region 3,9.3,44500.5,2026-05-06T19:11:09Z,1.1,0,0,0,0,0,0,0,0,0,0,0,0,0,0,0,0,0,0,0,0,0,0,0,0,0,0,0,0,0,0,0,0,0,0
2023-12-02,DC,34,2023-48,Region 3,10.24,59781.12,2026-05-06T19:11:09Z,1.26,0,0,0,0,0,0,0,0,0,0,0,0,0,0,0,0,0,0,0,0,0,0,0,0,0,0,0,0,0,0,0,0,0,0
2023-12-09,DC,35,2023-49,Region 3,10.11,60205.049999999996,2026-05-06T19:11:09Z,1.51,0,0,0,0,0,0,0,0,0,0,0,0,0,0,0,0,0,0,0,0,0,0,0,0,0,0,0,0,0,0,0,0,0,0
2023-12-16,DC,40,2023-50,Region 3,9.63,62816.490000000005,2026-05-06T19:11:09Z,1.8,0,0,0,0,0,0,0,0,0,0,0,0,0,0,0,0,0,0,0,0,0,0,0,0,0,0,0,0,0,0,0,0,0,0
2023-12-23,DC,71,2023-51,Region 3,12.06,86530.5,2026-05-06T19:11:09Z,2.25,0,0,0,0,0,0,0,0,0,0,0,0,0,0,0,0,0,0,0,0,0,0,0,0,0,0,0,0,0,0,0,0,0,0
2023-12-30,DC,69,2023-52,Region 3,12.92,100000.8,2026-05-06T19:11:09Z,2.78,0,0,0,0,0,0,0,0,0,0,0,0,0,0,0,0,0,0,0,0,0,0,0,0,0,0,0,0,0,0,0,0,0,0
2024-01-06,DC,71,2024-01,Region 3,12.57,92615.76000000001,2026-05-06T19:11:09Z,2.78,0,0,0,0,0,0,0,0,0,0,0,0,0,0,0,0,0,0,0,0,0,0,0,0,0,0,0,0,0,0,0,0,0,0
2024-01-13,DC,89,2024-02,Region 3,11.62,74914.14,2026-05-06T19:11:09Z,2.79,0,0,0,0,0,0,0,0,0,0,0,0,0,0,0,0,0,0,0,0,0,0,0,0,0,0,0,0,0,0,0,0,0,0
2024-01-20,DC,73,2024-03,Region 3,10.47,55281.600000000006,2026-05-06T19:11:09Z,2.64,0,0,0,0,0,0,0,0,0,0,0,0,0,0,0,0,0,0,0,0,0,0,0,0,0,0,0,0,0,0,0,0,0,0
2024-01-27,DC,51,2024-04,Region 3,10.61,60827.13,2026-05-06T19:11:09Z,1.91,0,0,0,0,0,0,0,0,0,0,0,0,0,0,0,0,0,0,0,0,0,0,0,0,0,0,0,0,0,0,0,0,0,0
2024-02-03,DC,49,2024-05,Region 3,9.22,50580.920000000006,2026-05-06T19:11:09Z,1.7,0,0,0,0,0,0,0,0,0,0,0,0,0,0,0,0,0,0,0,0,0,0,0,0,0,0,0,0,0,0,0,0,0,0
2024-02-10,DC,64,2024-06,Region 3,8.62,46125.619999999995,2026-05-06T19:11:09Z,1.45,0,0,0,0,0,0,0,0,0,0,0,0,0,0,0,0,0,0,0,0,0,0,0,0,0,0,0,0,0,0,0,0,0,0
2024-02-17,DC,65,2024-07,Region 3,5.7,45662.700000000004,2026-05-06T19:11:09Z,1.73,0,0,0,0,0,0,0,0,0,0,0,0,0,0,0,0,0,0,0,0,0,0,0,0,0,0,0,0,0,0,0,0,0,0
2024-02-24,DC,56,2024-08,Region 3,7.62,39616.38,2026-05-06T19:11:09Z,1.5,0,0,0,0,0,0,0,0,0,0,0,0,0,0,0,0,0,0,0,0,0,0,0,0,0,0,0,0,0,0,0,0,0,0
2024-03-02,DC,48,2024-09,Region 3,5.7,29708.4,2026-05-06T19:11:09Z,1.1,0,0,0,0,0,0,0,0,0,0,0,0,0,0,0,0,0,0,0,0,0,0,0,0,0,0,0,0,0,0,0,0,0,0
2024-03-09,DC,51,2024-10,Region 3,4.48,21580.160000000003,2026-05-06T19:11:09Z,0.86,0,0,0,0,0,0,0,0,0,0,0,0,0,0,0,0,0,0,0,0,0,0,0,0,0,0,0,0,0,0,0,0,0,0
2024-03-16,DC,29,2024-11,Region 3,3.51,15082.47,2026-05-06T19:11:09Z,0.69,0,0,0,0,0,0,0,0,0,0,0,0,0,0,0,0,0,0,0,0,0,0,0,0,0,0,0,0,0,0,0,0,0,0
2024-03-23,DC,28,2024-12,Region 3,3.23,13982.67,2026-05-06T19:11:09Z,0.61,0,0,0,0,0,0,0,0,0,0,0,0,0,0,0,0,0,0,0,0,0,0,0,0,0,0,0,0,0,0,0,0,0,0
2024-03-30,DC,19,2024-13,Region 3,2.89,12083.09,2026-05-06T19:11:09Z,0.67,0,0,0,0,0,0,0,0,0,0,0,0,0,0,0,0,0,0,0,0,0,0,0,0,0,0,0,0,0,0,0,0,0,0
2024-04-06,DC,16,2024-14,Region 3,3.13,10692.08,2026-05-06T19:11:09Z,0.42,0,0,0,0,0,0,0,0,0,0,0,0,0,0,0,0,0,0,0,0,0,0,0,0,0,0,0,0,0,0,0,0,0,0
2024-04-13,DC,24,2024-15,Region 3,2.57,7609.7699999999995,2026-05-06T19:11:09Z,0.44,0,0,0,0,0,0,0,0,0,0,0,0,0,0,0,0,0,0,0,0,0,0,0,0,0,0,0,0,0,0,0,0,0,0
2024-04-20,DC,14,2024-16,Region 3,2.86,7913.62,2026-05-06T19:11:09Z,0.25,0,0,0,0,0,0,0,0,0,0,0,0,0,0,0,0,0,0,0,0,0,0,0,0,0,0,0,0,0,0,0,0,0,0
2024-04-27,DC,10,2024-17,Region 3,2.71,7387.46,2026-05-06T19:11:09Z,0.33,0,0,0,0,0,0,0,0,0,0,0,0,0,0,0,0,0,0,0,0,0,0,0,0,0,0,0,0,0,0,0,0,0,0
2022-10-01,DE,124,2022-39,Region 3,6.56,59505.759999999995,2026-05-06T19:11:09Z,2.68,0,0,0,0,0,0,0,0,0,0,0,0,0,0,1,1,0,0,0,0,0,0,0,0,0,0,0,0,0,0,0,1,1,0
2022-10-08,DE,114,2022-40,Region 3,6.53,59305.46,2026-05-06T19:11:09Z,2.37,0,0,0,0,0,0,0,0,0,0,0,0,0,0,1,1,0,0,0,0,0,0,0,0,0,0,0,0,0,0,0,1,1,0
2022-10-15,DE,95,2022-41,Region 3,6.42,58556.82,2026-05-06T19:11:09Z,2.26,0,0,0,0,0,0,0,0,0,0,0,0,0,0,1,1,0,0,0,0,0,0,0,0,0,0,0,0,0,0,0,1,1,0
2022-10-22,DE,83,2022-42,Region 3,5.81,53167.31,2026-05-06T19:11:09Z,1.74,0,0,0,0,0,0,0,0,0,0,0,0,0,0,1,1,0,0,0,0,0,0,0,0,0,0,0,0,0,0,0,1,1,0
2022-10-29,DE,70,2022-43,Region 3,6.07,58915.420000000006,2026-05-06T19:11:09Z,1.81,0,0,0,0,0,0,0,0,0,0,0,0,0,0,1,1,0,0,0,0,0,0,0,0,0,0,0,0,0,0,0,1,1,0
2022-11-05,DE,85,2022-44,Region 3,6.33,65236.98,2026-05-06T19:11:09Z,1.69,0,0,0,0,0,0,0,0,0,0,0,0,0,0,1,1,0,0,0,0,0,0,0,0,0,0,0,0,0,0,0,1,1,0
2022-11-12,DE,70,2022-45,Region 3,5.7,59302.8,2026-05-06T19:11:09Z,1.65,0,0,0,0,0,0,0,0,0,0,0,0,0,0,1,1,0,0,0,0,0,0,0,0,0,0,0,0,0,0,0,1,1,0
2022-11-19,DE,78,2022-46,Region 3,5.58,56307.78,2026-05-06T19:11:09Z,1.33,0,0,0,0,0,0,0,0,0,0,0,0,0,0,1,1,0,0,0,0,0,0,0,0,0,0,0,0,0,0,0,1,1,0
2022-11-26,DE,99,2022-47,Region 3,5.69,53423.41,2026-05-06T19:11:09Z,2.12,0,0,0,0,0,0,0,0,0,0,0,0,0,0,1,1,0,0,0,0,0,0,0,0,0,0,0,0,0,0,0,1,1,0
2022-12-03,DE,118,2022-48,Region 3,6.54,70703.94,2026-05-06T19:11:09Z,2.27,0,0,0,0,0,0,0,0,0,0,0,0,0,0,1,1,0,0,0,0,0,0,0,0,0,0,0,0,0,0,0,1,1,0
2022-12-10,DE,100,2022-49,Region 3,7.12,73150.88,2026-05-06T19:11:09Z,2.47,0,0,0,0,0,0,0,0,0,0,0,0,0,0,1,1,0,0,0,0,0,0,0,0,0,0,0,0,0,0,0,1,1,0
2022-12-17,DE,114,2022-50,Region 3,7.92,66583.44,2026-05-06T19:11:09Z,2.97,0,0,0,0,0,0,0,0,0,0,0,0,0,0,1,1,0,0,0,0,0,0,0,0,0,0,0,0,0,0,0,1,1,0
2022-12-24,DE,100,2022-51,Region 3,8.66,78736.72,2026-05-06T19:11:09Z,3.34,0,0,0,0,0,0,0,0,0,0,0,0,0,0,1,1,0,0,0,0,0,0,0,0,0,0,0,0,0,0,0,1,1,0
2022-12-31,DE,158,2022-52,Region 3,10.04,86876.12,2026-05-06T19:11:09Z,4.43,0,0,0,0,0,0,0,0,0,0,0,0,0,0,1,1,0,0,0,0,0,0,0,0,0,0,0,0,0,0,0,1,1,0
2023-01-07,DE,164,2023-01,Region 3,11.23,98037.90000000001,2026-05-06T19:11:09Z,4.14,0,0,0,0,0,0,0,0,0,0,0,0,0,0,1,1,0,0,0,0,0,0,0,0,0,0,0,0,0,0,0,1,1,0
2023-01-14,DE,137,2023-02,Region 3,9.02,75885.26,2026-05-06T19:11:09Z,3.03,0,0,0,0,0,0,0,0,0,0,0,0,0,0,1,1,0,0,0,0,0,0,0,0,0,0,0,0,0,0,0,1,1,0
2023-01-21,DE,108,2023-03,Region 3,9.4,70518.8,2026-05-06T19:11:09Z,2.72,0,0,0,0,0,0,0,0,0,0,0,0,0,0,1,1,0,0,0,0,0,0,0,0,0,0,0,0,0,0,0,1,1,0
2023-01-28,DE,102,2023-04,Region 3,9.67,73501.67,2026-05-06T19:11:09Z,2.66,0,0,0,0,0,0,0,0,0,0,0,0,0,0,1,1,0,0,0,0,0,0,0,0,0,0,0,0,0,0,0,1,1,0
2023-02-04,DE,127,2023-05,Region 3,8.91,59296.05,2026-05-06T19:11:09Z,3.01,0,0,0,0,0,0,0,0,0,0,0,0,0,0,1,1,0,0,0,0,0,0,0,0,0,0,0,0,0,0,0,1,1,0
2023-02-11,DE,112,2023-06,Region 3,8.01,50703.299999999996,2026-05-06T19:11:09Z,2.48,0,0,0,0,0,0,0,0,0,0,0,0,0,0,1,1,0,0,0,0,0,0,0,0,0,0,0,0,0,0,0,1,1,0
2023-02-18,DE,106,2023-07,Region 3,8.52,50080.56,2026-05-06T19:11:09Z,2.3,0,0,0,0,0,0,0,0,0,0,0,0,0,0,1,1,0,0,0,0,0,0,0,0,0,0,0,0,0,0,0,1,1,0
2023-02-25,DE,93,2023-08,Region 3,8.04,44911.439999999995,2026-05-06T19:11:09Z,1.77,0,0,0,0,0,0,0,0,0,0,0,0,0,0,1,1,0,0,0,0,0,0,0,0,0,0,0,0,0,0,0,1,1,0
2023-03-04,DE,59,2023-09,Region 3,7.07,36509.48,2026-05-06T19:11:09Z,1.28,0,0,0,0,0,0,0,0,0,0,0,0,0,0,1,1,0,0,0,0,0,0,0,0,0,0,0,0,0,0,0,1,1,0
2023-03-11,DE,63,2023-10,Region 3,5.77,33315.979999999996,2026-05-06T19:11:09Z,1.19,0,0,0,0,0,0,0,0,0,0,0,0,0,0,1,1,0,0,0,0,0,0,0,0,0,0,0,0,0,0,0,1,1,0
2023-03-18,DE,88,2023-11,Region 3,5.62,27807.760000000002,2026-05-06T19:11:09Z,1.21,0,0,0,0,0,0,0,0,0,0,0,0,0,0,1,1,0,0,0,0,0,0,0,0,0,0,0,0,0,0,0,1,1,0
2023-03-25,DE,56,2023-12,Region 3,6.22,28786.16,2026-05-06T19:11:09Z,0.84,0,0,0,0,0,0,0,0,0,0,0,0,0,0,1,1,0,0,0,0,0,0,0,0,0,0,0,0,0,0,0,1,1,0
2023-04-01,DE,62,2023-13,Region 3,4.42,20601.62,2026-05-06T19:11:09Z,0.58,0,0,0,0,0,0,0,0,0,0,0,0,0,0,1,1,0,0,0,0,0,0,0,0,0,0,0,0,0,0,0,1,1,0
2023-04-08,DE,63,2023-14,Region 3,4.07,17586.47,2026-05-06T19:11:09Z,0.64,0,0,0,0,0,0,0,0,0,0,0,0,0,0,1,1,0,0,0,0,0,0,0,0,0,0,0,0,0,0,0,1,1,0
2023-04-15,DE,51,2023-15,Region 3,2.63,13589.21,2026-05-06T19:11:09Z,0.51,0,0,0,0,0,0,0,0,0,0,0,0,0,0,1,1,0,0,0,0,0,0,0,0,0,0,0,0,0,0,0,1,1,0
2023-04-22,DE,39,2023-16,Region 3,2.57,10881.38,2026-05-06T19:11:09Z,0.37,0,0,0,0,0,0,0,0,0,0,0,0,0,0,1,1,0,0,0,0,0,0,0,0,0,0,0,0,0,0,0,1,1,0
2023-04-29,DE,30,2023-17,Region 3,2.3,9512.8,2026-05-06T19:11:09Z,0.25,0,0,0,0,0,0,0,0,0,0,0,0,0,0,1,1,0,0,0,0,0,0,0,0,0,0,0,0,0,0,0,1,1,0
2023-05-06,DE,20,2023-18,Region 3,2.16,8694,2026-05-06T19:11:09Z,0.3,0,0,0,0,0,0,0,0,0,0,0,0,0,0,1,1,0,0,0,0,0,0,0,0,0,0,0,0,0,0,0,1,1,0
2023-05-13,DE,13,2023-19,Region 3,1.99,8415.71,2026-05-06T19:11:09Z,0.32,0,0,0,0,0,0,0,0,0,0,0,0,0,0,1,1,0,0,0,0,0,0,0,0,0,0,0,0,0,0,0,1,1,0
2023-05-20,DE,17,2023-20,Region 3,2.25,8401.5,2026-05-06T19:11:09Z,0.39,0,0,0,0,0,0,0,0,0,0,0,0,0,0,1,1,0,0,0,0,0,0,0,0,0,0,0,0,0,0,0,1,1,0
2023-05-27,DE,18,2023-21,Region 3,1.89,6216.21,2026-05-06T19:11:09Z,0.28,0,0,0,0,0,0,0,0,0,0,0,0,0,0,1,1,0,0,0,0,0,0,0,0,0,0,0,0,0,0,0,1,1,0
2023-06-03,DE,11,2023-22,Region 3,1.97,5508.12,2026-05-06T19:11:09Z,0.25,0,0,0,0,0,0,0,0,0,0,0,0,0,0,0.8942857142857144,1,0,0,0,0,0,0,0,0,0,0,0,0,0,0,0,0.8942857142857144,1,0
2023-06-10,DE,12,2023-23,Region 3,1.93,5295.92,2026-05-06T19:11:09Z,0.35,0,0,0,0,0,0,0,0,0,0,0,0,0,0,0.812857142857143,0.9635815806030473,0,0,0,0,0,0,0,0,0,0,0,0,0,0,0,0.812857142857143,0.625,0
2023-06-17,DE,25,2023-24,Region 3,2.26,5103.08,2026-05-06T19:11:09Z,0.36,0,0,0,0,0,0,0,0,0,0,0,0,0,0,0.7671428571428571,0.936586902830919,0,0,0,0,0,0,0,0,0,0,0,0,0,0,0,0.7671428571428571,0.6071428571428572,0
2023-06-24,DE,10,2023-25,Region 3,1.85,3997.8500000000004,2026-05-06T19:11:09Z,0.25,0,0,0,0,0,0,0,0,0,0,0,0,0,0,0.842857142857143,0.789315353623784,0,0,0,0,0,0,0,0,0,0,0,0,0,0,0,0.842857142857143,0.6125,0
2023-07-01,DE,14,2023-26,Region 3,2.94,5397.84,2026-05-06T19:11:09Z,0.41,0,0,0,0,0,0,0,0,0,0,0,0,0,0,0.9557142857142857,0.6488633133817396,0,0,0,0,0,0,0,0,0,0,0,0,0,0,0,0.9557142857142857,0.6348214285714285,0
2023-07-08,DE,20,2023-27,Region 3,3.23,6492.3,2026-05-06T19:11:09Z,0.38,0,0,0,0,0,0,0,0,0,0,0,0,0,0,1,0.7548008617513343,0,0,0,0,0,0,0,0,0,0,0,0,0,0,0,1,0.6964285714285714,0
2023-07-15,DE,21,2023-28,Region 3,3.08,7090.16,2026-05-06T19:11:09Z,0.6,0,0,0,0,0,0,0,0,0,0,0,0,0,0,1,0.897875502565218,0,0,0,0,0,0,0,0,0,0,0,0,0,0,0,1,0.7946428571428571,0
2023-07-22,DE,16,2023-29,Region 3,3.32,7589.5199999999995,2026-05-06T19:11:09Z,0.68,0,0,0,0,0,0,0,0,0,0,0,0,0,0,1,0.9525512437400971,0,0,0,0,0,0,0,0,0,0,0,0,0,0,0,1,0.8294642857142857,0
2023-07-29,DE,16,2023-30,Region 3,6.57,10893.060000000001,2026-05-06T19:11:09Z,0.84,0,0,0,0,0,0,0,0,0,0,0,0,0,0,1,0.9816937457396016,0,0,0,0,0,0,0,0,0,0,0,0,0,0,0,1,0.844642857142857,0
2023-08-05,DE,24,2023-31,Region 3,7.32,13205.28,2026-05-06T19:11:09Z,1.04,0,0,0,0,0,0,0,0,0,0,0,0,0,0,1,0.9937592124422687,0,0,0,0,0,0,0,0,0,0,0,0,0,0,0,1,0.8794642857142857,0
2023-08-12,DE,30,2023-32,Region 3,7.34,17608.66,2026-05-06T19:11:09Z,1.07,0,0,0,0,0,0,0,0,0,0,0,0,0,0,1,0.9968133358881291,0,0,0,0,0,0,0,0,0,0,0,0,0,0,0,1,0.9464285714285714,0
2023-08-19,DE,30,2023-33,Region 3,8.04,19111.079999999998,2026-05-06T19:11:09Z,1.39,0,0,0,0,0,0,0,0,0,0,0,0,0,0,1,0.9994257178845488,0,0,0,0,0,0,0,0,0,0,0,0,0,0,0,1,0.9919642857142857,0
2023-08-26,DE,34,2023-34,Region 3,10.96,25788.88,2026-05-06T19:11:09Z,1.16,0,0,0,0,0,0,0,0,0,0,0,0,0,0,1,1,0,0,0,0,0,0,0,0,0,0,0,0,0,0,0,1,1,0
2023-09-02,DE,26,2023-35,Region 3,12.46,36109.08,2026-05-06T19:11:09Z,1.39,0,0,0,0,0,0,0,0,0,0,0,0,0,0,1,1,0,0,0,0,0,0,0,0,0,0,0,0,0,0,0,1,1,0
2023-09-09,DE,44,2023-36,Region 3,11.01,44502.42,2026-05-06T19:11:09Z,1.79,0,0,0,0,0,0,0,0,0,0,0,0,0,0,1,0.9992393223179339,0,0,0,0,0,0,0,0,0,0,0,0,0,0,0,1,0.9830357142857143,0
2023-09-16,DE,41,2023-37,Region 3,8.84,39010.92,2026-05-06T19:11:09Z,1.97,0,0,0,0,0,0,0,0,0,0,0,0,0,0,1,0.9986788229732535,0,0,0,0,0,0,0,0,0,0,0,0,0,0,0,1,0.9705357142857143,0
2023-09-23,DE,57,2023-38,Region 3,9.02,41311.6,2026-05-06T19:11:09Z,1.93,0,0,0,0,0,0,0,0,0,0,0,0,0,0,1,0.9993193936528881,0,0,0,0,0,0,0,0,0,0,0,0,0,0,0,1,0.9848214285714286,0
2023-09-30,DE,66,2023-39,Region 3,7.97,37092.38,2026-05-06T19:11:09Z,1.68,0,0,0,0,0,0,0,0,0,0,0,0,0,0,1,1,0,0,0,0,0,0,0,0,0,0,0,0,0,0,0,1,1,0
2023-10-07,DE,56,2023-40,Region 3,7.41,33782.19,2026-05-06T19:11:09Z,1.47,0,0,0,0,0,0,0,0,0,0,0,0,0,0,1,1,0,0,0,0,0,0,0,0,0,0,0,0,0,0,0,1,1,0
2023-10-14,DE,61,2023-41,Region 3,5.74,25904.620000000003,2026-05-06T19:11:09Z,1.32,0,0,0,0,0,0,0,0,0,0,0,0,0,0,1,1,0,0,0,0,0,0,0,0,0,0,0,0,0,0,0,1,1,0
2023-10-21,DE,43,2023-42,Region 3,5.82,26702.16,2026-05-06T19:11:09Z,1.13,0,0,0,0,0,0,0,0,0,0,0,0,0,0,1,1,0,0,0,0,0,0,0,0,0,0,0,0,0,0,0,1,1,0
2023-10-28,DE,38,2023-43,Region 3,6.26,29115.26,2026-05-06T19:11:09Z,1.31,0,0,0,0,0,0,0,0,0,0,0,0,0,0,1,0.9987876266451587,0,0,0,0,0,0,0,0,0,0,0,0,0,0,0,1,0.9830357142857143,0
2023-11-04,DE,48,2023-44,Region 3,6.48,28894.320000000003,2026-05-06T19:11:09Z,1.15,0,0,0,0,0,0,0,0,0,0,0,0,0,0,1,0.9966819255551712,0,0,0,0,0,0,0,0,0,0,0,0,0,0,0,1,0.9535714285714286,0
2023-11-11,DE,44,2023-45,Region 3,7.27,35383.09,2026-05-06T19:11:09Z,1.12,0,0,0,0,0,0,0,0,0,0,0,0,0,0,1,0.994772683642203,0,0,0,0,0,0,0,0,0,0,0,0,0,0,0,1,0.9205357142857143,0
2023-11-18,DE,48,2023-46,Region 3,7.92,41374.08,2026-05-06T19:11:09Z,1.31,0,0,0,0,0,0,0,0,0,0,0,0,0,0,1,0.9954245576523638,0,0,0,0,0,0,0,0,0,0,0,0,0,0,0,1,0.925,0
2023-11-25,DE,59,2023-47,Region 3,9.3,44500.5,2026-05-06T19:11:09Z,1.71,0,0,0,0,0,0,0,0,0,0,0,0,0,0,1,0.9982346385459249,0,0,0,0,0,0,0,0,0,0,0,0,0,0,0,1,0.9696428571428573,0
2023-12-02,DE,74,2023-48,Region 3,10.24,59781.12,2026-05-06T19:11:09Z,2.22,0,0,0,0,0,0,0,0,0,0,0,0,0,0,1,1,0,0,0,0,0,0,0,0,0,0,0,0,0,0,0,1,1,0
2023-12-09,DE,62,2023-49,Region 3,10.11,60205.049999999996,2026-05-06T19:11:09Z,2.23,0,0,0,0,0,0,0,0,0,0,0,0,0,0,1,1,0,0,0,0,0,0,0,0,0,0,0,0,0,0,0,1,1,0
2023-12-16,DE,60,2023-50,Region 3,9.63,62816.490000000005,2026-05-06T19:11:09Z,2.44,0,0,0,0,0,0,0,0,0,0,0,0,0,0,1,1,0,0,0,0,0,0,0,0,0,0,0,0,0,0,0,1,1,0
2023-12-23,DE,98,2023-51,Region 3,12.06,86530.5,2026-05-06T19:11:09Z,3.17,0,0,0,0,0,0,0,0,0,0,0,0,0,0,1,1,0,0,0,0,0,0,0,0,0,0,0,0,0,0,0,1,1,0
2023-12-30,DE,103,2023-52,Region 3,12.92,100000.8,2026-05-06T19:11:09Z,4.29,0,0,0,0,0,0,0,0,0,0,0,0,0,0,1,1,0,0,0,0,0,0,0,0,0,0,0,0,0,0,0,1,1,0
2024-01-06,DE,105,2024-01,Region 3,12.57,92615.76000000001,2026-05-06T19:11:09Z,3.97,0,0,0,0,0,0,0,0,0,0,0,0,0,0,1,1,0,0,0,0,0,0,0,0,0,0,0,0,0,0,0,1,1,0
2024-01-13,DE,103,2024-02,Region 3,11.62,74914.14,2026-05-06T19:11:09Z,3.49,0,0,0,0,0,0,0,0,0,0,0,0,0,0,1,0.9977794424869224,0,0,0,0,0,0,0,0,0,0,0,0,0,0,0,1,0.9689285714285714,0
2024-01-20,DE,72,2024-03,Region 3,10.47,55281.600000000006,2026-05-06T19:11:09Z,2.55,0,0,0,0,0,0,0,0,0,0,0,0,0,0,1,0.9808481472291618,0,0,0,0,0,0,0,0,0,0,0,0,0,0,0,1,0.9401785714285714,0
2024-01-27,DE,53,2024-04,Region 3,10.61,60827.13,2026-05-06T19:11:09Z,1.98,0,0,0,0,0,0,0,0,0,0,0,0,0,0,1,0.9766987310552989,0,0,0,0,0,0,0,0,0,0,0,0,0,0,0,1,0.9601785714285714,0
2024-02-03,DE,48,2024-05,Region 3,9.22,50580.920000000006,2026-05-06T19:11:09Z,2.09,0,0,0,0,0,0,0,0,0,0,0,0,0,0,1,0.9917959697792696,0,0,0,0,0,0,0,0,0,0,0,0,0,0,0,1,0.9892857142857143,0
2024-02-10,DE,70,2024-06,Region 3,8.62,46125.619999999995,2026-05-06T19:11:09Z,1.91,0,0,0,0,0,0,0,0,0,0,0,0,0,0,1,1,0,0,0,0,0,0,0,0,0,0,0,0,0,0,0,1,1,0
2024-02-17,DE,61,2024-07,Region 3,5.7,45662.700000000004,2026-05-06T19:11:09Z,2.14,0,0,0,0,0,0,0,0,0,0,0,0,0,0,1,1,0,0,0,0,0,0,0,0,0,0,0,0,0,0,0,1,1,0
2024-02-24,DE,72,2024-08,Region 3,7.62,39616.38,2026-05-06T19:11:09Z,1.68,0,0,0,0,0,0,0,0,0,0,0,0,0,0,1,1,0,0,0,0,0,0,0,0,0,0,0,0,0,0,0,1,1,0
2024-03-02,DE,77,2024-09,Region 3,5.7,29708.4,2026-05-06T19:11:09Z,1.34,0,0,0,0,0,0,0,0,0,0,0,0,0,0,1,1,0,0,0,0,0,0,0,0,0,0,0,0,0,0,0,1,1,0
2024-03-09,DE,49,2024-10,Region 3,4.48,21580.160000000003,2026-05-06T19:11:09Z,1.07,0,0,0,0,0,0,0,0,0,0,0,0,0,0,1,1,0,0,0,0,0,0,0,0,0,0,0,0,0,0,0,1,1,0
2024-03-16,DE,29,2024-11,Region 3,3.51,15082.47,2026-05-06T19:11:09Z,0.78,0,0,0,0,0,0,0,0,0,0,0,0,0,0,1,1,0,0,0,0,0,0,0,0,0,0,0,0,0,0,0,1,1,0
2024-03-23,DE,30,2024-12,Region 3,3.23,13982.67,2026-05-06T19:11:09Z,0.72,0,0,0,0,0,0,0,0,0,0,0,0,0,0,1,1,0,0,0,0,0,0,0,0,0,0,0,0,0,0,0,1,1,0
2024-03-30,DE,37,2024-13,Region 3,2.89,12083.09,2026-05-06T19:11:09Z,0.55,0,0,0,0,0,0,0,0,0,0,0,0,0,0,1,1,0,0,0,0,0,0,0,0,0,0,0,0,0,0,0,1,1,0
2024-04-06,DE,25,2024-14,Region 3,3.13,10692.08,2026-05-06T19:11:09Z,0.44,0,0,0,0,0,0,0,0,0,0,0,0,0,0,1,0.9982133445297076,0,0,0,0,0,0,0,0,0,0,0,0,0,0,0,1,0.975,0
2024-04-13,DE,34,2024-15,Region 3,2.57,7609.7699999999995,2026-05-06T19:11:09Z,0.47,0,0,0,0,0,0,0,0,0,0,0,0,0,0,1,0.9766055332719915,0,0,0,0,0,0,0,0,0,0,0,0,0,0,0,1,0.8651785714285714,0
2024-04-20,DE,20,2024-16,Region 3,2.86,7913.62,2026-05-06T19:11:09Z,0.32,0,0,0,0,0,0,0,0,0,0,0,0,0,0,1,0.9455681190656375,0,0,0,0,0,0,0,0,0,0,0,0,0,0,0,1,0.7732142857142857,0
2024-04-27,DE,25,2024-17,Region 3,2.71,7387.46,2026-05-06T19:11:09Z,0.26,0,0,0,0,0,0,0,0,0,0,0,0,0,0,0.8671428571428571,0.9334134563232928,0,0,0,0,0,0,0,0,0,0,0,0,0,0,0,0.8671428571428571,0.7589285714285714,0
2022-10-01,FL,1632,2022-39,Region 4,5.27,64246.56999999999,2026-05-06T19:11:09Z,1.52,0,0,0,0,0,0,0,0,0,0,0,0,1,0,0,1,0,0,0,0,0,0,0,0,0,0,0,0,0,1,0,0,1,0
2022-10-08,FL,1426,2022-40,Region 4,4.56,58564.079999999994,2026-05-06T19:11:09Z,1.14,0,0,0,0,0,0,0,0,0,0,0,0,1,0,0,1,0,0,0,0,0,0,0,0,0,0,0,0,0,1,0,0,1,0
2022-10-15,FL,1342,2022-41,Region 4,4.85,56526.74999999999,2026-05-06T19:11:09Z,1.06,0,0,0,0,0,0,0,0,0,0,0,0,1,0,0,1,0,0,0,0,0,0,0,0,0,0,0,0,0,1,0,0,1,0
2022-10-22,FL,1180,2022-42,Region 4,4.03,52394.030000000006,2026-05-06T19:11:09Z,1.07,0,0,0,0,0,0,0,0,0,0,0,0,1,0,0,1,0,0,0,0,0,0,0,0,0,0,0,0,0,1,0,0,1,0
2022-10-29,FL,1250,2022-43,Region 4,4.31,58887.52999999999,2026-05-06T19:11:09Z,1.17,0,0,0,0,0,0,0,0,0,0,0,0,1,0,0,1,0,0,0,0,0,0,0,0,0,0,0,0,0,1,0,0,1,0
2022-11-05,FL,1179,2022-44,Region 4,3.9,61230,2026-05-06T19:11:09Z,1.21,0,0,0,0,0,0,0,0,0,0,0,0,1,0,0,1,0,0,0,0,0,0,0,0,0,0,0,0,0,1,0,0,1,0
2022-11-12,FL,1232,2022-45,Region 4,3.82,55321.24,2026-05-06T19:11:09Z,1.23,0,0,0,0,0,0,0,0,0,0,0,0,1,0,0,1,0,0,0,0,0,0,0,0,0,0,0,0,0,1,0,0,1,0
2022-11-19,FL,1263,2022-46,Region 4,4.13,55288.31,2026-05-06T19:11:09Z,1.24,0,0,0,0,0,0,0,0,0,0,0,0,1,0,0,1,0,0,0,0,0,0,0,0,0,0,0,0,0,1,0,0,1,0
2022-11-26,FL,1277,2022-47,Region 4,5.28,61644,2026-05-06T19:11:09Z,1.59,0,0,0,0,0,0,0,0,0,0,0,0,1,0,0,1,0,0,0,0,0,0,0,0,0,0,0,0,0,1,0,0,1,0
2022-12-03,FL,1680,2022-48,Region 4,7.55,97455.4,2026-05-06T19:11:09Z,1.91,0,0,0,0,0,0,0,0,0,0,0,0,1,0,0,1,0,0,0,0,0,0,0,0,0,0,0,0,0,1,0,0,1,0
2022-12-10,FL,1781,2022-49,Region 4,8.38,101909.18000000001,2026-05-06T19:11:09Z,2.08,0,0,0,0,0,0,0,0,0,0,0,0,1,0,0,1,0,0,0,0,0,0,0,0,0,0,0,0,0,1,0,0,1,0
2022-12-17,FL,2079,2022-50,Region 4,10.21,118190.96,2026-05-06T19:11:09Z,2.41,0,0,0,0,0,0,0,0,0,0,0,0,1,0,0,1,0,0,0,0,0,0,0,0,0,0,0,0,0,1,0,0,1,0
2022-12-24,FL,2399,2022-51,Region 4,11.52,119589.12,2026-05-06T19:11:09Z,2.75,0,0,0,0,0,0,0,0,0,0,0,0,1,0,0,1,0,0,0,0,0,0,0,0,0,0,0,0,0,1,0,0,1,0
2022-12-31,FL,2969,2022-52,Region 4,14.04,149399.63999999998,2026-05-06T19:11:09Z,3.65,0,0,0,0,0,0,0,0,0,0,0,0,1,0,0,1,0,0,0,0,0,0,0,0,0,0,0,0,0,1,0,0,1,0
2023-01-07,FL,3540,2023-01,Region 4,13.55,147139.45,2026-05-06T19:11:09Z,3.44,0,0,0,0,0,0,0,0,0,0,0,0,1,0,0,1,0,0,0,0,0,0,0,0,0,0,0,0,0,1,0,0,1,0
2023-01-14,FL,2993,2023-02,Region 4,10.19,121373.09,2026-05-06T19:11:09Z,2.85,0,0,0,0,0,0,0,0,0,0,0,0,1,0,0,1,0,0,0,0,0,0,0,0,0,0,0,0,0,1,0,0,1,0
2023-01-21,FL,2693,2023-03,Region 4,10.69,112565.7,2026-05-06T19:11:09Z,2.61,0,0,0,0,0,0,0,0,0,0,0,0,1,0,0,1,0,0,0,0,0,0,0,0,0,0,0,0,0,1,0,0,1,0
2023-01-28,FL,2432,2023-04,Region 4,9.37,106461.93999999999,2026-05-06T19:11:09Z,2.47,0,0,0,0,0,0,0,0,0,0,0,0,1,0,0,1,0,0,0,0,0,0,0,0,0,0,0,0,0,1,0,0,1,0
2023-02-04,FL,2215,2023-05,Region 4,9.03,104142.98999999999,2026-05-06T19:11:09Z,2.23,0,0,0,0,0,0,0,0,0,0,0,0,1,0,0,1,0,0,0,0,0,0,0,0,0,0,0,0,0,1,0,0,1,0
2023-02-11,FL,2005,2023-06,Region 4,8.67,102514.08,2026-05-06T19:11:09Z,1.93,0,0,0,0,0,0,0,0,0,0,0,0,1,0,0,1,0,0,0,0,0,0,0,0,0,0,0,0,0,1,0,0,1,0
2023-02-18,FL,1724,2023-07,Region 4,7.72,85136.16,2026-05-06T19:11:09Z,1.76,0,0,0,0,0,0,0,0,0,0,0,0,1,0,0,1,0,0,0,0,0,0,0,0,0,0,0,0,0,1,0,0,1,0
2023-02-25,FL,1661,2023-08,Region 4,6.2,65069,2026-05-06T19:11:09Z,1.58,0,0,0,0,0,0,0,0,0,0,0,0,1,0,0,1,0,0,0,0,0,0,0,0,0,0,0,0,0,1,0,0,1,0
2023-03-04,FL,1508,2023-09,Region 4,5.22,47945.7,2026-05-06T19:11:09Z,1.44,0,0,0,0,0,0,0,0,0,0,0,0,1,0,0,1,0,0,0,0,0,0,0,0,0,0,0,0,0,1,0,0,1,0
2023-03-11,FL,1399,2023-10,Region 4,5.02,43116.78,2026-05-06T19:11:09Z,1.27,0,0,0,0,0,0,0,0,0,0,0,0,1,0,0,1,0,0,0,0,0,0,0,0,0,0,0,0,0,1,0,0,1,0
2023-03-18,FL,1234,2023-11,Region 4,3.96,33184.8,2026-05-06T19:11:09Z,1.26,0,0,0,0,0,0,0,0,0,0,0,0,1,0,0,1,0,0,0,0,0,0,0,0,0,0,0,0,0,1,0,0,1,0
2023-03-25,FL,1252,2023-12,Region 4,4.84,40670.52,2026-05-06T19:11:09Z,1.26,0,0,0,0,0,0,0,0,0,0,0,0,1,0,0,1,0,0,0,0,0,0,0,0,0,0,0,0,0,1,0,0,1,0
2023-04-01,FL,1235,2023-13,Region 4,3.79,25897.07,2026-05-06T19:11:09Z,1.2,0,0,0,0,0,0,0,0,0,0,0,0,1,0,0,1,0,0,0,0,0,0,0,0,0,0,0,0,0,1,0,0,1,0
2023-04-08,FL,1160,2023-14,Region 4,4.8,32630.399999999998,2026-05-06T19:11:09Z,1.14,0,0,0,0,0,0,0,0,0,0,0,0,1,0,0,1,0,0,0,0,0,0,0,0,0,0,0,0,0,1,0,0,1,0
2023-04-15,FL,1071,2023-15,Region 4,4.62,30903.18,2026-05-06T19:11:09Z,1.05,0,0,0,0,0,0,0,0,0,0,0,0,0.984311113814969,0,0,1,0,0,0,0,0,0,0,0,0,0,0,0,0,0.9936734693877551,0,0,1,0
2023-04-22,FL,966,2023-16,Region 4,4.32,26676,2026-05-06T19:11:09Z,0.96,0,0,0,0,0,0,0,0,0,0,0,0,0.9428114793900488,0,0,1,0,0,0,0,0,0,0,0,0,0,0,0,0,0.976938775510204,0,0,1,0
2023-04-29,FL,880,2023-17,Region 4,4.32,27591.84,2026-05-06T19:11:09Z,0.95,0,0,0,0,0,0,0,0,0,0,0,0,0.9210494759721027,0,0,1,0,0,0,0,0,0,0,0,0,0,0,0,0,0.9681632653061224,0,0,1,0
2023-05-06,FL,848,2023-18,Region 4,4.56,25504.079999999998,2026-05-06T19:11:09Z,0.89,0,0,0,0,0,0,0,0,0,0,0,0,0.9443297586982776,0,0,1,0,0,0,0,0,0,0,0,0,0,0,0,0,0.9775510204081632,0,0,1,0
2023-05-13,FL,827,2023-19,Region 4,3.72,24697.08,2026-05-06T19:11:09Z,0.87,0,0,0,0,0,0,0,0,0,0,0,0,0.9686222276299382,0,0,1,0,0,0,0,0,0,0,0,0,0,0,0,0,0.9873469387755103,0,0,1,0
2023-05-20,FL,760,2023-20,Region 4,3.64,22389.64,2026-05-06T19:11:09Z,0.87,0,0,0,0,0,0,0,0,0,0,0,0,1,0,0,1,0,0,0,0,0,0,0,0,0,0,0,0,0,1,0,0,1,0
2023-05-27,FL,782,2023-21,Region 4,4.3,22394.399999999998,2026-05-06T19:11:09Z,0.94,0,0,0,0,0,0,0,0,0,0,0,0,1,0,0,1,0,0,0,0,0,0,0,0,0,0,0,0,0,1,0,0,1,0
2023-06-03,FL,814,2023-22,Region 4,3.4,17724.2,2026-05-06T19:11:09Z,1.08,0,0,0,0,0,0,0,0,0,0,0,0,0.9963158847767859,0,0,1,0,0,0,0,0,0,0,0,0,0,0,0,0,0.976938775510204,0,0,1,0
2023-06-10,FL,855,2023-23,Region 4,4.08,20102.16,2026-05-06T19:11:09Z,1.07,0,0,0,0,0,0,0,0,0,0,0,0,0.9963158847767859,0,0,1,0,0,0,0,0,0,0,0,0,0,0,0,0,0.976938775510204,0,0,1,0
2023-06-17,FL,792,2023-24,Region 4,4.07,17692.29,2026-05-06T19:11:09Z,1.08,0,0,0,0,0,0,0,0,0,0,0,0,0.9995435609457965,0,0,1,0,0,0,0,0,0,0,0,0,0,0,0,0,0.9971428571428571,0,0,1,0
2023-06-24,FL,862,2023-25,Region 4,4.27,18100.53,2026-05-06T19:11:09Z,1.19,0,0,0,0,0,0,0,0,0,0,0,0,1,0,0,1,0,0,0,0,0,0,0,0,0,0,0,0,0,1,0,0,1,0
2023-07-01,FL,932,2023-26,Region 4,5,18195,2026-05-06T19:11:09Z,1.34,0,0,0,0,0,0,0,0,0,0,0,0,1,0,0,1,0,0,0,0,0,0,0,0,0,0,0,0,0,1,0,0,1,0
2023-07-08,FL,983,2023-27,Region 4,5.97,20089.05,2026-05-06T19:11:09Z,1.54,0,0,0,0,0,0,0,0,0,0,0,0,1,0,0,1,0,0,0,0,0,0,0,0,0,0,0,0,0,1,0,0,1,0
2023-07-15,FL,1105,2023-28,Region 4,6.38,21806.84,2026-05-06T19:11:09Z,1.75,0,0,0,0,0,0,0,0,0,0,0,0,1,0,0,1,0,0,0,0,0,0,0,0,0,0,0,0,0,1,0,0,1,0
2023-07-22,FL,1191,2023-29,Region 4,8.78,33609.84,2026-05-06T19:11:09Z,2.09,0,0,0,0,0,0,0,0,0,0,0,0,1,0,0,1,0,0,0,0,0,0,0,0,0,0,0,0,0,1,0,0,1,0
2023-07-29,FL,1496,2023-30,Region 4,10.16,51612.8,2026-05-06T19:11:09Z,2.55,0,0,0,0,0,0,0,0,0,0,0,0,1,0,0,1,0,0,0,0,0,0,0,0,0,0,0,0,0,1,0,0,1,0
2023-08-05,FL,1724,2023-31,Region 4,11,52019,2026-05-06T19:11:09Z,3.02,0,0,0,0,0,0,0,0,0,0,0,0,1,0,0,1,0,0,0,0,0,0,0,0,0,0,0,0,0,1,0,0,1,0
2023-08-12,FL,1943,2023-32,Region 4,12.55,60478.450000000004,2026-05-06T19:11:09Z,3.34,0,0,0,0,0,0,0,0,0,0,0,0,0.9999999999999999,0,0,1,0,0,0,0,0,0,0,0,0,0,0,0,0,1,0,0,1,0
2023-08-19,FL,2080,2023-33,Region 4,14.32,78917.52,2026-05-06T19:11:09Z,3.67,0,0,0,0,0,0,0,0,0,0,0,0,0.9999999999999999,0,0,1,0,0,0,0,0,0,0,0,0,0,0,0,0,1,0,0,1,0
2023-08-26,FL,2393,2023-34,Region 4,16.17,136992.24000000002,2026-05-06T19:11:09Z,4.48,0,0,0,0,0,0,0,0,0,0,0,0,0.9999999999999999,0,0,1,0,0,0,0,0,0,0,0,0,0,0,0,0,1,0,0,1,0
2023-09-02,FL,2535,2023-35,Region 4,12.35,96120.05,2026-05-06T19:11:09Z,4.2,0,0,0,0,0,0,0,0,0,0,0,0,0.9999999999999999,0,0,1,0,0,0,0,0,0,0,0,0,0,0,0,0,1,0,0,1,0
2023-09-09,FL,2303,2023-36,Region 4,13.49,104088.84,2026-05-06T19:11:09Z,3.33,0,0,0,0,0,0,0,0,0,0,0,0,1.0000000000000002,0,0,1,0,0,0,0,0,0,0,0,0,0,0,0,0,1,0,0,1,0
2023-09-16,FL,2019,2023-37,Region 4,11.63,92307.31000000001,2026-05-06T19:11:09Z,2.3,0,0,0,0,0,0,0,0,0,0,0,0,0.9999999999999999,0,0,1,0,0,0,0,0,0,0,0,0,0,0,0,0,1,0,0,1,0
2023-09-23,FL,1614,2023-38,Region 4,9.42,80465.64,2026-05-06T19:11:09Z,1.79,0,0,0,0,0,0,0,0,0,0,0,0,0.9999999999999999,0,0,1,0,0,0,0,0,0,0,0,0,0,0,0,0,1,0,0,1,0
2023-09-30,FL,1315,2023-39,Region 4,8.57,71208.13,2026-05-06T19:11:09Z,1.45,0,0,0,0,0,0,0,0,0,0,0,0,1,0,0,1,0,0,0,0,0,0,0,0,0,0,0,0,0,1,0,0,1,0
2023-10-07,FL,1115,2023-40,Region 4,7.52,56994.079999999994,2026-05-06T19:11:09Z,1.22,0,0,0,0,0,0,0,0,0,0,0,0,1.0000000000000002,0,0,1,0,0,0,0,0,0,0,0,0,0,0,0,0,1,0,0,1,0
2023-10-14,FL,1022,2023-41,Region 4,7.03,51972.79,2026-05-06T19:11:09Z,1.08,0,0,0,0,0,0,0,0,0,0,0,0,0.9999999999999999,0,0,1,0,0,0,0,0,0,0,0,0,0,0,0,0,1,0,0,1,0
2023-10-21,FL,914,2023-42,Region 4,7.86,56371.920000000006,2026-05-06T19:11:09Z,1,0,0,0,0,0,0,0,0,0,0,0,0,0.9999999999999999,0,0,1,0,0,0,0,0,0,0,0,0,0,0,0,0,1,0,0,1,0
2023-10-28,FL,818,2023-43,Region 4,6.94,54895.4,2026-05-06T19:11:09Z,0.94,0,0,0,0,0,0,0,0,0,0,0,0,0.9999999999999999,0,0,1,0,0,0,0,0,0,0,0,0,0,0,0,0,1,0,0,1,0
2023-11-04,FL,827,2023-44,Region 4,6.71,54478.49,2026-05-06T19:11:09Z,0.82,0,0,0,0,0,0,0,0,0,0,0,0,0.9999999999999999,0,0,1,0,0,0,0,0,0,0,0,0,0,0,0,0,1,0,0,1,0
2023-11-11,FL,713,2023-45,Region 4,6.93,62065.079999999994,2026-05-06T19:11:09Z,0.82,0,0,0,0,0,0,0,0,0,0,0,0,0.9999999999999999,0,0,1,0,0,0,0,0,0,0,0,0,0,0,0,0,1,0,0,1,0
2023-11-18,FL,732,2023-46,Region 4,7.42,60806.9,2026-05-06T19:11:09Z,0.81,0,0,0,0,0,0,0,0,0,0,0,0,0.9999999999999999,0,0,1,0,0,0,0,0,0,0,0,0,0,0,0,0,1,0,0,1,0
2023-11-25,FL,716,2023-47,Region 4,7.28,60809.840000000004,2026-05-06T19:11:09Z,0.93,0,0,0,0,0,0,0,0,0,0,0,0,1,0,0,1,0,0,0,0,0,0,0,0,0,0,0,0,0,1,0,0,1,0
2023-12-02,FL,787,2023-48,Region 4,7.1,69466.4,2026-05-06T19:11:09Z,1.04,0,0,0,0,0,0,0,0,0,0,0,0,1,0,0,1,0,0,0,0,0,0,0,0,0,0,0,0,0,1,0,0,1,0
2023-12-09,FL,881,2023-49,Region 4,7.24,77815.52,2026-05-06T19:11:09Z,1.2,0,0,0,0,0,0,0,0,0,0,0,0,1,0,0,1,0,0,0,0,0,0,0,0,0,0,0,0,0,1,0,0,1,0
2023-12-16,FL,1145,2023-50,Region 4,7.39,88546.98,2026-05-06T19:11:09Z,1.55,0,0,0,0,0,0,0,0,0,0,0,0,1,0,0,1,0,0,0,0,0,0,0,0,0,0,0,0,0,1,0,0,1,0
2023-12-23,FL,1405,2023-51,Region 4,8.73,104725.08,2026-05-06T19:11:09Z,1.83,0,0,0,0,0,0,0,0,0,0,0,0,1,0,0,1,0,0,0,0,0,0,0,0,0,0,0,0,0,1,0,0,1,0
2023-12-30,FL,1725,2023-52,Region 4,9.71,134901.03,2026-05-06T19:11:09Z,2.51,0,0,0,0,0,0,0,0,0,0,0,0,1,0,0,1,0,0,0,0,0,0,0,0,0,0,0,0,0,1,0,0,1,0
2024-01-06,FL,2070,2024-01,Region 4,10.68,130605.72,2026-05-06T19:11:09Z,2.84,0,0,0,0,0,0,0,0,0,0,0,0,1,0,0,1,0,0,0,0,0,0,0,0,0,0,0,0,0,1,0,0,1,0
2024-01-13,FL,2027,2024-02,Region 4,11.05,119549.95000000001,2026-05-06T19:11:09Z,2.71,0,0,0,0,0,0,0,0,0,0,0,0,1,0,0,1,0,0,0,0,0,0,0,0,0,0,0,0,0,1,0,0,1,0
2024-01-20,FL,1954,2024-03,Region 4,11.23,107392.49,2026-05-06T19:11:09Z,2.59,0,0,0,0,0,0,0,0,0,0,0,0,1,0,0,1,0,0,0,0,0,0,0,0,0,0,0,0,0,1,0,0,1,0
2024-01-27,FL,1992,2024-04,Region 4,11.38,120810.08,2026-05-06T19:11:09Z,2.57,0,0,0,0,0,0,0,0,0,0,0,0,1,0,0,1,0,0,0,0,0,0,0,0,0,0,0,0,0,1,0,0,1,0
2024-02-03,FL,1934,2024-05,Region 4,11.9,121451.40000000001,2026-05-06T19:11:09Z,2.35,0,0,0,0,0,0,0,0,0,0,0,0,1,0,0,1,0,0,0,0,0,0,0,0,0,0,0,0,0,1,0,0,1,0
2024-02-10,FL,1833,2024-06,Region 4,12.1,125682.7,2026-05-06T19:11:09Z,2.3,0,0,0,0,0,0,0,0,0,0,0,0,1,0,0,1,0,0,0,0,0,0,0,0,0,0,0,0,0,1,0,0,1,0
2024-02-17,FL,1742,2024-07,Region 4,11.13,111133.05,2026-05-06T19:11:09Z,1.98,0,0,0,0,0,0,0,0,0,0,0,0,1,0,0,1,0,0,0,0,0,0,0,0,0,0,0,0,0,1,0,0,1,0
2024-02-24,FL,1491,2024-08,Region 4,10.37,102580.04,2026-05-06T19:11:09Z,1.65,0,0,0,0,0,0,0,0,0,0,0,0,1,0,0,1,0,0,0,0,0,0,0,0,0,0,0,0,0,1,0,0,1,0
2024-03-02,FL,1342,2024-09,Region 4,9.47,88184.64,2026-05-06T19:11:09Z,1.35,0,0,0,0,0,0,0,0,0,0,0,0,1,0,0,1,0,0,0,0,0,0,0,0,0,0,0,0,0,1,0,0,1,0
2024-03-09,FL,1124,2024-10,Region 4,7.9,66265.2,2026-05-06T19:11:09Z,1.05,0,0,0,0,0,0,0,0,0,0,0,0,1,0,0,1,0,0,0,0,0,0,0,0,0,0,0,0,0,1,0,0,1,0
2024-03-16,FL,868,2024-11,Region 4,5.68,43202.079999999994,2026-05-06T19:11:09Z,0.81,0,0,0,0,0,0,0,0,0,0,0,0,1,0,0,1,0,0,0,0,0,0,0,0,0,0,0,0,0,1,0,0,1,0
2024-03-23,FL,747,2024-12,Region 4,4.9,36015,2026-05-06T19:11:09Z,0.71,0,0,0,0,0,0,0,0,0,0,0,0,1,0,0,1,0,0,0,0,0,0,0,0,0,0,0,0,0,1,0,0,1,0
2024-03-30,FL,649,2024-13,Region 4,5.39,34269.619999999995,2026-05-06T19:11:09Z,0.64,0,0,0,0,0,0,0,0,0,0,0,0,1,0,0,1,0,0,0,0,0,0,0,0,0,0,0,0,0,1,0,0,1,0
2024-04-06,FL,546,2024-14,Region 4,4.37,27115.850000000002,2026-05-06T19:11:09Z,0.56,0,0,0,0,0,0,0,0,0,0,0,0,1,0,0,1,0,0,0,0,0,0,0,0,0,0,0,0,0,1,0,0,1,0
2024-04-13,FL,450,2024-15,Region 4,3.76,21522.239999999998,2026-05-06T19:11:09Z,0.46,0,0,0,0,0,0,0,0,0,0,0,0,0.9646186596971197,0,0,1,0,0,0,0,0,0,0,0,0,0,0,0,0,0.9889285714285714,0,0,1,0
2024-04-20,FL,396,2024-16,Region 4,3.36,16615.2,2026-05-06T19:11:09Z,0.42,0,0,0,0,0,0,0,0,0,0,0,0,0.9629970226695768,0,0,1,0,0,0,0,0,0,0,0,0,0,0,0,0,0.988452380952381,0,0,1,0
2024-04-27,FL,409,2024-17,Region 4,3.1,15190,2026-05-06T19:11:09Z,0.43,0,0,0,0,0,0,0,0,0,0,0,0,0.9739148235883681,0,0,1,0,0,0,0,0,0,0,0,0,0,0,0,0,0.9698809523809524,0,0,1,0
2022-10-01,GA,569,2022-39,Region 4,5.27,64246.56999999999,2026-05-06T19:11:09Z,0.58,0,0,0,0,0,0,0,0,0,0,0,0,0.9882293227590526,0,1,1,0,0,0,0,0,0,0,0,0,0,0,0,0,0.9476190476190476,0,1,1,0
2022-10-08,GA,515,2022-40,Region 4,4.56,58564.079999999994,2026-05-06T19:11:09Z,0.49,0,0,0,0,0,0,0,0,0,0,0,0,0.9951847229468851,0,1,1,0,0,0,0,0,0,0,0,0,0,0,0,0,0.9785714285714286,0,1,1,0
2022-10-15,GA,490,2022-41,Region 4,4.85,56526.74999999999,2026-05-06T19:11:09Z,0.48,0,0,0,0,0,0,0,0,0,0,0,0,1,0,1,1,0,0,0,0,0,0,0,0,0,0,0,0,0,1,0,1,1,0
2022-10-22,GA,434,2022-42,Region 4,4.03,52394.030000000006,2026-05-06T19:11:09Z,0.47,0,0,0,0,0,0,0,0,0,0,0,0,1,0,1,1,0,0,0,0,0,0,0,0,0,0,0,0,0,1,0,1,1,0
2022-10-29,GA,533,2022-43,Region 4,4.31,58887.52999999999,2026-05-06T19:11:09Z,0.55,0,0,0,0,0,0,0,0,0,0,0,0,1,0,1,1,0,0,0,0,0,0,0,0,0,0,0,0,0,1,0,1,1,0
2022-11-05,GA,502,2022-44,Region 4,3.9,61230,2026-05-06T19:11:09Z,0.6,0,0,0,0,0,0,0,0,0,0,0,0,1,0,1,1,0,0,0,0,0,0,0,0,0,0,0,0,0,1,0,1,1,0
2022-11-12,GA,550,2022-45,Region 4,3.82,55321.24,2026-05-06T19:11:09Z,0.67,0,0,0,0,0,0,0,0,0,0,0,0,1,0,1,1,0,0,0,0,0,0,0,0,0,0,0,0,0,1,0,1,1,0
2022-11-19,GA,448,2022-46,Region 4,4.13,55288.31,2026-05-06T19:11:09Z,0.64,0,0,0,0,0,0,0,0,0,0,0,0,1,0,1,1,0,0,0,0,0,0,0,0,0,0,0,0,0,1,0,1,1,0
2022-11-26,GA,465,2022-47,Region 4,5.28,61644,2026-05-06T19:11:09Z,1.07,0,0,0,0,0,0,0,0,0,0,0,0,1,0,1,1,0,0,0,0,0,0,0,0,0,0,0,0,0,1,0,1,1,0
2022-12-03,GA,703,2022-48,Region 4,7.55,97455.4,2026-05-06T19:11:09Z,1.34,0,0,0,0,0,0,0,0,0,0,0,0,1,0,1,1,0,0,0,0,0,0,0,0,0,0,0,0,0,1,0,1,1,0
2023-07-01,MO,75,2023-26,Region 7,4.56,10392.24,2026-05-06T19:11:09Z,0,0,0,0,0,0,0,0,0,0,0,0,0,1,0,0,0.8803533565976133,0,0,0,0,0,0,0,0,0,0,0,0,0,1,0,0,0.8048459383753501,0
2022-12-10,GA,782,2022-49,Region 4,8.38,101909.18000000001,2026-05-06T19:11:09Z,1.67,0,0,0,0,0,0,0,0,0,0,0,0,1,0,1,1,0,0,0,0,0,0,0,0,0,0,0,0,0,1,0,1,1,0
2022-12-17,GA,839,2022-50,Region 4,10.21,118190.96,2026-05-06T19:11:09Z,1.84,0,0,0,0,0,0,0,0,0,0,0,0,1,0,1,1,0,0,0,0,0,0,0,0,0,0,0,0,0,1,0,1,1,0
2022-12-24,GA,1019,2022-51,Region 4,11.52,119589.12,2026-05-06T19:11:09Z,2.18,0,0,0,0,0,0,0,0,0,0,0,0,1,0,1,1,0,0,0,0,0,0,0,0,0,0,0,0,0,1,0,1,1,0
2022-12-31,GA,1378,2022-52,Region 4,14.04,149399.63999999998,2026-05-06T19:11:09Z,2.86,0,0,0,0,0,0,0,0,0,0,0,0,1,0,1,1,0,0,0,0,0,0,0,0,0,0,0,0,0,1,0,1,1,0
2023-01-07,GA,1562,2023-01,Region 4,13.55,147139.45,2026-05-06T19:11:09Z,3.27,0,0,0,0,0,0,0,0,0,0,0,0,1,0,1,1,0,0,0,0,0,0,0,0,0,0,0,0,0,1,0,1,1,0
2023-01-14,GA,1227,2023-02,Region 4,10.19,121373.09,2026-05-06T19:11:09Z,2.35,0,0,0,0,0,0,0,0,0,0,0,0,1,0,1,1,0,0,0,0,0,0,0,0,0,0,0,0,0,1,0,1,1,0
2023-01-21,GA,1001,2023-03,Region 4,10.69,112565.7,2026-05-06T19:11:09Z,2.11,0,0,0,0,0,0,0,0,0,0,0,0,1,0,1,1,0,0,0,0,0,0,0,0,0,0,0,0,0,1,0,1,1,0
2023-01-28,GA,899,2023-04,Region 4,9.37,106461.93999999999,2026-05-06T19:11:09Z,1.79,0,0,0,0,0,0,0,0,0,0,0,0,1,0,1,1,0,0,0,0,0,0,0,0,0,0,0,0,0,1,0,1,1,0
2023-02-04,GA,951,2023-05,Region 4,9.03,104142.98999999999,2026-05-06T19:11:09Z,1.72,0,0,0,0,0,0,0,0,0,0,0,0,1,0,1,0.9993607670795046,0,0,0,0,0,0,0,0,0,0,0,0,0,1,0,1,0.9888888888888888,0
2023-02-11,GA,904,2023-06,Region 4,8.67,102514.08,2026-05-06T19:11:09Z,1.28,0,0,0,0,0,0,0,0,0,0,0,0,1,0,1,0.9969864733748074,0,0,0,0,0,0,0,0,0,0,0,0,0,1,0,1,0.9476190476190476,0
2023-02-18,GA,779,2023-07,Region 4,7.72,85136.16,2026-05-06T19:11:09Z,1.02,0,0,0,0,0,0,0,0,0,0,0,0,1,0,1,0.9974430683180183,0,0,0,0,0,0,0,0,0,0,0,0,0,1,0,1,0.9555555555555556,0
2023-02-25,GA,623,2023-08,Region 4,6.2,65069,2026-05-06T19:11:09Z,1.02,0,0,0,0,0,0,0,0,0,0,0,0,1,0,1,0.9998173620227155,0,0,0,0,0,0,0,0,0,0,0,0,0,1,0,1,0.9968253968253968,0
2023-03-04,GA,525,2023-09,Region 4,5.22,47945.7,2026-05-06T19:11:09Z,0.88,0,0,0,0,0,0,0,0,0,0,0,0,1,0,1,1,0,0,0,0,0,0,0,0,0,0,0,0,0,1,0,1,1,0
2023-03-11,GA,408,2023-10,Region 4,5.02,43116.78,2026-05-06T19:11:09Z,0.61,0,0,0,0,0,0,0,0,0,0,0,0,1,0,1,1,0,0,0,0,0,0,0,0,0,0,0,0,0,1,0,1,1,0
2023-03-18,GA,420,2023-11,Region 4,3.96,33184.8,2026-05-06T19:11:09Z,0.65,0,0,0,0,0,0,0,0,0,0,0,0,1,0,1,1,0,0,0,0,0,0,0,0,0,0,0,0,0,1,0,1,1,0
2023-03-25,GA,415,2023-12,Region 4,4.84,40670.52,2026-05-06T19:11:09Z,0.58,0,0,0,0,0,0,0,0,0,0,0,0,1,0,1,1,0,0,0,0,0,0,0,0,0,0,0,0,0,1,0,1,1,0
2023-04-01,GA,361,2023-13,Region 4,3.79,25897.07,2026-05-06T19:11:09Z,0.45,0,0,0,0,0,0,0,0,0,0,0,0,1,0,1,1,0,0,0,0,0,0,0,0,0,0,0,0,0,1,0,1,1,0
2023-04-08,GA,281,2023-14,Region 4,4.8,32630.399999999998,2026-05-06T19:11:09Z,0.48,0,0,0,0,0,0,0,0,0,0,0,0,1,0,1,1,0,0,0,0,0,0,0,0,0,0,0,0,0,1,0,1,1,0
2023-04-15,GA,265,2023-15,Region 4,4.62,30903.18,2026-05-06T19:11:09Z,0.41,0,0,0,0,0,0,0,0,0,0,0,0,1,0,1,1,0,0,0,0,0,0,0,0,0,0,0,0,0,1,0,1,1,0
2023-04-22,GA,248,2023-16,Region 4,4.32,26676,2026-05-06T19:11:09Z,0.38,0,0,0,0,0,0,0,0,0,0,0,0,0.9887650172808907,0,1,1,0,0,0,0,0,0,0,0,0,0,0,0,0,0.9885714285714287,0,1,1,0
2023-04-29,GA,242,2023-17,Region 4,4.32,27591.84,2026-05-06T19:11:09Z,0.33,0,0,0,0,0,0,0,0,0,0,0,0,0.974253164602041,0,1,1,0,0,0,0,0,0,0,0,0,0,0,0,0,0.9738095238095238,0,1,1,0
2023-05-06,GA,256,2023-18,Region 4,4.56,25504.079999999998,2026-05-06T19:11:09Z,0.35,0,0,0,0,0,0,0,0,0,0,0,0,0.9822112773614101,0,1,1,0,0,0,0,0,0,0,0,0,0,0,0,0,0.981904761904762,0,1,1,0
2023-05-13,GA,232,2023-19,Region 4,3.72,24697.08,2026-05-06T19:11:09Z,0.33,0,0,0,0,0,0,0,0,0,0,0,0,1,0,1,1,0,0,0,0,0,0,0,0,0,0,0,0,0,1,0,1,1,0
2023-05-20,GA,187,2023-20,Region 4,3.64,22389.64,2026-05-06T19:11:09Z,0.31,0,0,0,0,0,0,0,0,0,0,0,0,1,0,1,1,0,0,0,0,0,0,0,0,0,0,0,0,0,1,0,1,1,0
2023-05-27,GA,172,2023-21,Region 4,4.3,22394.399999999998,2026-05-06T19:11:09Z,0.33,0,0,0,0,0,0,0,0,0,0,0,0,1,0,1,0.9979391580518427,0,0,0,0,0,0,0,0,0,0,0,0,0,1,0,1,0.9666233766233766,0
2023-06-03,GA,157,2023-22,Region 4,3.4,17724.2,2026-05-06T19:11:09Z,0.33,0,0,0,0,0,0,0,0,0,0,0,0,1,0,1,0.9947877538276181,0,0,0,0,0,0,0,0,0,0,0,0,0,1,0,1,0.9155844155844156,0
2023-06-10,GA,200,2023-23,Region 4,4.08,20102.16,2026-05-06T19:11:09Z,0.3,0,0,0,0,0,0,0,0,0,0,0,0,0.9779981588417442,0,1,0.9956392134386982,0,0,0,0,0,0,0,0,0,0,0,0,0,0.9776190476190476,0,1,0.9833333333333333,0
2023-06-17,GA,161,2023-24,Region 4,4.07,17692.29,2026-05-06T19:11:09Z,0.32,0,0,0,0,0,0,0,0,0,0,0,0,0.9478041427841376,0,1,0.9926578593610735,0,0,0,0,0,0,0,0,0,0,0,0,0,0.9469047619047619,0,1,0.9803571428571429,0
2023-06-24,GA,162,2023-25,Region 4,4.27,18100.53,2026-05-06T19:11:09Z,0.35,0,0,0,0,0,0,0,0,0,0,0,0,0.9571666283833953,0,1,0.9957727069048604,0,0,0,0,0,0,0,0,0,0,0,0,0,0.9564285714285714,0,1,0.9886904761904762,0
2023-07-01,GA,176,2023-26,Region 4,5,18195,2026-05-06T19:11:09Z,0.38,0,0,0,0,0,0,0,0,0,0,0,0,0.9960209436203155,0,1,1,0,0,0,0,0,0,0,0,0,0,0,0,0,0.995952380952381,0,1,1,0
2023-07-08,GA,181,2023-27,Region 4,5.97,20089.05,2026-05-06T19:11:09Z,0.44,0,0,0,0,0,0,0,0,0,0,0,0,1,0,1,1,0,0,0,0,0,0,0,0,0,0,0,0,0,1,0,1,1,0
2023-07-15,GA,207,2023-28,Region 4,6.38,21806.84,2026-05-06T19:11:09Z,0.56,0,0,0,0,0,0,0,0,0,0,0,0,1,0,1,1,0,0,0,0,0,0,0,0,0,0,0,0,0,1,0,1,1,0
2023-07-22,GA,237,2023-29,Region 4,8.78,33609.84,2026-05-06T19:11:09Z,0.72,0,0,0,0,0,0,0,0,0,0,0,0,1,0,1,1,0,0,0,0,0,0,0,0,0,0,0,0,0,1,0,1,1,0
2023-07-29,GA,312,2023-30,Region 4,10.16,51612.8,2026-05-06T19:11:09Z,0.97,0,0,0,0,0,0,0,0,0,0,0,0,1,0,1,1,0,0,0,0,0,0,0,0,0,0,0,0,0,1,0,1,1,0
2023-08-05,GA,400,2023-31,Region 4,11,52019,2026-05-06T19:11:09Z,1.33,0,0,0,0,0,0,0,0,0,0,0,0,1,0,1,1,0,0,0,0,0,0,0,0,0,0,0,0,0,1,0,1,1,0
2023-08-12,GA,470,2023-32,Region 4,12.55,60478.450000000004,2026-05-06T19:11:09Z,1.69,0,0,0,0,0,0,0,0,0,0,0,0,1,0,1,1,0,0,0,0,0,0,0,0,0,0,0,0,0,1,0,1,1,0
2023-08-19,GA,629,2023-33,Region 4,14.32,78917.52,2026-05-06T19:11:09Z,2.34,0,0,0,0,0,0,0,0,0,0,0,0,1,0,1,1,0,0,0,0,0,0,0,0,0,0,0,0,0,1,0,1,1,0
2023-08-26,GA,774,2023-34,Region 4,16.17,136992.24000000002,2026-05-06T19:11:09Z,2.54,0,0,0,0,0,0,0,0,0,0,0,0,1,0,1,1,0,0,0,0,0,0,0,0,0,0,0,0,0,1,0,1,1,0
2023-09-02,GA,738,2023-35,Region 4,12.35,96120.05,2026-05-06T19:11:09Z,1.99,0,0,0,0,0,0,0,0,0,0,0,0,1,0,1,1,0,0,0,0,0,0,0,0,0,0,0,0,0,1,0,1,1,0
2023-09-09,GA,651,2023-36,Region 4,13.49,104088.84,2026-05-06T19:11:09Z,1.51,0,0,0,0,0,0,0,0,0,0,0,0,1,0,1,1,0,0,0,0,0,0,0,0,0,0,0,0,0,1,0,1,1,0
2023-09-16,GA,594,2023-37,Region 4,11.63,92307.31000000001,2026-05-06T19:11:09Z,1.17,0,0,0,0,0,0,0,0,0,0,0,0,1,0,1,1,0,0,0,0,0,0,0,0,0,0,0,0,0,1,0,1,1,0
2023-09-23,GA,487,2023-38,Region 4,9.42,80465.64,2026-05-06T19:11:09Z,0.96,0,0,0,0,0,0,0,0,0,0,0,0,0.9625500576029686,0,1,1,0,0,0,0,0,0,0,0,0,0,0,0,0,0.9619047619047619,0,1,1,0
2023-09-30,GA,390,2023-39,Region 4,8.57,71208.13,2026-05-06T19:11:09Z,0.85,0,0,0,0,0,0,0,0,0,0,0,0,0.9362759079812608,0,1,1,0,0,0,0,0,0,0,0,0,0,0,0,0,0.929047619047619,0,1,1,0
2023-10-07,GA,340,2023-40,Region 4,7.52,56994.079999999994,2026-05-06T19:11:09Z,0.7,0,0,0,0,0,0,0,0,0,0,0,0,0.9613447355160141,0,1,1,0,0,0,0,0,0,0,0,0,0,0,0,0,0.9521428571428572,0,1,1,0
2023-10-14,GA,374,2023-41,Region 4,7.03,51972.79,2026-05-06T19:11:09Z,0.65,0,0,0,0,0,0,0,0,0,0,0,0,0.992899977831315,0,1,1,0,0,0,0,0,0,0,0,0,0,0,0,0,0.9892857142857143,0,1,1,0
2023-10-21,GA,355,2023-42,Region 4,7.86,56371.920000000006,2026-05-06T19:11:09Z,0.63,0,0,0,0,0,0,0,0,0,0,0,0,1,0,1,0.9953277286843195,0,0,0,0,0,0,0,0,0,0,0,0,0,1,0,1,0.9916666666666667,0
2023-10-28,GA,342,2023-43,Region 4,6.94,54895.4,2026-05-06T19:11:09Z,0.67,0,0,0,0,0,0,0,0,0,0,0,0,1,0,1,0.9886530553762046,0,0,0,0,0,0,0,0,0,0,0,0,0,1,0,1,0.9797619047619048,0
2023-11-04,GA,353,2023-44,Region 4,6.71,54478.49,2026-05-06T19:11:09Z,0.66,0,0,0,0,0,0,0,0,0,0,0,0,1,0,1,0.9900547367709087,0,0,0,0,0,0,0,0,0,0,0,0,0,1,0,1,0.9822619047619048,0
2023-11-11,GA,367,2023-45,Region 4,6.93,62065.079999999994,2026-05-06T19:11:09Z,0.82,0,0,0,0,0,0,0,0,0,0,0,0,0.9973467155624169,0,1,1,0,0,0,0,0,0,0,0,0,0,0,0,0,0.9778571428571428,0,1,1,0
2023-11-18,GA,374,2023-46,Region 4,7.42,60806.9,2026-05-06T19:11:09Z,0.73,0,0,0,0,0,0,0,0,0,0,0,0,0.9820305491601719,0,1,1,0,0,0,0,0,0,0,0,0,0,0,0,0,0.9514285714285714,0,1,1,0
2023-11-25,GA,332,2023-47,Region 4,7.28,60809.840000000004,2026-05-06T19:11:09Z,0.75,0,0,0,0,0,0,0,0,0,0,0,0,0.9779732836184992,0,1,1,0,0,0,0,0,0,0,0,0,0,0,0,0,0.9607142857142857,0,1,1,0
2023-12-02,GA,378,2023-48,Region 4,7.1,69466.4,2026-05-06T19:11:09Z,0.81,0,0,0,0,0,0,0,0,0,0,0,0,0.9914799733975781,0,1,1,0,0,0,0,0,0,0,0,0,0,0,0,0,0.9871428571428572,0,1,1,0
2023-12-09,GA,423,2023-49,Region 4,7.24,77815.52,2026-05-06T19:11:09Z,0.91,0,0,0,0,0,0,0,0,0,0,0,0,1,0,1,1,0,0,0,0,0,0,0,0,0,0,0,0,0,1,0,1,1,0
2023-12-16,GA,491,2023-50,Region 4,7.39,88546.98,2026-05-06T19:11:09Z,1.11,0,0,0,0,0,0,0,0,0,0,0,0,1,0,1,1,0,0,0,0,0,0,0,0,0,0,0,0,0,1,0,1,1,0
2023-12-23,GA,721,2023-51,Region 4,8.73,104725.08,2026-05-06T19:11:09Z,1.66,0,0,0,0,0,0,0,0,0,0,0,0,1,0,1,1,0,0,0,0,0,0,0,0,0,0,0,0,0,1,0,1,1,0
2023-12-30,GA,918,2023-52,Region 4,9.71,134901.03,2026-05-06T19:11:09Z,2.21,0,0,0,0,0,0,0,0,0,0,0,0,1,0,1,1,0,0,0,0,0,0,0,0,0,0,0,0,0,1,0,1,1,0
2024-01-06,GA,928,2024-01,Region 4,10.68,130605.72,2026-05-06T19:11:09Z,1.9,0,0,0,0,0,0,0,0,0,0,0,0,1,0,1,0.9962621829474557,0,0,0,0,0,0,0,0,0,0,0,0,0,1,0,1,0.9375,0
2024-01-13,GA,908,2024-02,Region 4,11.05,119549.95000000001,2026-05-06T19:11:09Z,1.84,0,0,0,0,0,0,0,0,0,0,0,0,1,0,1,0.9978712241929318,0,0,0,0,0,0,0,0,0,0,0,0,0,1,0,1,0.9644047619047619,0
2024-01-20,GA,858,2024-03,Region 4,11.23,107392.49,2026-05-06T19:11:09Z,2.02,0,0,0,0,0,0,0,0,0,0,0,0,1,0,1,0.9988252574977717,0,0,0,0,0,0,0,0,0,0,0,0,0,1,0,1,0.9803571428571429,0
2024-01-27,GA,818,2024-04,Region 4,11.38,120810.08,2026-05-06T19:11:09Z,2.11,0,0,0,0,0,0,0,0,0,0,0,0,1,0,1,1,0,0,0,0,0,0,0,0,0,0,0,0,0,1,0,1,1,0
2024-02-03,GA,829,2024-05,Region 4,11.9,121451.40000000001,2026-05-06T19:11:09Z,2.11,0,0,0,0,0,0,0,0,0,0,0,0,1,0,1,1,0,0,0,0,0,0,0,0,0,0,0,0,0,1,0,1,1,0
2024-02-10,GA,794,2024-06,Region 4,12.1,125682.7,2026-05-06T19:11:09Z,2.01,0,0,0,0,0,0,0,0,0,0,0,0,1,0,1,1,0,0,0,0,0,0,0,0,0,0,0,0,0,1,0,1,1,0
2024-02-17,GA,872,2024-07,Region 4,11.13,111133.05,2026-05-06T19:11:09Z,1.97,0,0,0,0,0,0,0,0,0,0,0,0,1,0,1,1,0,0,0,0,0,0,0,0,0,0,0,0,0,1,0,1,1,0
2024-02-24,GA,777,2024-08,Region 4,10.37,102580.04,2026-05-06T19:11:09Z,1.72,0,0,0,0,0,0,0,0,0,0,0,0,1,0,1,1,0,0,0,0,0,0,0,0,0,0,0,0,0,1,0,1,1,0
2024-03-02,GA,693,2024-09,Region 4,9.47,88184.64,2026-05-06T19:11:09Z,1.31,0,0,0,0,0,0,0,0,0,0,0,0,1,0,1,1,0,0,0,0,0,0,0,0,0,0,0,0,0,1,0,1,1,0
2024-03-09,GA,604,2024-10,Region 4,7.9,66265.2,2026-05-06T19:11:09Z,1.02,0,0,0,0,0,0,0,0,0,0,0,0,1,0,1,1,0,0,0,0,0,0,0,0,0,0,0,0,0,1,0,1,1,0
2024-03-16,GA,416,2024-11,Region 4,5.68,43202.079999999994,2026-05-06T19:11:09Z,0.76,0,0,0,0,0,0,0,0,0,0,0,0,1,0,1,1,0,0,0,0,0,0,0,0,0,0,0,0,0,1,0,1,1,0
2024-03-23,GA,366,2024-12,Region 4,4.9,36015,2026-05-06T19:11:09Z,0.55,0,0,0,0,0,0,0,0,0,0,0,0,1,0,1,1,0,0,0,0,0,0,0,0,0,0,0,0,0,1,0,1,1,0
2024-03-30,GA,320,2024-13,Region 4,5.39,34269.619999999995,2026-05-06T19:11:09Z,0.65,0,0,0,0,0,0,0,0,0,0,0,0,1,0,1,1,0,0,0,0,0,0,0,0,0,0,0,0,0,1,0,1,1,0
2024-04-06,GA,262,2024-14,Region 4,4.37,27115.850000000002,2026-05-06T19:11:09Z,0.56,0,0,0,0,0,0,0,0,0,0,0,0,1,0,1,1,0,0,0,0,0,0,0,0,0,0,0,0,0,1,0,1,1,0
2024-04-13,GA,206,2024-15,Region 4,3.76,21522.239999999998,2026-05-06T19:11:09Z,0.4,0,0,0,0,0,0,0,0,0,0,0,0,0.9817465785439181,0,1,0.9960841916592392,0,0,0,0,0,0,0,0,0,0,0,0,0,0.9730952380952381,0,1,0.9345238095238095,0
2024-04-20,GA,182,2024-16,Region 4,3.36,16615.2,2026-05-06T19:11:09Z,0.34,0,0,0,0,0,0,0,0,0,0,0,0,0.9627159888747033,0,1,0.9978587648027566,0,0,0,0,0,0,0,0,0,0,0,0,0,0.9321428571428573,0,1,0.9664285714285714,0
2024-04-27,GA,142,2024-17,Region 4,3.1,15190,2026-05-06T19:11:09Z,0.22,0,0,0,0,0,0,0,0,0,0,0,0,0.9732830064120028,0,1,0.9983891788416416,0,0,0,0,0,0,0,0,0,0,0,0,0,0.9388095238095238,0,1,0.9779761904761906,0
2022-10-01,GU,1,2022-39,Region 9,6.08,96860.48,2026-05-06T19:11:09Z,0,0,0,0,0,0,0,0,0,0,0,0,0,0,0,0,0,0,0,0,0,0,0,0,0,0,0,0,0,0,0,0,0,0,0
2022-10-08,GU,2,2022-40,Region 9,5.25,75379.5,2026-05-06T19:11:09Z,0,0,0,0,0,0,0,0,0,0,0,0,0,0,0,0,0,0,0,0,0,0,0,0,0,0,0,0,0,0,0,0,0,0,0
2022-10-15,GU,5,2022-41,Region 9,5.88,82860.95999999999,2026-05-06T19:11:09Z,0,0,0,0,0,0,0,0,0,0,0,0,0,0,0,0,0,0,0,0,0,0,0,0,0,0,0,0,0,0,0,0,0,0,0
2022-10-22,GU,4,2022-42,Region 9,6.06,89603.15999999999,2026-05-06T19:11:09Z,0,0,0,0,0,0,0,0,0,0,0,0,0,0,0,0,0,0,0,0,0,0,0,0,0,0,0,0,0,0,0,0,0,0,0
2022-10-29,GU,5,2022-43,Region 9,6.57,95652.63,2026-05-06T19:11:09Z,0,0,0,0,0,0,0,0,0,0,0,0,0,0,0,0,0,0,0,0,0,0,0,0,0,0,0,0,0,0,0,0,0,0,0
2022-11-05,GU,2,2022-44,Region 9,7.23,110055.06000000001,2026-05-06T19:11:09Z,0,0,0,0,0,0,0,0,0,0,0,0,0,0,0,0,0,0,0,0,0,0,0,0,0,0,0,0,0,0,0,0,0,0,0
2022-11-12,GU,1,2022-45,Region 9,7.34,105013.38,2026-05-06T19:11:09Z,0,0,0,0,0,0,0,0,0,0,0,0,0,0,0,0,0,0,0,0,0,0,0,0,0,0,0,0,0,0,0,0,0,0,0
2022-11-19,GU,6,2022-46,Region 9,7.6,127718,2026-05-06T19:11:09Z,0,0,0,0,0,0,0,0,0,0,0,0,0,0,0,0,0,0,0,0,0,0,0,0,0,0,0,0,0,0,0,0,0,0,0
2022-11-26,GU,11,2022-47,Region 9,8.87,118245.96999999999,2026-05-06T19:11:09Z,0,0,0,0,0,0,0,0,0,0,0,0,0,0,0,0,0,0,0,0,0,0,0,0,0,0,0,0,0,0,0,0,0,0,0
2022-12-03,GU,11,2022-48,Region 9,10.19,188790.13,2026-05-06T19:11:09Z,0,0,0,0,0,0,0,0,0,0,0,0,0,0,0,0,0,0,0,0,0,0,0,0,0,0,0,0,0,0,0,0,0,0,0
2022-12-10,GU,7,2022-49,Region 9,9.84,164977.44,2026-05-06T19:11:09Z,0,0,0,0,0,0,0,0,0,0,0,0,0,0,0,0,0,0,0,0,0,0,0,0,0,0,0,0,0,0,0,0,0,0,0
2022-12-17,GU,5,2022-50,Region 9,8.86,142761.18,2026-05-06T19:11:09Z,0,0,0,0,0,0,0,0,0,0,0,0,0,0,0,0,0,0,0,0,0,0,0,0,0,0,0,0,0,0,0,0,0,0,0
2022-12-24,GU,14,2022-51,Region 9,8.76,120344.87999999999,2026-05-06T19:11:09Z,0,0,0,0,0,0,0,0,0,0,0,0,0,0,0,0,0,0,0,0,0,0,0,0,0,0,0,0,0,0,0,0,0,0,0
2022-12-31,GU,12,2022-52,Region 9,9.78,115648.49999999999,2026-05-06T19:11:09Z,0,0,0,0,0,0,0,0,0,0,0,0,0,0,0,0,0,0,0,0,0,0,0,0,0,0,0,0,0,0,0,0,0,0,0
2023-01-07,GU,15,2023-01,Region 9,9.1,124378.79999999999,2026-05-06T19:11:09Z,0,0,0,0,0,0,0,0,0,0,0,0,0,0,0,0,0,0,0,0,0,0,0,0,0,0,0,0,0,0,0,0,0,0,0
2023-01-14,GU,15,2023-02,Region 9,7.09,87752.93,2026-05-06T19:11:09Z,0,0,0,0,0,0,0,0,0,0,0,0,0,0,0,0,0,0,0,0,0,0,0,0,0,0,0,0,0,0,0,0,0,0,0
2023-01-21,GU,7,2023-03,Region 9,6.08,69743.68000000001,2026-05-06T19:11:09Z,0,0,0,0,0,0,0,0,0,0,0,0,0,0,0,0,0,0,0,0,0,0,0,0,0,0,0,0,0,0,0,0,0,0,0
2023-01-28,GU,7,2023-04,Region 9,5.85,64548.899999999994,2026-05-06T19:11:09Z,0,0,0,0,0,0,0,0,0,0,0,0,0,0,0,0,0,0,0,0,0,0,0,0,0,0,0,0,0,0,0,0,0,0,0
2023-02-04,GU,7,2023-05,Region 9,6.37,69114.5,2026-05-06T19:11:09Z,0,0,0,0,0,0,0,0,0,0,0,0,0,0,0,0,0,0,0,0,0,0,0,0,0,0,0,0,0,0,0,0,0,0,0
2023-02-11,GU,6,2023-06,Region 9,6.61,71460.71,2026-05-06T19:11:09Z,0,0,0,0,0,0,0,0,0,0,0,0,0,0,0,0,0,0,0,0,0,0,0,0,0,0,0,0,0,0,0,0,0,0,0
2023-02-18,GU,6,2023-07,Region 9,7.13,65417.75,2026-05-06T19:11:09Z,0,0,0,0,0,0,0,0,0,0,0,0,0,0,0,0,0,0,0,0,0,0,0,0,0,0,0,0,0,0,0,0,0,0,0
2023-02-25,GU,2,2023-08,Region 9,6.55,61720.65,2026-05-06T19:11:09Z,0,0,0,0,0,0,0,0,0,0,0,0,0,0,0,0,0,0,0,0,0,0,0,0,0,0,0,0,0,0,0,0,0,0,0
2023-03-04,GU,2,2023-09,Region 9,7.35,62533.799999999996,2026-05-06T19:11:09Z,0,0,0,0,0,0,0,0,0,0,0,0,0,0,0,0,0,0,0,0,0,0,0,0,0,0,0,0,0,0,0,0,0,0,0
2023-03-11,GU,0,2023-10,Region 9,6.27,58085.28,2026-05-06T19:11:09Z,0,0,0,0,0,0,0,0,0,0,0,0,0,0,0,0,0,0,0,0,0,0,0,0,0,0,0,0,0,0,0,0,0,0,0
2023-03-18,GU,1,2023-11,Region 9,7.39,65519.74,2026-05-06T19:11:09Z,0,0,0,0,0,0,0,0,0,0,0,0,0,0,0,0,0,0,0,0,0,0,0,0,0,0,0,0,0,0,0,0,0,0,0
2023-03-25,GU,3,2023-12,Region 9,6.92,59366.68,2026-05-06T19:11:09Z,0,0,0,0,0,0,0,0,0,0,0,0,0,0,0,0,0,0,0,0,0,0,0,0,0,0,0,0,0,0,0,0,0,0,0
2023-04-01,GU,3,2023-13,Region 9,7.22,57788.88,2026-05-06T19:11:09Z,0,0,0,0,0,0,0,0,0,0,0,0,0,0,0,0,0,0,0,0,0,0,0,0,0,0,0,0,0,0,0,0,0,0,0
2023-04-08,GU,4,2023-14,Region 9,7.72,64392.52,2026-05-06T19:11:09Z,0,0,0,0,0,0,0,0,0,0,0,0,0,0,0,0,0,0,0,0,0,0,0,0,0,0,0,0,0,0,0,0,0,0,0
2023-04-15,GU,4,2023-15,Region 9,6.97,57788.27,2026-05-06T19:11:09Z,0,0,0,0,0,0,0,0,0,0,0,0,0,0,0,0,0,0,0,0,0,0,0,0,0,0,0,0,0,0,0,0,0,0,0
2023-04-22,GU,4,2023-16,Region 9,6.46,51027.54,2026-05-06T19:11:09Z,0,0,0,0,0,0,0,0,0,0,0,0,0,0,0,0,0,0,0,0,0,0,0,0,0,0,0,0,0,0,0,0,0,0,0
2023-04-29,GU,8,2023-17,Region 9,6.03,47612.880000000005,2026-05-06T19:11:09Z,0,0,0,0,0,0,0,0,0,0,0,0,0,0,0,0,0,0,0,0,0,0,0,0,0,0,0,0,0,0,0,0,0,0,0
2023-05-06,GU,10,2023-18,Region 9,6.11,48097.920000000006,2026-05-06T19:11:09Z,0,0,0,0,0,0,0,0,0,0,0,0,0,0,0,0,0,0,0,0,0,0,0,0,0,0,0,0,0,0,0,0,0,0,0
2023-05-13,GU,9,2023-19,Region 9,6.22,50388.22,2026-05-06T19:11:09Z,0,0,0,0,0,0,0,0,0,0,0,0,0,0,0,0,0,0,0,0,0,0,0,0,0,0,0,0,0,0,0,0,0,0,0
2023-05-20,GU,7,2023-20,Region 9,6.9,47085.600000000006,2026-05-06T19:11:09Z,0,0,0,0,0,0,0,0,0,0,0,0,0,0,0,0,0,0,0,0,0,0,0,0,0,0,0,0,0,0,0,0,0,0,0
2023-05-27,GU,8,2023-21,Region 9,6.23,39024.72,2026-05-06T19:11:09Z,0,0,0,0,0,0,0,0,0,0,0,0,0,0,0,0,0,0,0,0,0,0,0,0,0,0,0,0,0,0,0,0,0,0,0
2023-06-03,GU,14,2023-22,Region 9,5.51,34889.32,2026-05-06T19:11:09Z,0,0,0,0,0,0,0,0,0,0,0,0,0,0,0,0,0,0,0,0,0,0,0,0,0,0,0,0,0,0,0,0,0,0,0
2023-06-10,GU,7,2023-23,Region 9,5.26,33474.64,2026-05-06T19:11:09Z,0,0,0,0,0,0,0,0,0,0,0,0,0,0,0,0,0,0,0,0,0,0,0,0,0,0,0,0,0,0,0,0,0,0,0
2023-06-17,GU,4,2023-24,Region 9,6.08,36279.36,2026-05-06T19:11:09Z,0,0,0,0,0,0,0,0,0,0,0,0,0,0,0,0,0,0,0,0,0,0,0,0,0,0,0,0,0,0,0,0,0,0,0
2023-06-24,GU,5,2023-25,Region 9,5.51,32597.16,2026-05-06T19:11:09Z,0,0,0,0,0,0,0,0,0,0,0,0,0,0,0,0,0,0,0,0,0,0,0,0,0,0,0,0,0,0,0,0,0,0,0
2023-07-01,GU,5,2023-26,Region 9,6.32,37597.68,2026-05-06T19:11:09Z,0,0,0,0,0,0,0,0,0,0,0,0,0,0,0,0,0,0,0,0,0,0,0,0,0,0,0,0,0,0,0,0,0,0,0
2023-07-08,GU,8,2023-27,Region 9,9,44802,2026-05-06T19:11:09Z,0,0,0,0,0,0,0,0,0,0,0,0,0,0,0,0,0,0,0,0,0,0,0,0,0,0,0,0,0,0,0,0,0,0,0
2023-07-15,GU,7,2023-28,Region 9,9.5,49780,2026-05-06T19:11:09Z,0,0,0,0,0,0,0,0,0,0,0,0,0,0,0,0,0,0,0,0,0,0,0,0,0,0,0,0,0,0,0,0,0,0,0
2023-07-22,GU,6,2023-29,Region 9,9.64,54726.280000000006,2026-05-06T19:11:09Z,0,0,0,0,0,0,0,0,0,0,0,0,0,0,0,0,0,0,0,0,0,0,0,0,0,0,0,0,0,0,0,0,0,0,0
2023-07-29,GU,4,2023-30,Region 9,10.51,62429.4,2026-05-06T19:11:09Z,0,0,0,0,0,0,0,0,0,0,0,0,0,0,0,0,0,0,0,0,0,0,0,0,0,0,0,0,0,0,0,0,0,0,0
2023-08-05,GU,4,2023-31,Region 9,12.32,63386.4,2026-05-06T19:11:09Z,0,0,0,0,0,0,0,0,0,0,0,0,0,0,0,0,0,0,0,0,0,0,0,0,0,0,0,0,0,0,0,0,0,0,0
2023-08-12,GU,2,2023-32,Region 9,16.28,82979.16,2026-05-06T19:11:09Z,0,0,0,0,0,0,0,0,0,0,0,0,0,0,0,0,0,0,0,0,0,0,0,0,0,0,0,0,0,0,0,0,0,0,0
2023-08-19,GU,5,2023-33,Region 9,15.98,92476.26000000001,2026-05-06T19:11:09Z,0,0,0,0,0,0,0,0,0,0,0,0,0,0,0,0,0,0,0,0,0,0,0,0,0,0,0,0,0,0,0,0,0,0,0
2023-08-26,GU,8,2023-34,Region 9,16.22,103402.5,2026-05-06T19:11:09Z,0,0,0,0,0,0,0,0,0,0,0,0,0,0,0,0,0,0,0,0,0,0,0,0,0,0,0,0,0,0,0,0,0,0,0
2023-09-02,GU,7,2023-35,Region 9,15.37,101626.43999999999,2026-05-06T19:11:09Z,0,0,0,0,0,0,0,0,0,0,0,0,0,0,0,0,0,0,0,0,0,0,0,0,0,0,0,0,0,0,0,0,0,0,0
2023-09-09,GU,3,2023-36,Region 9,14.71,92025.76000000001,2026-05-06T19:11:09Z,0,0,0,0,0,0,0,0,0,0,0,0,0,0,0,0,0,0,0,0,0,0,0,0,0,0,0,0,0,0,0,0,0,0,0
2023-09-16,GU,2,2023-37,Region 9,12.72,84028.32,2026-05-06T19:11:09Z,0,0,0,0,0,0,0,0,0,0,0,0,0,0,0,0,0,0,0,0,0,0,0,0,0,0,0,0,0,0,0,0,0,0,0
2023-09-23,GU,3,2023-38,Region 9,12.95,83320.29999999999,2026-05-06T19:11:09Z,0,0,0,0,0,0,0,0,0,0,0,0,0,0,0,0,0,0,0,0,0,0,0,0,0,0,0,0,0,0,0,0,0,0,0
2023-09-30,GU,2,2023-39,Region 9,12.06,75326.76000000001,2026-05-06T19:11:09Z,0,0,0,0,0,0,0,0,0,0,0,0,0,0,0,0,0,0,0,0,0,0,0,0,0,0,0,0,0,0,0,0,0,0,0
2023-10-07,GU,2,2023-40,Region 9,11.38,70271.5,2026-05-06T19:11:09Z,0,0,0,0,0,0,0,0,0,0,0,0,0,0,0,0,0,0,0,0,0,0,0,0,0,0,0,0,0,0,0,0,0,0,0
2023-10-14,GU,1,2023-41,Region 9,10.94,66011.95999999999,2026-05-06T19:11:09Z,0,0,0,0,0,0,0,0,0,0,0,0,0,0,0,0,0,0,0,0,0,0,0,0,0,0,0,0,0,0,0,0,0,0,0
2023-10-21,GU,1,2023-42,Region 9,10.97,67476.47,2026-05-06T19:11:09Z,0,0,0,0,0,0,0,0,0,0,0,0,0,0,0,0,0,0,0,0,0,0,0,0,0,0,0,0,0,0,0,0,0,0,0
2023-10-28,GU,2,2023-43,Region 9,10.46,65197.18000000001,2026-05-06T19:11:09Z,0,0,0,0,0,0,0,0,0,0,0,0,0,0,0,0,0,0,0,0,0,0,0,0,0,0,0,0,0,0,0,0,0,0,0
2023-11-04,GU,4,2023-44,Region 9,11.23,69277.87000000001,2026-05-06T19:11:09Z,0,0,0,0,0,0,0,0,0,0,0,0,0,0,0,0,0,0,0,0,0,0,0,0,0,0,0,0,0,0,0,0,0,0,0
2023-11-11,GU,3,2023-45,Region 9,9.95,60774.6,2026-05-06T19:11:09Z,0,0,0,0,0,0,0,0,0,0,0,0,0,0,0,0,0,0,0,0,0,0,0,0,0,0,0,0,0,0,0,0,0,0,0
2023-11-18,GU,2,2023-46,Region 9,9.76,65030.88,2026-05-06T19:11:09Z,0,0,0,0,0,0,0,0,0,0,0,0,0,0,0,0,0,0,0,0,0,0,0,0,0,0,0,0,0,0,0,0,0,0,0
2023-11-25,GU,4,2023-47,Region 9,10,56300,2026-05-06T19:11:09Z,0,0,0,0,0,0,0,0,0,0,0,0,0,0,0,0,0,0,0,0,0,0,0,0,0,0,0,0,0,0,0,0,0,0,0
2023-12-02,GU,0,2023-48,Region 9,11.01,76123.14,2026-05-06T19:11:09Z,0,0,0,0,0,0,0,0,0,0,0,0,0,0,0,0,0,0,0,0,0,0,0,0,0,0,0,0,0,0,0,0,0,0,0
2023-12-09,GU,2,2023-49,Region 9,10.44,76295.51999999999,2026-05-06T19:11:09Z,0,0,0,0,0,0,0,0,0,0,0,0,0,0,0,0,0,0,0,0,0,0,0,0,0,0,0,0,0,0,0,0,0,0,0
2023-12-16,GU,3,2023-50,Region 9,11.53,86774.78,2026-05-06T19:11:09Z,0,0,0,0,0,0,0,0,0,0,0,0,0,0,0,0,0,0,0,0,0,0,0,0,0,0,0,0,0,0,0,0,0,0,0
2023-12-23,GU,1,2023-51,Region 9,12.1,99195.8,2026-05-06T19:11:09Z,0,0,0,0,0,0,0,0,0,0,0,0,0,0,0,0,0,0,0,0,0,0,0,0,0,0,0,0,0,0,0,0,0,0,0
2023-12-30,GU,7,2023-52,Region 9,12.69,98131.76999999999,2026-05-06T19:11:09Z,0,0,0,0,0,0,0,0,0,0,0,0,0,0,0,0,0,0,0,0,0,0,0,0,0,0,0,0,0,0,0,0,0,0,0
2024-01-06,GU,13,2024-01,Region 9,10.39,81364.09000000001,2026-05-06T19:11:09Z,0,0,0,0,0,0,0,0,0,0,0,0,0,0,0,0,0,0,0,0,0,0,0,0,0,0,0,0,0,0,0,0,0,0,0
2024-01-13,GU,15,2024-02,Region 9,12.58,97381.78,2026-05-06T19:11:09Z,0,0,0,0,0,0,0,0,0,0,0,0,0,0,0,0,0,0,0,0,0,0,0,0,0,0,0,0,0,0,0,0,0,0,0
2024-01-20,GU,11,2024-03,Region 9,11.62,81886.14,2026-05-06T19:11:09Z,0,0,0,0,0,0,0,0,0,0,0,0,0,0,0,0,0,0,0,0,0,0,0,0,0,0,0,0,0,0,0,0,0,0,0
2024-01-27,GU,2,2024-04,Region 9,10.52,70967.92,2026-05-06T19:11:09Z,0,0,0,0,0,0,0,0,0,0,0,0,0,0,0,0,0,0,0,0,0,0,0,0,0,0,0,0,0,0,0,0,0,0,0
2024-02-03,GU,5,2024-05,Region 9,9.66,61099.5,2026-05-06T19:11:09Z,0,0,0,0,0,0,0,0,0,0,0,0,0,0,0,0,0,0,0,0,0,0,0,0,0,0,0,0,0,0,0,0,0,0,0
2024-02-10,GU,9,2024-06,Region 9,8.86,54869.979999999996,2026-05-06T19:11:09Z,0,0,0,0,0,0,0,0,0,0,0,0,0,0,0,0,0,0,0,0,0,0,0,0,0,0,0,0,0,0,0,0,0,0,0
2024-02-17,GU,1,2024-07,Region 9,7.25,46313,2026-05-06T19:11:09Z,0,0,0,0,0,0,0,0,0,0,0,0,0,0,0,0,0,0,0,0,0,0,0,0,0,0,0,0,0,0,0,0,0,0,0
2024-02-24,GU,2,2024-08,Region 9,7.27,41991.52,2026-05-06T19:11:09Z,0,0,0,0,0,0,0,0,0,0,0,0,0,0,0,0,0,0,0,0,0,0,0,0,0,0,0,0,0,0,0,0,0,0,0
2024-03-02,GU,2,2024-09,Region 9,7.11,41003.37,2026-05-06T19:11:09Z,0,0,0,0,0,0,0,0,0,0,0,0,0,0,0,0,0,0,0,0,0,0,0,0,0,0,0,0,0,0,0,0,0,0,0
2024-03-09,GU,1,2024-10,Region 9,5.07,25816.440000000002,2026-05-06T19:11:09Z,0,0,0,0,0,0,0,0,0,0,0,0,0,0,0,0,0,0,0,0,0,0,0,0,0,0,0,0,0,0,0,0,0,0,0
2024-03-16,GU,2,2024-11,Region 9,4.51,22793.539999999997,2026-05-06T19:11:09Z,0,0,0,0,0,0,0,0,0,0,0,0,0,0,0,0,0,0,0,0,0,0,0,0,0,0,0,0,0,0,0,0,0,0,0
2024-03-23,GU,0,2024-12,Region 9,4.6,18004.399999999998,2026-05-06T19:11:09Z,0,0,0,0,0,0,0,0,0,0,0,0,0,0,0,0,0,0,0,0,0,0,0,0,0,0,0,0,0,0,0,0,0,0,0
2024-03-30,GU,2,2024-13,Region 9,4.47,17182.68,2026-05-06T19:11:09Z,0,0,0,0,0,0,0,0,0,0,0,0,0,0,0,0,0,0,0,0,0,0,0,0,0,0,0,0,0,0,0,0,0,0,0
2024-04-06,GU,0,2024-14,Region 9,3.71,13189.05,2026-05-06T19:11:09Z,0,0,0,0,0,0,0,0,0,0,0,0,0,0,0,0,0,0,0,0,0,0,0,0,0,0,0,0,0,0,0,0,0,0,0
2024-04-13,GU,1,2024-15,Region 9,3.67,13509.27,2026-05-06T19:11:09Z,0,0,0,0,0,0,0,0,0,0,0,0,0,0,0,0,0,0,0,0,0,0,0,0,0,0,0,0,0,0,0,0,0,0,0
2024-04-20,GU,3,2024-16,Region 9,4.36,16397.960000000003,2026-05-06T19:11:09Z,0,0,0,0,0,0,0,0,0,0,0,0,0,0,0,0,0,0,0,0,0,0,0,0,0,0,0,0,0,0,0,0,0,0,0
2024-04-27,GU,4,2024-17,Region 9,3.53,12513.849999999999,2026-05-06T19:11:09Z,0,0,0,0,0,0,0,0,0,0,0,0,0,0,0,0,0,0,0,0,0,0,0,0,0,0,0,0,0,0,0,0,0,0,0
2023-11-25,HI,66,2023-47,Region 9,10,56300,2026-05-06T19:11:09Z,1.49,0,0,0,0,0,0,0,0,0,0,0,0,1,0,0,1,0,0,0,0,0,0,0,0,0,0,0,0,0,1,0,0,1,0
2022-10-01,HI,123,2022-39,Region 9,6.08,96860.48,2026-05-06T19:11:09Z,2.9,0,0,0,0,0,0,0,0,0,0,0,0,1,0,0,1,0,0,0,0,0,0,0,0,0,0,0,0,0,1,0,0,1,0
2022-10-08,HI,115,2022-40,Region 9,5.25,75379.5,2026-05-06T19:11:09Z,2.48,0,0,0,0,0,0,0,0,0,0,0,0,1,0,0,1,0,0,0,0,0,0,0,0,0,0,0,0,0,1,0,0,1,0
2022-10-15,HI,104,2022-41,Region 9,5.88,82860.95999999999,2026-05-06T19:11:09Z,2.14,0,0,0,0,0,0,0,0,0,0,0,0,1,0,0,1,0,0,0,0,0,0,0,0,0,0,0,0,0,1,0,0,1,0
2022-10-22,HI,132,2022-42,Region 9,6.06,89603.15999999999,2026-05-06T19:11:09Z,2.79,0,0,0,0,0,0,0,0,0,0,0,0,1,0,0,1,0,0,0,0,0,0,0,0,0,0,0,0,0,1,0,0,1,0
2022-10-29,HI,122,2022-43,Region 9,6.57,95652.63,2026-05-06T19:11:09Z,2.27,0,0,0,0,0,0,0,0,0,0,0,0,1,0,0,1,0,0,0,0,0,0,0,0,0,0,0,0,0,1,0,0,1,0
2022-11-05,HI,112,2022-44,Region 9,7.23,110055.06000000001,2026-05-06T19:11:09Z,1.84,0,0,0,0,0,0,0,0,0,0,0,0,1,0,0,1,0,0,0,0,0,0,0,0,0,0,0,0,0,1,0,0,1,0
2022-11-12,HI,96,2022-45,Region 9,7.34,105013.38,2026-05-06T19:11:09Z,2.17,0,0,0,0,0,0,0,0,0,0,0,0,1,0,0,1,0,0,0,0,0,0,0,0,0,0,0,0,0,1,0,0,1,0
2022-11-19,HI,101,2022-46,Region 9,7.6,127718,2026-05-06T19:11:09Z,2.19,0,0,0,0,0,0,0,0,0,0,0,0,1,0,0,1,0,0,0,0,0,0,0,0,0,0,0,0,0,1,0,0,1,0
2022-11-26,HI,91,2022-47,Region 9,8.87,118245.96999999999,2026-05-06T19:11:09Z,2.2,0,0,0,0,0,0,0,0,0,0,0,0,1,0,0,1,0,0,0,0,0,0,0,0,0,0,0,0,0,1,0,0,1,0
2022-12-03,HI,112,2022-48,Region 9,10.19,188790.13,2026-05-06T19:11:09Z,2.27,0,0,0,0,0,0,0,0,0,0,0,0,1,0,0,1,0,0,0,0,0,0,0,0,0,0,0,0,0,1,0,0,1,0
2022-12-10,HI,121,2022-49,Region 9,9.84,164977.44,2026-05-06T19:11:09Z,2.76,0,0,0,0,0,0,0,0,0,0,0,0,1,0,0,1,0,0,0,0,0,0,0,0,0,0,0,0,0,1,0,0,1,0
2022-12-17,HI,110,2022-50,Region 9,8.86,142761.18,2026-05-06T19:11:09Z,2.47,0,0,0,0,0,0,0,0,0,0,0,0,1,0,0,1,0,0,0,0,0,0,0,0,0,0,0,0,0,1,0,0,1,0
2022-12-24,HI,123,2022-51,Region 9,8.76,120344.87999999999,2026-05-06T19:11:09Z,3.2,0,0,0,0,0,0,0,0,0,0,0,0,1,0,0,1,0,0,0,0,0,0,0,0,0,0,0,0,0,1,0,0,1,0
2022-12-31,HI,121,2022-52,Region 9,9.78,115648.49999999999,2026-05-06T19:11:09Z,3.45,0,0,0,0,0,0,0,0,0,0,0,0,1,0,0,1,0,0,0,0,0,0,0,0,0,0,0,0,0,1,0,0,1,0
2023-01-07,HI,119,2023-01,Region 9,9.1,124378.79999999999,2026-05-06T19:11:09Z,3.05,0,0,0,0,0,0,0,0,0,0,0,0,1,0,0,1,0,0,0,0,0,0,0,0,0,0,0,0,0,1,0,0,1,0
2023-01-14,HI,114,2023-02,Region 9,7.09,87752.93,2026-05-06T19:11:09Z,2.55,0,0,0,0,0,0,0,0,0,0,0,0,1,0,0,1,0,0,0,0,0,0,0,0,0,0,0,0,0,1,0,0,1,0
2023-01-21,HI,151,2023-03,Region 9,6.08,69743.68000000001,2026-05-06T19:11:09Z,2.81,0,0,0,0,0,0,0,0,0,0,0,0,1,0,0,1,0,0,0,0,0,0,0,0,0,0,0,0,0,1,0,0,1,0
2023-01-28,HI,97,2023-04,Region 9,5.85,64548.899999999994,2026-05-06T19:11:09Z,1.98,0,0,0,0,0,0,0,0,0,0,0,0,1,0,0,1,0,0,0,0,0,0,0,0,0,0,0,0,0,1,0,0,1,0
2023-02-04,HI,97,2023-05,Region 9,6.37,69114.5,2026-05-06T19:11:09Z,2.04,0,0,0,0,0,0,0,0,0,0,0,0,1,0,0,1,0,0,0,0,0,0,0,0,0,0,0,0,0,1,0,0,1,0
2023-02-11,HI,87,2023-06,Region 9,6.61,71460.71,2026-05-06T19:11:09Z,1.79,0,0,0,0,0,0,0,0,0,0,0,0,1,0,0,1,0,0,0,0,0,0,0,0,0,0,0,0,0,1,0,0,1,0
2023-02-18,HI,114,2023-07,Region 9,7.13,65417.75,2026-05-06T19:11:09Z,1.76,0,0,0,0,0,0,0,0,0,0,0,0,1,0,0,1,0,0,0,0,0,0,0,0,0,0,0,0,0,1,0,0,1,0
2023-02-25,HI,107,2023-08,Region 9,6.55,61720.65,2026-05-06T19:11:09Z,1.54,0,0,0,0,0,0,0,0,0,0,0,0,1,0,0,1,0,0,0,0,0,0,0,0,0,0,0,0,0,1,0,0,1,0
2023-03-04,HI,69,2023-09,Region 9,7.35,62533.799999999996,2026-05-06T19:11:09Z,1.65,0,0,0,0,0,0,0,0,0,0,0,0,1,0,0,1,0,0,0,0,0,0,0,0,0,0,0,0,0,1,0,0,1,0
2023-03-11,HI,114,2023-10,Region 9,6.27,58085.28,2026-05-06T19:11:09Z,1.51,0,0,0,0,0,0,0,0,0,0,0,0,1,0,0,1,0,0,0,0,0,0,0,0,0,0,0,0,0,1,0,0,1,0
2023-03-18,HI,90,2023-11,Region 9,7.39,65519.74,2026-05-06T19:11:09Z,1.8,0,0,0,0,0,0,0,0,0,0,0,0,1,0,0,1,0,0,0,0,0,0,0,0,0,0,0,0,0,1,0,0,1,0
2023-03-25,HI,107,2023-12,Region 9,6.92,59366.68,2026-05-06T19:11:09Z,2.51,0,0,0,0,0,0,0,0,0,0,0,0,1,0,0,1,0,0,0,0,0,0,0,0,0,0,0,0,0,1,0,0,1,0
2023-04-01,HI,136,2023-13,Region 9,7.22,57788.88,2026-05-06T19:11:09Z,3.13,0,0,0,0,0,0,0,0,0,0,0,0,1,0,0,1,0,0,0,0,0,0,0,0,0,0,0,0,0,1,0,0,1,0
2023-04-08,HI,99,2023-14,Region 9,7.72,64392.52,2026-05-06T19:11:09Z,3.53,0,0,0,0,0,0,0,0,0,0,0,0,1,0,0,1,0,0,0,0,0,0,0,0,0,0,0,0,0,1,0,0,1,0
2023-04-15,HI,115,2023-15,Region 9,6.97,57788.27,2026-05-06T19:11:09Z,2.87,0,0,0,0,0,0,0,0,0,0,0,0,1,0,0,1,0,0,0,0,0,0,0,0,0,0,0,0,0,1,0,0,1,0
2023-04-22,HI,109,2023-16,Region 9,6.46,51027.54,2026-05-06T19:11:09Z,2.14,0,0,0,0,0,0,0,0,0,0,0,0,1,0,0,1,0,0,0,0,0,0,0,0,0,0,0,0,0,1,0,0,1,0
2023-04-29,HI,112,2023-17,Region 9,6.03,47612.880000000005,2026-05-06T19:11:09Z,2.35,0,0,0,0,0,0,0,0,0,0,0,0,1,0,0,1,0,0,0,0,0,0,0,0,0,0,0,0,0,1,0,0,1,0
2023-05-06,HI,106,2023-18,Region 9,6.11,48097.920000000006,2026-05-06T19:11:09Z,1.91,0,0,0,0,0,0,0,0,0,0,0,0,1,0,0,1,0,0,0,0,0,0,0,0,0,0,0,0,0,1,0,0,1,0
2023-05-13,HI,98,2023-19,Region 9,6.22,50388.22,2026-05-06T19:11:09Z,2.07,0,0,0,0,0,0,0,0,0,0,0,0,1,0,0,1,0,0,0,0,0,0,0,0,0,0,0,0,0,1,0,0,1,0
2023-05-20,HI,89,2023-20,Region 9,6.9,47085.600000000006,2026-05-06T19:11:09Z,1.68,0,0,0,0,0,0,0,0,0,0,0,0,1,0,0,1,0,0,0,0,0,0,0,0,0,0,0,0,0,1,0,0,1,0
2023-05-27,HI,96,2023-21,Region 9,6.23,39024.72,2026-05-06T19:11:09Z,1.92,0,0,0,0,0,0,0,0,0,0,0,0,1,0,0,1,0,0,0,0,0,0,0,0,0,0,0,0,0,1,0,0,1,0
2023-06-03,HI,91,2023-22,Region 9,5.51,34889.32,2026-05-06T19:11:09Z,1.66,0,0,0,0,0,0,0,0,0,0,0,0,1,0,0,1,0,0,0,0,0,0,0,0,0,0,0,0,0,1,0,0,1,0
2023-06-10,HI,88,2023-23,Region 9,5.26,33474.64,2026-05-06T19:11:09Z,1.74,0,0,0,0,0,0,0,0,0,0,0,0,1,0,0,1,0,0,0,0,0,0,0,0,0,0,0,0,0,1,0,0,1,0
2023-06-17,HI,91,2023-24,Region 9,6.08,36279.36,2026-05-06T19:11:09Z,1.33,0,0,0,0,0,0,0,0,0,0,0,0,1,0,0,1,0,0,0,0,0,0,0,0,0,0,0,0,0,1,0,0,1,0
2023-06-24,HI,87,2023-25,Region 9,5.51,32597.16,2026-05-06T19:11:09Z,1.73,0,0,0,0,0,0,0,0,0,0,0,0,1,0,0,1,0,0,0,0,0,0,0,0,0,0,0,0,0,1,0,0,1,0
2023-07-01,HI,109,2023-26,Region 9,6.32,37597.68,2026-05-06T19:11:09Z,1.95,0,0,0,0,0,0,0,0,0,0,0,0,1,0,0,1,0,0,0,0,0,0,0,0,0,0,0,0,0,1,0,0,1,0
2023-07-08,HI,86,2023-27,Region 9,9,44802,2026-05-06T19:11:09Z,2.02,0,0,0,0,0,0,0,0,0,0,0,0,0.9683229813664596,0,0,1,0,0,0,0,0,0,0,0,0,0,0,0,0,0.9635714285714286,0,0,1,0
2023-07-15,HI,114,2023-28,Region 9,9.5,49780,2026-05-06T19:11:09Z,2.17,0,0,0,0,0,0,0,0,0,0,0,0,0.9316770186335404,0,0,1,0,0,0,0,0,0,0,0,0,0,0,0,0,0.9214285714285714,0,0,1,0
2023-07-22,HI,131,2023-29,Region 9,9.64,54726.280000000006,2026-05-06T19:11:09Z,2.37,0,0,0,0,0,0,0,0,0,0,0,0,0.9559006211180124,0,0,1,0,0,0,0,0,0,0,0,0,0,0,0,0,0.9492857142857143,0,0,1,0
2023-07-29,HI,138,2023-30,Region 9,10.51,62429.4,2026-05-06T19:11:09Z,3.22,0,0,0,0,0,0,0,0,0,0,0,0,1,0,0,1,0,0,0,0,0,0,0,0,0,0,0,0,0,1,0,0,1,0
2023-08-05,HI,134,2023-31,Region 9,12.32,63386.4,2026-05-06T19:11:09Z,3.46,0,0,0,0,0,0,0,0,0,0,0,0,1,0,0,1,0,0,0,0,0,0,0,0,0,0,0,0,0,1,0,0,1,0
2023-08-12,HI,130,2023-32,Region 9,16.28,82979.16,2026-05-06T19:11:09Z,3.8,0,0,0,0,0,0,0,0,0,0,0,0,1,0,0,1,0,0,0,0,0,0,0,0,0,0,0,0,0,1,0,0,1,0
2023-08-19,HI,142,2023-33,Region 9,15.98,92476.26000000001,2026-05-06T19:11:09Z,4.1,0,0,0,0,0,0,0,0,0,0,0,0,1,0,0,1,0,0,0,0,0,0,0,0,0,0,0,0,0,1,0,0,1,0
2023-08-26,HI,146,2023-34,Region 9,16.22,103402.5,2026-05-06T19:11:09Z,4.21,0,0,0,0,0,0,0,0,0,0,0,0,1,0,0,1,0,0,0,0,0,0,0,0,0,0,0,0,0,1,0,0,1,0
2023-09-02,HI,122,2023-35,Region 9,15.37,101626.43999999999,2026-05-06T19:11:09Z,3.94,0,0,0,0,0,0,0,0,0,0,0,0,1,0,0,1,0,0,0,0,0,0,0,0,0,0,0,0,0,1,0,0,1,0
2023-09-09,HI,114,2023-36,Region 9,14.71,92025.76000000001,2026-05-06T19:11:09Z,3.89,0,0,0,0,0,0,0,0,0,0,0,0,1,0,0,1,0,0,0,0,0,0,0,0,0,0,0,0,0,1,0,0,1,0
2023-09-16,HI,107,2023-37,Region 9,12.72,84028.32,2026-05-06T19:11:09Z,3.32,0,0,0,0,0,0,0,0,0,0,0,0,1,0,0,1,0,0,0,0,0,0,0,0,0,0,0,0,0,1,0,0,1,0
2023-09-23,HI,122,2023-38,Region 9,12.95,83320.29999999999,2026-05-06T19:11:09Z,2.89,0,0,0,0,0,0,0,0,0,0,0,0,1,0,0,1,0,0,0,0,0,0,0,0,0,0,0,0,0,1,0,0,1,0
2023-09-30,HI,91,2023-39,Region 9,12.06,75326.76000000001,2026-05-06T19:11:09Z,2.8,0,0,0,0,0,0,0,0,0,0,0,0,1,0,0,1,0,0,0,0,0,0,0,0,0,0,0,0,0,1,0,0,1,0
2023-10-07,HI,101,2023-40,Region 9,11.38,70271.5,2026-05-06T19:11:09Z,2.29,0,0,0,0,0,0,0,0,0,0,0,0,1,0,0,1,0,0,0,0,0,0,0,0,0,0,0,0,0,1,0,0,1,0
2023-10-14,HI,106,2023-41,Region 9,10.94,66011.95999999999,2026-05-06T19:11:09Z,2.49,0,0,0,0,0,0,0,0,0,0,0,0,1,0,0,1,0,0,0,0,0,0,0,0,0,0,0,0,0,1,0,0,1,0
2023-10-21,HI,102,2023-42,Region 9,10.97,67476.47,2026-05-06T19:11:09Z,2.01,0,0,0,0,0,0,0,0,0,0,0,0,1,0,0,1,0,0,0,0,0,0,0,0,0,0,0,0,0,1,0,0,1,0
2023-10-28,HI,107,2023-43,Region 9,10.46,65197.18000000001,2026-05-06T19:11:09Z,2.03,0,0,0,0,0,0,0,0,0,0,0,0,1,0,0,1,0,0,0,0,0,0,0,0,0,0,0,0,0,1,0,0,1,0
2023-11-04,HI,118,2023-44,Region 9,11.23,69277.87000000001,2026-05-06T19:11:09Z,1.67,0,0,0,0,0,0,0,0,0,0,0,0,1,0,0,1,0,0,0,0,0,0,0,0,0,0,0,0,0,1,0,0,1,0
2023-11-11,HI,102,2023-45,Region 9,9.95,60774.6,2026-05-06T19:11:09Z,1.9,0,0,0,0,0,0,0,0,0,0,0,0,1,0,0,1,0,0,0,0,0,0,0,0,0,0,0,0,0,1,0,0,1,0
2023-11-18,HI,80,2023-46,Region 9,9.76,65030.88,2026-05-06T19:11:09Z,1.51,0,0,0,0,0,0,0,0,0,0,0,0,1,0,0,1,0,0,0,0,0,0,0,0,0,0,0,0,0,1,0,0,1,0
2023-12-02,HI,77,2023-48,Region 9,11.01,76123.14,2026-05-06T19:11:09Z,1.14,0,0,0,0,0,0,0,0,0,0,0,0,1,0,0,1,0,0,0,0,0,0,0,0,0,0,0,0,0,1,0,0,1,0
2023-12-09,HI,88,2023-49,Region 9,10.44,76295.51999999999,2026-05-06T19:11:09Z,1.46,0,0,0,0,0,0,0,0,0,0,0,0,1,0,0,1,0,0,0,0,0,0,0,0,0,0,0,0,0,1,0,0,1,0
2023-12-16,HI,74,2023-50,Region 9,11.53,86774.78,2026-05-06T19:11:09Z,1.23,0,0,0,0,0,0,0,0,0,0,0,0,1,0,0,1,0,0,0,0,0,0,0,0,0,0,0,0,0,1,0,0,1,0
2023-12-23,HI,84,2023-51,Region 9,12.1,99195.8,2026-05-06T19:11:09Z,1.69,0,0,0,0,0,0,0,0,0,0,0,0,1,0,0,1,0,0,0,0,0,0,0,0,0,0,0,0,0,1,0,0,1,0
2023-12-30,HI,81,2023-52,Region 9,12.69,98131.76999999999,2026-05-06T19:11:09Z,2.07,0,0,0,0,0,0,0,0,0,0,0,0,1,0,0,1,0,0,0,0,0,0,0,0,0,0,0,0,0,1,0,0,1,0
2024-01-06,HI,108,2024-01,Region 9,10.39,81364.09000000001,2026-05-06T19:11:09Z,2.65,0,0,0,0,0,0,0,0,0,0,0,0,1,0,0,1,0,0,0,0,0,0,0,0,0,0,0,0,0,1,0,0,1,0
2024-01-13,HI,108,2024-02,Region 9,12.58,97381.78,2026-05-06T19:11:09Z,2.57,0,0,0,0,0,0,0,0,0,0,0,0,1,0,0,1,0,0,0,0,0,0,0,0,0,0,0,0,0,1,0,0,1,0
2024-01-20,HI,124,2024-03,Region 9,11.62,81886.14,2026-05-06T19:11:09Z,2.44,0,0,0,0,0,0,0,0,0,0,0,0,1,0,0,1,0,0,0,0,0,0,0,0,0,0,0,0,0,1,0,0,1,0
2024-01-27,HI,106,2024-04,Region 9,10.52,70967.92,2026-05-06T19:11:09Z,2.61,0,0,0,0,0,0,0,0,0,0,0,0,1,0,0,1,0,0,0,0,0,0,0,0,0,0,0,0,0,1,0,0,1,0
2024-02-03,HI,96,2024-05,Region 9,9.66,61099.5,2026-05-06T19:11:09Z,2.47,0,0,0,0,0,0,0,0,0,0,0,0,1,0,0,1,0,0,0,0,0,0,0,0,0,0,0,0,0,1,0,0,1,0
2024-02-10,HI,101,2024-06,Region 9,8.86,54869.979999999996,2026-05-06T19:11:09Z,2.03,0,0,0,0,0,0,0,0,0,0,0,0,1,0,0,1,0,0,0,0,0,0,0,0,0,0,0,0,0,1,0,0,1,0
2024-02-17,HI,102,2024-07,Region 9,7.25,46313,2026-05-06T19:11:09Z,1.6,0,0,0,0,0,0,0,0,0,0,0,0,1,0,0,1,0,0,0,0,0,0,0,0,0,0,0,0,0,1,0,0,1,0
2024-02-24,HI,101,2024-08,Region 9,7.27,41991.52,2026-05-06T19:11:09Z,1.95,0,0,0,0,0,0,0,0,0,0,0,0,1,0,0,1,0,0,0,0,0,0,0,0,0,0,0,0,0,1,0,0,1,0
2024-03-02,HI,107,2024-09,Region 9,7.11,41003.37,2026-05-06T19:11:09Z,1.56,0,0,0,0,0,0,0,0,0,0,0,0,1,0,0,1,0,0,0,0,0,0,0,0,0,0,0,0,0,1,0,0,1,0
2024-03-09,HI,77,2024-10,Region 9,5.07,25816.440000000002,2026-05-06T19:11:09Z,1.14,0,0,0,0,0,0,0,0,0,0,0,0,1,0,0,1,0,0,0,0,0,0,0,0,0,0,0,0,0,1,0,0,1,0
2024-03-16,HI,66,2024-11,Region 9,4.51,22793.539999999997,2026-05-06T19:11:09Z,0.69,0,0,0,0,0,0,0,0,0,0,0,0,0.9768272964149252,0,0,1,0,0,0,0,0,0,0,0,0,0,0,0,0,0.9852380952380951,0,0,1,0
2024-03-23,HI,69,2024-12,Region 9,4.6,18004.399999999998,2026-05-06T19:11:09Z,0.77,0,0,0,0,0,0,0,0,0,0,0,0,0.972591425867116,0,0,1,0,0,0,0,0,0,0,0,0,0,0,0,0,0.9825396825396825,0,0,1,0
2024-03-30,HI,60,2024-13,Region 9,4.47,17182.68,2026-05-06T19:11:09Z,0.61,0,0,0,0,0,0,0,0,0,0,0,0,0.9922757654716418,0,0,1,0,0,0,0,0,0,0,0,0,0,0,0,0,0.995079365079365,0,0,1,0
2024-04-06,HI,52,2024-14,Region 9,3.71,13189.05,2026-05-06T19:11:09Z,0.47,0,0,0,0,0,0,0,0,0,0,0,0,1,0,0,1,0,0,0,0,0,0,0,0,0,0,0,0,0,1,0,0,1,0
2024-04-13,HI,57,2024-15,Region 9,3.67,13509.27,2026-05-06T19:11:09Z,0.63,0,0,0,0,0,0,0,0,0,0,0,0,0.9962088460259395,0,0,0.8575757575757575,0,0,0,0,0,0,0,0,0,0,0,0,0,0.9777777777777777,0,0,0.9,0
2024-04-20,HI,57,2024-16,Region 9,4.36,16397.960000000003,2026-05-06T19:11:09Z,0.65,0,0,0,0,0,0,0,0,0,0,0,0,0.9957484916148036,0,0,0.8321428571428572,0,0,0,0,0,0,0,0,0,0,0,0,0,0.9750793650793651,0,0,0.8821428571428572,0
2024-04-27,HI,41,2024-17,Region 9,3.53,12513.849999999999,2026-05-06T19:11:09Z,0.93,0,0,0,0,0,0,0,0,0,0,0,0,0.998781414794052,0,0,0.9542207792207792,0,0,0,0,0,0,0,0,0,0,0,0,0,0.9928571428571429,0,0,0.9678571428571427,0
2022-10-01,IA,234,2022-39,Region 7,8.99,88344.73,2026-05-06T19:11:09Z,2.7,0,0,0,0,0,0,0,0,0,0,0,0,1,0,1,1,0,0,0,0,0,0,0,0,0,0,0,0,0,1,0,1,1,0
2022-10-08,IA,194,2022-40,Region 7,9.66,80661,2026-05-06T19:11:09Z,2.61,0,0,0,0,0,0,0,0,0,0,0,0,1,0,1,1,0,0,0,0,0,0,0,0,0,0,0,0,0,1,0,1,1,0
2022-10-15,IA,196,2022-41,Region 7,8.68,83388.76,2026-05-06T19:11:09Z,2.17,0,0,0,0,0,0,0,0,0,0,0,0,1,0,1,1,0,0,0,0,0,0,0,0,0,0,0,0,0,1,0,1,1,0
2022-10-22,IA,188,2022-42,Region 7,8.99,95159.15000000001,2026-05-06T19:11:09Z,2.61,0,0,0,0,0,0,0,0,0,0,0,0,1,0,1,1,0,0,0,0,0,0,0,0,0,0,0,0,0,1,0,1,1,0
2022-10-29,IA,196,2022-43,Region 7,9.68,104998.95999999999,2026-05-06T19:11:09Z,2.53,0,0,0,0,0,0,0,0,0,0,0,0,1,0,1,1,0,0,0,0,0,0,0,0,0,0,0,0,0,1,0,1,1,0
2022-11-05,IA,215,2022-44,Region 7,8.94,111562.26,2026-05-06T19:11:09Z,2.66,0,0,0,0,0,0,0,0,0,0,0,0,1,0,1,1,0,0,0,0,0,0,0,0,0,0,0,0,0,1,0,1,1,0
2022-11-12,IA,199,2022-45,Region 7,8.62,113232.31999999999,2026-05-06T19:11:09Z,2.36,0,0,0,0,0,0,0,0,0,0,0,0,1,0,1,1,0,0,0,0,0,0,0,0,0,0,0,0,0,1,0,1,1,0
2022-11-19,IA,188,2022-46,Region 7,9.15,130469.85,2026-05-06T19:11:09Z,2.76,0,0,0,0,0,0,0,0,0,0,0,0,1,0,1,1,0,0,0,0,0,0,0,0,0,0,0,0,0,1,0,1,1,0
2022-11-26,IA,221,2022-47,Region 7,9.77,145426.44999999998,2026-05-06T19:11:09Z,2.88,0,0,0,0,0,0,0,0,0,0,0,0,1,0,1,1,0,0,0,0,0,0,0,0,0,0,0,0,0,1,0,1,1,0
2022-12-03,IA,281,2022-48,Region 7,11.34,203156.1,2026-05-06T19:11:09Z,3.58,0,0,0,0,0,0,0,0,0,0,0,0,1,0,1,1,0,0,0,0,0,0,0,0,0,0,0,0,0,1,0,1,1,0
2022-12-10,IA,320,2022-49,Region 7,11.4,212895,2026-05-06T19:11:09Z,3.33,0,0,0,0,0,0,0,0,0,0,0,0,1,0,1,1,0,0,0,0,0,0,0,0,0,0,0,0,0,1,0,1,1,0
2022-12-17,IA,302,2022-50,Region 7,14.72,294193.92,2026-05-06T19:11:09Z,3.34,0,0,0,0,0,0,0,0,0,0,0,0,1,0,1,1,0,0,0,0,0,0,0,0,0,0,0,0,0,1,0,1,1,0
2022-12-24,IA,295,2022-51,Region 7,11.01,158136.63,2026-05-06T19:11:09Z,3.43,0,0,0,0,0,0,0,0,0,0,0,0,1,0,1,1,0,0,0,0,0,0,0,0,0,0,0,0,0,1,0,1,1,0
2022-12-31,IA,310,2022-52,Region 7,10.86,138866.82,2026-05-06T19:11:09Z,3.3,0,0,0,0,0,0,0,0,0,0,0,0,1,0,1,1,0,0,0,0,0,0,0,0,0,0,0,0,0,1,0,1,1,0
2023-01-07,IA,281,2023-01,Region 7,11.02,121804.06,2026-05-06T19:11:09Z,3.12,0,0,0,0,0,0,0,0,0,0,0,0,1,0,1,1,0,0,0,0,0,0,0,0,0,0,0,0,0,1,0,1,1,0
2023-01-14,IA,235,2023-02,Region 7,9.49,97424.34,2026-05-06T19:11:09Z,2.47,0,0,0,0,0,0,0,0,0,0,0,0,1,0,1,1,0,0,0,0,0,0,0,0,0,0,0,0,0,1,0,1,1,0
2023-01-21,IA,212,2023-03,Region 7,9.71,90380.68000000001,2026-05-06T19:11:09Z,2.37,0,0,0,0,0,0,0,0,0,0,0,0,1,0,1,1,0,0,0,0,0,0,0,0,0,0,0,0,0,1,0,1,1,0
2023-01-28,IA,170,2023-04,Region 7,9.58,87245.06,2026-05-06T19:11:09Z,2.37,0,0,0,0,0,0,0,0,0,0,0,0,1,0,1,1,0,0,0,0,0,0,0,0,0,0,0,0,0,1,0,1,1,0
2023-02-04,IA,162,2023-05,Region 7,9.02,73909.87999999999,2026-05-06T19:11:09Z,2.44,0,0,0,0,0,0,0,0,0,0,0,0,1,0,1,1,0,0,0,0,0,0,0,0,0,0,0,0,0,1,0,1,1,0
2023-02-11,IA,160,2023-06,Region 7,10.47,85571.31000000001,2026-05-06T19:11:09Z,2.45,0,0,0,0,0,0,0,0,0,0,0,0,1,0,1,1,0,0,0,0,0,0,0,0,0,0,0,0,0,1,0,1,1,0
2023-02-18,IA,180,2023-07,Region 7,11.01,86967.99,2026-05-06T19:11:09Z,2.77,0,0,0,0,0,0,0,0,0,0,0,0,1,0,1,1,0,0,0,0,0,0,0,0,0,0,0,0,0,1,0,1,1,0
2023-02-25,IA,179,2023-08,Region 7,11.01,87210.20999999999,2026-05-06T19:11:09Z,2.43,0,0,0,0,0,0,0,0,0,0,0,0,1,0,1,1,0,0,0,0,0,0,0,0,0,0,0,0,0,1,0,1,1,0
2023-03-04,IA,215,2023-09,Region 7,11.21,86911.13,2026-05-06T19:11:09Z,2.81,0,0,0,0,0,0,0,0,0,0,0,0,1,0,1,1,0,0,0,0,0,0,0,0,0,0,0,0,0,1,0,1,1,0
2023-03-11,IA,267,2023-10,Region 7,11.81,86425.58,2026-05-06T19:11:09Z,2.87,0,0,0,0,0,0,0,0,0,0,0,0,1,0,1,1,0,0,0,0,0,0,0,0,0,0,0,0,0,1,0,1,1,0
2023-03-18,IA,210,2023-11,Region 7,11.73,86825.46,2026-05-06T19:11:09Z,2.68,0,0,0,0,0,0,0,0,0,0,0,0,1,0,1,1,0,0,0,0,0,0,0,0,0,0,0,0,0,1,0,1,1,0
2023-03-25,IA,195,2023-12,Region 7,10.46,74067.26000000001,2026-05-06T19:11:09Z,2.64,0,0,0,0,0,0,0,0,0,0,0,0,1,0,1,1,0,0,0,0,0,0,0,0,0,0,0,0,0,1,0,1,1,0
2023-04-01,IA,212,2023-13,Region 7,9.76,64972.32,2026-05-06T19:11:09Z,2.4,0,0,0,0,0,0,0,0,0,0,0,0,1,0,0.9758366586858207,1,0,0,0,0,0,0,0,0,0,0,0,0,0,1,0,0.9778571428571428,1,0
2023-04-08,IA,183,2023-14,Region 7,9.67,58687.23,2026-05-06T19:11:09Z,1.97,0,0,0,0,0,0,0,0,0,0,0,0,1,0,0.9142591114658154,1,0,0,0,0,0,0,0,0,0,0,0,0,0,1,0,0.9214285714285714,1,0
2023-04-15,IA,152,2023-15,Region 7,7.31,41513.49,2026-05-06T19:11:09Z,1.96,0,0,0,0,0,0,0,0,0,0,0,0,1,0,0.9275099760574619,1,0,0,0,0,0,0,0,0,0,0,0,0,0,1,0,0.9335714285714286,1,0
2023-04-22,IA,112,2023-16,Region 7,5.99,30884.440000000002,2026-05-06T19:11:09Z,1.69,0,0,0,0,0,0,0,0,0,0,0,0,1,0,0.9516733173716415,1,0,0,0,0,0,0,0,0,0,0,0,0,0,1,0,0.9557142857142857,1,0
2023-04-29,IA,85,2023-17,Region 7,5.77,27805.629999999997,2026-05-06T19:11:09Z,1.26,0,0,0,0,0,0,0,0,0,0,0,0,1,0,0.8659324288374567,1,0,0,0,0,0,0,0,0,0,0,0,0,0,1,0,0.8771428571428572,1,0
2023-05-06,IA,78,2023-18,Region 7,5.98,27890.72,2026-05-06T19:11:09Z,1.21,0,0,0,0,0,0,0,0,0,0,0,0,1,0,0.8659324288374567,1,0,0,0,0,0,0,0,0,0,0,0,0,0,1,0,0.8771428571428572,1,0
2023-05-13,IA,66,2023-19,Region 7,5.12,21990.4,2026-05-06T19:11:09Z,1.16,0,0,0,0,0,0,0,0,0,0,0,0,1,0,0.9516733173716415,1,0,0,0,0,0,0,0,0,0,0,0,0,0,1,0,0.9557142857142857,1,0
2023-05-20,IA,50,2023-20,Region 7,3.92,15487.92,2026-05-06T19:11:09Z,0.94,0,0,0,0,0,0,0,0,0,0,0,0,1,0,0.9516733173716415,1,0,0,0,0,0,0,0,0,0,0,0,0,0,1,0,0.9557142857142857,1,0
2023-05-27,IA,30,2023-21,Region 7,3.25,11202.75,2026-05-06T19:11:09Z,0.81,0,0,0,0,0,0,0,0,0,0,0,0,0.9851101687102425,0,0.8417690875232775,1,0,0,0,0,0,0,0,0,0,0,0,0,0,0.9852380952380951,0,0.855,1,0
2023-06-03,IA,28,2023-22,Region 7,3.59,11502.359999999999,2026-05-06T19:11:09Z,0.85,0,0,0,0,0,0,0,0,0,0,0,0,0.8962343204083514,0,0.6617132216014897,1,0,0,0,0,0,0,0,0,0,0,0,0,0,0.9004761904761905,0,0.69,1,0
2023-06-10,IA,35,2023-23,Region 7,3.99,11395.44,2026-05-06T19:11:09Z,0.72,0,0,0,0,0,0,0,0,0,0,0,0,0.7900647221182195,0,0.5689571694599628,1,0,0,0,0,0,0,0,0,0,0,0,0,0,0.8,0,0.605,1,0
2023-06-17,IA,32,2023-24,Region 7,3.31,8788.05,2026-05-06T19:11:09Z,0.74,0,0,0,0,0,0,0,0,0,0,0,0,0.8661229946021001,0,0.5447938281457835,1,0,0,0,0,0,0,0,0,0,0,0,0,0,0.8728571428571428,0,0.5828571428571429,1,0
2023-06-24,IA,27,2023-25,Region 7,4.38,10888.68,2026-05-06T19:11:09Z,0.71,0,0,0,0,0,0,0,0,0,0,0,0,0.9763463423536649,0,0.5027028465017293,1,0,0,0,0,0,0,0,0,0,0,0,0,0,0.9771428571428571,0,0.5442857142857143,1,0
2023-07-01,IA,25,2023-26,Region 7,4.56,10392.24,2026-05-06T19:11:09Z,0.77,0,0,0,0,0,0,0,0,0,0,0,0,0.9404406748409698,0,0.5401170524075551,1,0,0,0,0,0,0,0,0,0,0,0,0,0,0.940952380952381,0,0.5785714285714285,1,0
2023-07-08,IA,10,2023-27,Region 7,5.33,12701.39,2026-05-06T19:11:09Z,0.74,0,0,0,0,0,0,0,0,0,0,0,0,0.8823223010970775,0,0.5993562117584464,1,0,0,0,0,0,0,0,0,0,0,0,0,0,0.8833333333333333,0,0.6328571428571429,1,0
2023-07-15,IA,44,2023-28,Region 7,5.64,13891.32,2026-05-06T19:11:09Z,0.9,0,0,0,0,0,0,0,0,0,0,0,0,0.9293933806582466,0,0.6492418196328811,1,0,0,0,0,0,0,0,0,0,0,0,0,0,0.93,0,0.6785714285714286,1,0
2023-07-22,IA,31,2023-29,Region 7,5.85,14098.5,2026-05-06T19:11:09Z,0.87,0,0,0,0,0,0,0,0,0,0,0,0,1,0,0.6070577281191807,1,0,0,0,0,0,0,0,0,0,0,0,0,0,1,0,0.63,1,0
2023-07-29,IA,41,2023-30,Region 7,8.78,22810.44,2026-05-06T19:11:09Z,0.98,0,0,0,0,0,0,0,0,0,0,0,0,1,0,0.5521175844639532,1,0,0,0,0,0,0,0,0,0,0,0,0,0,1,0,0.5764285714285715,1,0
2023-08-05,IA,53,2023-31,Region 7,10.31,30589.77,2026-05-06T19:11:09Z,1.12,0,0,0,0,0,0,0,0,0,0,0,0,1,0,0.6774461292897048,1,0,0,0,0,0,0,0,0,0,0,0,0,0,1,0,0.7007142857142857,1,0
2023-08-12,IA,71,2023-32,Region 7,13.34,43408.36,2026-05-06T19:11:09Z,1.44,0,0,0,0,0,0,0,0,0,0,0,0,1,0,0.6367704176642723,1,0,0,0,0,0,0,0,0,0,0,0,0,0,1,0,0.6671428571428573,1,0
2023-08-19,IA,109,2023-33,Region 7,13.88,52008.36,2026-05-06T19:11:09Z,1.82,0,0,0,0,0,0,0,0,0,0,0,0,1,0,0.5268661878159085,1,0,0,0,0,0,0,0,0,0,0,0,0,0,1,0,0.5664285714285715,1,0
2023-08-26,IA,119,2023-34,Region 7,16.68,72207.72,2026-05-06T19:11:09Z,2.24,0,0,0,0,0,0,0,0,0,0,0,0,1,0,0.6126070763500931,1,0,0,0,0,0,0,0,0,0,0,0,0,0,1,0,0.645,1,0
2023-09-02,IA,145,2023-35,Region 7,15.95,91600.84999999999,2026-05-06T19:11:09Z,2.49,0,0,0,0,0,0,0,0,0,0,0,0,1,0,0.7326443202979516,1,0,0,0,0,0,0,0,0,0,0,0,0,0,1,0,0.755,1,0
2023-09-09,IA,134,2023-36,Region 7,17.14,110518.72,2026-05-06T19:11:09Z,2.51,0,0,0,0,0,0,0,0,0,0,0,0,1,0,0.8628145783453046,1,0,0,0,0,0,0,0,0,0,0,0,0,0,1,0,0.8742857142857143,1,0
2023-09-16,IA,154,2023-37,Region 7,15.19,103367.95,2026-05-06T19:11:09Z,2.56,0,0,0,0,0,0,0,0,0,0,0,0,1,0,1,1,0,0,0,0,0,0,0,0,0,0,0,0,0,1,0,1,1,0
2023-09-23,IA,144,2023-38,Region 7,15.11,94996.56999999999,2026-05-06T19:11:09Z,2.44,0,0,0,0,0,0,0,0,0,0,0,0,1,0,0.8526815642458101,1,0,0,0,0,0,0,0,0,0,0,0,0,0,1,0,0.865,1,0
2023-09-30,IA,138,2023-39,Region 7,12.86,66704.81999999999,2026-05-06T19:11:09Z,2.24,0,0,0,0,0,0,0,0,0,0,0,0,1,0,0.6952301143921257,1,0,0,0,0,0,0,0,0,0,0,0,0,0,1,0,0.7207142857142856,1,0
2023-10-07,IA,118,2023-40,Region 7,10.68,60299.28,2026-05-06T19:11:09Z,1.92,0,0,0,0,0,0,0,0,0,0,0,0,1,0,0.6975685022612397,1,0,0,0,0,0,0,0,0,0,0,0,0,0,1,0,0.7228571428571428,1,0
2023-10-14,IA,121,2023-41,Region 7,10.25,58179,2026-05-06T19:11:09Z,2.02,0,0,0,0,0,0,0,0,0,0,0,0,1,0,0.6601542963554137,1,0,0,0,0,0,0,0,0,0,0,0,0,0,1,0,0.6885714285714286,1,0
2023-10-21,IA,162,2023-42,Region 7,11.2,64971.2,2026-05-06T19:11:09Z,2.12,0,0,0,0,0,0,0,0,0,0,0,0,1,0,0.5884437350359139,1,0,0,0,0,0,0,0,0,0,0,0,0,0,1,0,0.6228571428571429,1,0
2023-10-28,IA,151,2023-43,Region 7,11.47,67718.88,2026-05-06T19:11:09Z,2,0,0,0,0,0,0,0,0,0,0,0,0,1,0,0.7568076616121309,1,0,0,0,0,0,0,0,0,0,0,0,0,0,1,0,0.7771428571428572,1,0
2023-11-04,IA,107,2023-44,Region 7,10.52,56808,2026-05-06T19:11:09Z,1.73,0,0,0,0,0,0,0,0,0,0,0,0,1,0,0.9275099760574619,1,0,0,0,0,0,0,0,0,0,0,0,0,0,1,0,0.9335714285714286,1,0
2023-11-11,IA,179,2023-45,Region 7,13.42,89471.14,2026-05-06T19:11:09Z,2.04,0,0,0,0,0,0,0,0,0,0,0,0,1,0,1,1,0,0,0,0,0,0,0,0,0,0,0,0,0,1,0,1,1,0
2023-11-18,IA,181,2023-46,Region 7,14.78,99868.45999999999,2026-05-06T19:11:09Z,2.64,0,0,0,0,0,0,0,0,0,0,0,0,1,0,1,1,0,0,0,0,0,0,0,0,0,0,0,0,0,1,0,1,1,0
2023-11-25,IA,207,2023-47,Region 7,16.67,115923.18000000001,2026-05-06T19:11:09Z,3.67,0,0,0,0,0,0,0,0,0,0,0,0,1,0,1,1,0,0,0,0,0,0,0,0,0,0,0,0,0,1,0,1,1,0
2023-12-02,IA,310,2023-48,Region 7,18,167022,2026-05-06T19:11:09Z,4.06,0,0,0,0,0,0,0,0,0,0,0,0,1,0,1,1,0,0,0,0,0,0,0,0,0,0,0,0,0,1,0,1,1,0
2023-12-09,IA,341,2023-49,Region 7,17.31,194685.56999999998,2026-05-06T19:11:09Z,4.75,0,0,0,0,0,0,0,0,0,0,0,0,1,0,1,1,0,0,0,0,0,0,0,0,0,0,0,0,0,1,0,1,1,0
2023-12-16,IA,386,2023-50,Region 7,18.49,225799.87999999998,2026-05-06T19:11:09Z,4.98,0,0,0,0,0,0,0,0,0,0,0,0,1,0,1,1,0,0,0,0,0,0,0,0,0,0,0,0,0,1,0,1,1,0
2023-12-23,IA,402,2023-51,Region 7,18.09,238353.84,2026-05-06T19:11:09Z,5.44,0,0,0,0,0,0,0,0,0,0,0,0,1,0,1,1,0,0,0,0,0,0,0,0,0,0,0,0,0,1,0,1,1,0
2023-12-30,IA,397,2023-52,Region 7,17.65,214853.44999999998,2026-05-06T19:11:09Z,5.68,0,0,0,0,0,0,0,0,0,0,0,0,1,0,1,1,0,0,0,0,0,0,0,0,0,0,0,0,0,1,0,1,1,0
2024-01-06,IA,361,2024-01,Region 7,15.01,163894.19,2026-05-06T19:11:09Z,4.37,0,0,0,0,0,0,0,0,0,0,0,0,1,0,1,1,0,0,0,0,0,0,0,0,0,0,0,0,0,1,0,1,1,0
2024-01-13,IA,264,2024-02,Region 7,13.38,122319.96,2026-05-06T19:11:09Z,3.28,0,0,0,0,0,0,0,0,0,0,0,0,1,0,1,1,0,0,0,0,0,0,0,0,0,0,0,0,0,1,0,1,1,0
2024-01-20,IA,217,2024-03,Region 7,10.69,88609.40999999999,2026-05-06T19:11:09Z,2.23,0,0,0,0,0,0,0,0,0,0,0,0,1,0,1,1,0,0,0,0,0,0,0,0,0,0,0,0,0,1,0,1,1,0
2024-01-27,IA,173,2024-04,Region 7,9.13,78234.97,2026-05-06T19:11:09Z,1.73,0,0,0,0,0,0,0,0,0,0,0,0,1,0,0.9247033785581271,0.995614616475267,0,0,0,0,0,0,0,0,0,0,0,0,0,1,0,0.9171428571428573,0.9326190476190476,0
2024-02-03,IA,129,2024-05,Region 7,8.81,82479.22,2026-05-06T19:11:09Z,1.4,0,0,0,0,0,0,0,0,0,0,0,0,1,0,0.8682309124767226,0.9948398137323813,0,0,0,0,0,0,0,0,0,0,0,0,0,1,0,0.855,0.9207142857142857,0
2024-02-10,IA,123,2024-06,Region 7,8.55,86449.05,2026-05-06T19:11:09Z,1.46,0,0,0,0,0,0,0,0,0,0,0,0,1,0,0.8085129023676509,0.9987138274468097,0,0,0,0,0,0,0,0,0,0,0,0,0,1,0,0.7892857142857143,0.9802380952380951,0
2024-02-17,IA,98,2024-07,Region 7,8.11,80929.68999999999,2026-05-06T19:11:09Z,1.48,0,0,0,0,0,0,0,0,0,0,0,0,1,0,0.7974780526735833,1,0,0,0,0,0,0,0,0,0,0,0,0,0,1,0,0.7771428571428572,1,0
2024-02-24,IA,112,2024-08,Region 7,6.8,73270,2026-05-06T19:11:09Z,1.41,0,0,0,0,0,0,0,0,0,0,0,0,1,0,0.8636871508379889,1,0,0,0,0,0,0,0,0,0,0,0,0,0,1,0,0.85,1,0
2024-03-02,IA,90,2024-09,Region 7,5.8,55558.2,2026-05-06T19:11:09Z,1.11,0,0,0,0,0,0,0,0,0,0,0,0,1,0,0.9597552540569301,1,0,0,0,0,0,0,0,0,0,0,0,0,0,1,0,0.9557142857142857,1,0
2024-03-09,IA,91,2024-10,Region 7,4.93,46130.009999999995,2026-05-06T19:11:09Z,0.93,0,0,0,0,0,0,0,0,0,0,0,0,1,0,1,0.995614616475267,0,0,0,0,0,0,0,0,0,0,0,0,0,1,0,1,0.9326190476190476,0
2024-03-16,IA,59,2024-11,Region 7,4.4,36977.600000000006,2026-05-06T19:11:09Z,0.64,0,0,0,0,0,0,0,0,0,0,0,0,1,0,1,0.9904389341527906,0,0,0,0,0,0,0,0,0,0,0,0,0,1,0,1,0.8530952380952381,0
2024-03-23,IA,44,2024-12,Region 7,3.81,27721.56,2026-05-06T19:11:09Z,0.6,0,0,0,0,0,0,0,0,0,0,0,0,1,0,1,0.9935381451243331,0,0,0,0,0,0,0,0,0,0,0,0,0,1,0,1,0.9007142857142857,0
2024-03-30,IA,42,2024-13,Region 7,3.41,22570.79,2026-05-06T19:11:09Z,0.45,0,0,0,0,0,0,0,0,0,0,0,0,1,0,0.9033466347432829,0.9541960555401283,0,0,0,0,0,0,0,0,0,0,0,0,0,1,0,0.9114285714285714,0.9516666666666667,0
2024-04-06,IA,42,2024-14,Region 7,3.33,22297.68,2026-05-06T19:11:09Z,0.47,0,0,0,0,0,0,0,0,0,0,0,0,1,0,0.8051343442404896,0.7956690416435477,0,0,0,0,0,0,0,0,0,0,0,0,0,1,0,0.8214285714285714,0.7771428571428571,0
2024-04-13,IA,34,2024-15,Region 7,3.07,19199.78,2026-05-06T19:11:09Z,0.41,0,0,0,0,0,0,0,0,0,0,0,0,1,0,0.8176057462090982,0.6176471613400727,0,0,0,0,0,0,0,0,0,0,0,0,0,1,0,0.8328571428571427,0.6371428571428571,0
2024-04-20,IA,28,2024-16,Region 7,2.64,12405.36,2026-05-06T19:11:09Z,0.3,0,0,0,0,0,0,0,0,0,0,0,0,0.970220337420485,0,0.9025671721202448,0.6852578135129588,0,0,0,0,0,0,0,0,0,0,0,0,0,0.9704761904761905,0,0.9107142857142857,0.7592857142857143,0
2024-04-27,IA,28,2024-17,Region 7,2.63,13594.47,2026-05-06T19:11:09Z,0.26,0,0,0,0,0,0,0,0,0,0,0,0,0.9486060661934175,0,0.9142591114658154,0.7233129221454477,0,0,0,0,0,0,0,0,0,0,0,0,0,0.949047619047619,0,0.9214285714285714,0.7492857142857143,0
2022-10-01,ID,125,2022-39,Region 10,6.94,128292.84000000001,2026-05-06T19:11:09Z,2.35,0,0,0,0,0,0,0,0,0,0,0,0,1,0,1,1,0,0,0,0,0,0,0,0,0,0,0,0,0,1,0,1,1,0
2022-10-08,ID,102,2022-40,Region 10,6.44,92555.68000000001,2026-05-06T19:11:09Z,1.85,0,0,0,0,0,0,0,0,0,0,0,0,1,0,1,1,0,0,0,0,0,0,0,0,0,0,0,0,0,1,0,1,1,0
2022-10-15,ID,123,2022-41,Region 10,6.06,83361.36,2026-05-06T19:11:09Z,2.08,0,0,0,0,0,0,0,0,0,0,0,0,1,0,1,1,0,0,0,0,0,0,0,0,0,0,0,0,0,1,0,1,1,0
2022-10-22,ID,109,2022-42,Region 10,5.4,94716,2026-05-06T19:11:09Z,1.99,0,0,0,0,0,0,0,0,0,0,0,0,1,0,1,1,0,0,0,0,0,0,0,0,0,0,0,0,0,1,0,1,1,0
2022-10-29,ID,104,2022-43,Region 10,5.48,102119.8,2026-05-06T19:11:09Z,1.75,0,0,0,0,0,0,0,0,0,0,0,0,1,0,1,1,0,0,0,0,0,0,0,0,0,0,0,0,0,1,0,1,1,0
2022-11-05,ID,88,2022-44,Region 10,5.18,97192.34,2026-05-06T19:11:09Z,2.03,0,0,0,0,0,0,0,0,0,0,0,0,1,0,1,1,0,0,0,0,0,0,0,0,0,0,0,0,0,1,0,1,1,0
2022-11-12,ID,95,2022-45,Region 10,5.54,109697.54,2026-05-06T19:11:09Z,2.18,0,0,0,0,0,0,0,0,0,0,0,0,1,0,1,1,0,0,0,0,0,0,0,0,0,0,0,0,0,1,0,1,1,0
2022-11-19,ID,123,2022-46,Region 10,5.83,131035.08,2026-05-06T19:11:09Z,2.35,0,0,0,0,0,0,0,0,0,0,0,0,1,0,1,1,0,0,0,0,0,0,0,0,0,0,0,0,0,1,0,1,1,0
2022-11-26,ID,149,2022-47,Region 10,6.88,150892.16,2026-05-06T19:11:09Z,3.24,0,0,0,0,0,0,0,0,0,0,0,0,1,0,1,1,0,0,0,0,0,0,0,0,0,0,0,0,0,1,0,1,1,0
2022-12-03,ID,163,2022-48,Region 10,7.31,188539.52,2026-05-06T19:11:09Z,3.05,0,0,0,0,0,0,0,0,0,0,0,0,1,0,1,1,0,0,0,0,0,0,0,0,0,0,0,0,0,1,0,1,1,0
2022-12-10,ID,153,2022-49,Region 10,7.17,168530.85,2026-05-06T19:11:09Z,2.53,0,0,0,0,0,0,0,0,0,0,0,0,1,0,1,1,0,0,0,0,0,0,0,0,0,0,0,0,0,1,0,1,1,0
2022-12-17,ID,161,2022-50,Region 10,7.95,156249.30000000002,2026-05-06T19:11:09Z,2.3,0,0,0,0,0,0,0,0,0,0,0,0,1,0,1,1,0,0,0,0,0,0,0,0,0,0,0,0,0,1,0,1,1,0
2022-12-24,ID,130,2022-51,Region 10,8.07,141717.27000000002,2026-05-06T19:11:09Z,2.32,0,0,0,0,0,0,0,0,0,0,0,0,1,0,1,1,0,0,0,0,0,0,0,0,0,0,0,0,0,1,0,1,1,0
2022-12-31,ID,158,2022-52,Region 10,8.78,130909.79999999999,2026-05-06T19:11:09Z,2.18,0,0,0,0,0,0,0,0,0,0,0,0,1,0,1,1,0,0,0,0,0,0,0,0,0,0,0,0,0,1,0,1,1,0
2023-01-07,ID,107,2023-01,Region 10,8.36,120032.87999999999,2026-05-06T19:11:09Z,1.92,0,0,0,0,0,0,0,0,0,0,0,0,1,0,1,1,0,0,0,0,0,0,0,0,0,0,0,0,0,1,0,1,1,0
2023-01-14,ID,118,2023-02,Region 10,7.54,117465.66,2026-05-06T19:11:09Z,1.62,0,0,0,0,0,0,0,0,0,0,0,0,1,0,1,1,0,0,0,0,0,0,0,0,0,0,0,0,0,1,0,1,1,0
2023-01-21,ID,87,2023-03,Region 10,8.35,121893.29999999999,2026-05-06T19:11:09Z,1.48,0,0,0,0,0,0,0,0,0,0,0,0,1,0,1,1,0,0,0,0,0,0,0,0,0,0,0,0,0,1,0,1,1,0
2023-01-28,ID,87,2023-04,Region 10,9.32,117571.8,2026-05-06T19:11:09Z,1.67,0,0,0,0,0,0,0,0,0,0,0,0,1,0,1,1,0,0,0,0,0,0,0,0,0,0,0,0,0,1,0,1,1,0
2023-02-04,ID,83,2023-05,Region 10,9.14,109881.08,2026-05-06T19:11:09Z,1.81,0,0,0,0,0,0,0,0,0,0,0,0,1,0,1,1,0,0,0,0,0,0,0,0,0,0,0,0,0,1,0,1,1,0
2023-02-11,ID,95,2023-06,Region 10,8.83,120494.18000000001,2026-05-06T19:11:09Z,1.99,0,0,0,0,0,0,0,0,0,0,0,0,1,0,1,1,0,0,0,0,0,0,0,0,0,0,0,0,0,1,0,1,1,0
2023-02-18,ID,110,2023-07,Region 10,8.99,120537.92,2026-05-06T19:11:09Z,2.3,0,0,0,0,0,0,0,0,0,0,0,0,1,0,1,1,0,0,0,0,0,0,0,0,0,0,0,0,0,1,0,1,1,0
2023-02-25,ID,105,2023-08,Region 10,7.99,91070.02,2026-05-06T19:11:09Z,2.49,0,0,0,0,0,0,0,0,0,0,0,0,1,0,1,1,0,0,0,0,0,0,0,0,0,0,0,0,0,1,0,1,1,0
2023-03-04,ID,94,2023-09,Region 10,7.63,90972.49,2026-05-06T19:11:09Z,2.44,0,0,0,0,0,0,0,0,0,0,0,0,1,0,1,1,0,0,0,0,0,0,0,0,0,0,0,0,0,1,0,1,1,0
2023-03-11,ID,118,2023-10,Region 10,7.08,91055.88,2026-05-06T19:11:09Z,2.13,0,0,0,0,0,0,0,0,0,0,0,0,1,0,1,1,0,0,0,0,0,0,0,0,0,0,0,0,0,1,0,1,1,0
2023-03-18,ID,102,2023-11,Region 10,7.49,95647.3,2026-05-06T19:11:09Z,1.77,0,0,0,0,0,0,0,0,0,0,0,0,1,0,1,1,0,0,0,0,0,0,0,0,0,0,0,0,0,1,0,1,1,0
2023-03-25,ID,85,2023-12,Region 10,7.84,85996.95999999999,2026-05-06T19:11:09Z,1.57,0,0,0,0,0,0,0,0,0,0,0,0,1,0,1,1,0,0,0,0,0,0,0,0,0,0,0,0,0,1,0,1,1,0
2023-04-01,ID,106,2023-13,Region 10,6.81,73507.14,2026-05-06T19:11:09Z,1.39,0,0,0,0,0,0,0,0,0,0,0,0,1,0,1,1,0,0,0,0,0,0,0,0,0,0,0,0,0,1,0,1,1,0
2023-04-08,ID,93,2023-14,Region 10,6.38,59429.7,2026-05-06T19:11:09Z,1.22,0,0,0,0,0,0,0,0,0,0,0,0,1,0,1,1,0,0,0,0,0,0,0,0,0,0,0,0,0,1,0,1,1,0
2023-04-15,ID,72,2023-15,Region 10,6.65,57921.5,2026-05-06T19:11:09Z,1.04,0,0,0,0,0,0,0,0,0,0,0,0,1,0,1,1,0,0,0,0,0,0,0,0,0,0,0,0,0,1,0,1,1,0
2023-04-22,ID,59,2023-16,Region 10,6.39,53695.17,2026-05-06T19:11:09Z,0.9,0,0,0,0,0,0,0,0,0,0,0,0,1,0,1,1,0,0,0,0,0,0,0,0,0,0,0,0,0,1,0,1,1,0
2023-04-29,ID,54,2023-17,Region 10,6.82,61570.96,2026-05-06T19:11:09Z,0.7,0,0,0,0,0,0,0,0,0,0,0,0,1,0,1,1,0,0,0,0,0,0,0,0,0,0,0,0,0,1,0,1,1,0
2023-05-06,ID,55,2023-18,Region 10,5.09,53796.21,2026-05-06T19:11:09Z,0.68,0,0,0,0,0,0,0,0,0,0,0,0,1,0,1,1,0,0,0,0,0,0,0,0,0,0,0,0,0,1,0,1,1,0
2023-05-13,ID,39,2023-19,Region 10,5.09,38098.65,2026-05-06T19:11:09Z,0.45,0,0,0,0,0,0,0,0,0,0,0,0,1,0,1,1,0,0,0,0,0,0,0,0,0,0,0,0,0,1,0,1,1,0
2023-05-20,ID,29,2023-20,Region 10,4.41,31280.13,2026-05-06T19:11:09Z,0.62,0,0,0,0,0,0,0,0,0,0,0,0,1,0,1,1,0,0,0,0,0,0,0,0,0,0,0,0,0,1,0,1,1,0
2023-05-27,ID,34,2023-21,Region 10,4.07,27281.210000000003,2026-05-06T19:11:09Z,0.39,0,0,0,0,0,0,0,0,0,0,0,0,1,0,1,1,0,0,0,0,0,0,0,0,0,0,0,0,0,1,0,1,1,0
2023-06-03,ID,25,2023-22,Region 10,4.38,28010.1,2026-05-06T19:11:09Z,0.43,0,0,0,0,0,0,0,0,0,0,0,0,1,0,1,1,0,0,0,0,0,0,0,0,0,0,0,0,0,1,0,1,1,0
2023-06-10,ID,30,2023-23,Region 10,4.43,27173.62,2026-05-06T19:11:09Z,0.44,0,0,0,0,0,0,0,0,0,0,0,0,1,0,1,1,0,0,0,0,0,0,0,0,0,0,0,0,0,1,0,1,1,0
2023-06-17,ID,27,2023-24,Region 10,5,26295,2026-05-06T19:11:09Z,0.3,0,0,0,0,0,0,0,0,0,0,0,0,1,0,1,1,0,0,0,0,0,0,0,0,0,0,0,0,0,1,0,1,1,0
2023-06-24,ID,21,2023-25,Region 10,5.34,25503.84,2026-05-06T19:11:09Z,0.37,0,0,0,0,0,0,0,0,0,0,0,0,1,0,1,1,0,0,0,0,0,0,0,0,0,0,0,0,0,1,0,1,1,0
2023-07-01,ID,29,2023-26,Region 10,5.64,25915.8,2026-05-06T19:11:09Z,0.45,0,0,0,0,0,0,0,0,0,0,0,0,1,0,1,1,0,0,0,0,0,0,0,0,0,0,0,0,0,1,0,1,1,0
2023-07-08,ID,27,2023-27,Region 10,7.39,34104.85,2026-05-06T19:11:09Z,0.43,0,0,0,0,0,0,0,0,0,0,0,0,1,0,1,1,0,0,0,0,0,0,0,0,0,0,0,0,0,1,0,1,1,0
2023-07-15,ID,19,2023-28,Region 10,7.56,43477.56,2026-05-06T19:11:09Z,0.4,0,0,0,0,0,0,0,0,0,0,0,0,1,0,1,1,0,0,0,0,0,0,0,0,0,0,0,0,0,1,0,1,1,0
2023-07-22,ID,24,2023-29,Region 10,8.64,47891.520000000004,2026-05-06T19:11:09Z,0.39,0,0,0,0,0,0,0,0,0,0,0,0,1,0,1,1,0,0,0,0,0,0,0,0,0,0,0,0,0,1,0,1,1,0
2023-07-29,ID,24,2023-30,Region 10,8.95,46504.2,2026-05-06T19:11:09Z,0.49,0,0,0,0,0,0,0,0,0,0,0,0,1,0,1,1,0,0,0,0,0,0,0,0,0,0,0,0,0,1,0,1,1,0
2023-08-05,ID,37,2023-31,Region 10,11.03,61426.07,2026-05-06T19:11:09Z,0.84,0,0,0,0,0,0,0,0,0,0,0,0,1,0,1,1,0,0,0,0,0,0,0,0,0,0,0,0,0,1,0,1,1,0
2023-08-12,ID,40,2023-32,Region 10,12.49,71692.6,2026-05-06T19:11:09Z,0.89,0,0,0,0,0,0,0,0,0,0,0,0,1,0,1,1,0,0,0,0,0,0,0,0,0,0,0,0,0,1,0,1,1,0
2023-08-19,ID,52,2023-33,Region 10,12.53,76984.31999999999,2026-05-06T19:11:09Z,1.26,0,0,0,0,0,0,0,0,0,0,0,0,1,0,1,1,0,0,0,0,0,0,0,0,0,0,0,0,0,1,0,1,1,0
2023-08-26,ID,60,2023-34,Region 10,13.53,92004,2026-05-06T19:11:09Z,1.42,0,0,0,0,0,0,0,0,0,0,0,0,1,0,1,1,0,0,0,0,0,0,0,0,0,0,0,0,0,1,0,1,1,0
2023-09-02,ID,76,2023-35,Region 10,13.55,98711.75,2026-05-06T19:11:09Z,1.87,0,0,0,0,0,0,0,0,0,0,0,0,1,0,1,1,0,0,0,0,0,0,0,0,0,0,0,0,0,1,0,1,1,0
2023-09-09,ID,74,2023-36,Region 10,14.93,104226.33,2026-05-06T19:11:09Z,2.13,0,0,0,0,0,0,0,0,0,0,0,0,1,0,1,1,0,0,0,0,0,0,0,0,0,0,0,0,0,1,0,1,1,0
2023-09-16,ID,77,2023-37,Region 10,14.46,119858.94,2026-05-06T19:11:09Z,2.13,0,0,0,0,0,0,0,0,0,0,0,0,1,0,1,1,0,0,0,0,0,0,0,0,0,0,0,0,0,1,0,1,1,0
2023-09-23,ID,96,2023-38,Region 10,13.79,118042.4,2026-05-06T19:11:09Z,2.24,0,0,0,0,0,0,0,0,0,0,0,0,1,0,1,1,0,0,0,0,0,0,0,0,0,0,0,0,0,1,0,1,1,0
2023-09-30,ID,124,2023-39,Region 10,13.55,118562.5,2026-05-06T19:11:09Z,2.34,0,0,0,0,0,0,0,0,0,0,0,0,1,0,1,1,0,0,0,0,0,0,0,0,0,0,0,0,0,1,0,1,1,0
2023-10-07,ID,132,2023-40,Region 10,11.75,121530.25,2026-05-06T19:11:09Z,2.37,0,0,0,0,0,0,0,0,0,0,0,0,1,0,1,1,0,0,0,0,0,0,0,0,0,0,0,0,0,1,0,1,1,0
2023-10-14,ID,109,2023-41,Region 10,11.1,87579,2026-05-06T19:11:09Z,2.21,0,0,0,0,0,0,0,0,0,0,0,0,1,0,1,1,0,0,0,0,0,0,0,0,0,0,0,0,0,1,0,1,1,0
2023-10-21,ID,109,2023-42,Region 10,10.01,91611.52,2026-05-06T19:11:09Z,1.92,0,0,0,0,0,0,0,0,0,0,0,0,1,0,1,1,0,0,0,0,0,0,0,0,0,0,0,0,0,1,0,1,1,0
2023-10-28,ID,85,2023-43,Region 10,9.02,80710.95999999999,2026-05-06T19:11:09Z,1.68,0,0,0,0,0,0,0,0,0,0,0,0,1,0,1,1,0,0,0,0,0,0,0,0,0,0,0,0,0,1,0,1,1,0
2023-11-04,ID,93,2023-44,Region 10,8.98,78170.90000000001,2026-05-06T19:11:09Z,1.59,0,0,0,0,0,0,0,0,0,0,0,0,1,0,1,1,0,0,0,0,0,0,0,0,0,0,0,0,0,1,0,1,1,0
2023-11-11,ID,94,2023-45,Region 10,8.28,74081.15999999999,2026-05-06T19:11:09Z,1.82,0,0,0,0,0,0,0,0,0,0,0,0,1,0,1,1,0,0,0,0,0,0,0,0,0,0,0,0,0,1,0,1,1,0
2023-11-18,ID,88,2023-46,Region 10,7.53,72084.69,2026-05-06T19:11:09Z,2.3,0,0,0,0,0,0,0,0,0,0,0,0,1,0,1,1,0,0,0,0,0,0,0,0,0,0,0,0,0,1,0,1,1,0
2023-11-25,ID,115,2023-47,Region 10,7.71,67955.94,2026-05-06T19:11:09Z,2.74,0,0,0,0,0,0,0,0,0,0,0,0,1,0,1,1,0,0,0,0,0,0,0,0,0,0,0,0,0,1,0,1,1,0
2023-12-02,ID,152,2023-48,Region 10,8.22,86770.32,2026-05-06T19:11:09Z,2.92,0,0,0,0,0,0,0,0,0,0,0,0,1,0,1,1,0,0,0,0,0,0,0,0,0,0,0,0,0,1,0,1,1,0
2023-12-09,ID,158,2023-49,Region 10,8.6,88287.59999999999,2026-05-06T19:11:09Z,2.66,0,0,0,0,0,0,0,0,0,0,0,0,1,0,1,1,0,0,0,0,0,0,0,0,0,0,0,0,0,1,0,1,1,0
2023-12-16,ID,159,2023-50,Region 10,7.75,82088,2026-05-06T19:11:09Z,2.6,0,0,0,0,0,0,0,0,0,0,0,0,1,0,1,1,0,0,0,0,0,0,0,0,0,0,0,0,0,1,0,1,1,0
2023-12-23,ID,158,2023-51,Region 10,8.67,82867.86,2026-05-06T19:11:09Z,2.77,0,0,0,0,0,0,0,0,0,0,0,0,1,0,1,1,0,0,0,0,0,0,0,0,0,0,0,0,0,1,0,1,1,0
2023-12-30,ID,183,2023-52,Region 10,10.47,103663.47,2026-05-06T19:11:09Z,3.51,0,0,0,0,0,0,0,0,0,0,0,0,1,0,1,1,0,0,0,0,0,0,0,0,0,0,0,0,0,1,0,1,1,0
2024-01-06,ID,196,2024-01,Region 10,10.33,107886.52,2026-05-06T19:11:09Z,3.25,0,0,0,0,0,0,0,0,0,0,0,0,1,0,1,1,0,0,0,0,0,0,0,0,0,0,0,0,0,1,0,1,1,0
2024-01-13,ID,163,2024-02,Region 10,10.54,101521.28,2026-05-06T19:11:09Z,2.46,0,0,0,0,0,0,0,0,0,0,0,0,1,0,1,1,0,0,0,0,0,0,0,0,0,0,0,0,0,1,0,1,1,0
2024-01-20,ID,101,2024-03,Region 10,10.4,91166.40000000001,2026-05-06T19:11:09Z,1.88,0,0,0,0,0,0,0,0,0,0,0,0,1,0,1,1,0,0,0,0,0,0,0,0,0,0,0,0,0,1,0,1,1,0
2024-01-27,ID,100,2024-04,Region 10,10.07,93731.56,2026-05-06T19:11:09Z,1.53,0,0,0,0,0,0,0,0,0,0,0,0,1,0,1,1,0,0,0,0,0,0,0,0,0,0,0,0,0,1,0,1,1,0
2024-02-03,ID,79,2024-05,Region 10,9.84,88107.36,2026-05-06T19:11:09Z,1.51,0,0,0,0,0,0,0,0,0,0,0,0,1,0,1,1,0,0,0,0,0,0,0,0,0,0,0,0,0,1,0,1,1,0
2024-02-10,ID,66,2024-06,Region 10,8.92,81056.04,2026-05-06T19:11:09Z,1.27,0,0,0,0,0,0,0,0,0,0,0,0,1,0,1,1,0,0,0,0,0,0,0,0,0,0,0,0,0,1,0,1,1,0
2024-02-17,ID,49,2024-07,Region 10,8.62,75269.84,2026-05-06T19:11:09Z,1.07,0,0,0,0,0,0,0,0,0,0,0,0,1,0,1,1,0,0,0,0,0,0,0,0,0,0,0,0,0,1,0,1,1,0
2024-02-24,ID,93,2024-08,Region 10,8.17,71740.77,2026-05-06T19:11:09Z,1.22,0,0,0,0,0,0,0,0,0,0,0,0,1,0,1,1,0,0,0,0,0,0,0,0,0,0,0,0,0,1,0,1,1,0
2024-03-02,ID,66,2024-09,Region 10,7.23,62308.14000000001,2026-05-06T19:11:09Z,1.05,0,0,0,0,0,0,0,0,0,0,0,0,1,0,1,1,0,0,0,0,0,0,0,0,0,0,0,0,0,1,0,1,1,0
2024-03-09,ID,40,2024-10,Region 10,6.2,45012,2026-05-06T19:11:09Z,0.68,0,0,0,0,0,0,0,0,0,0,0,0,1,0,1,1,0,0,0,0,0,0,0,0,0,0,0,0,0,1,0,1,1,0
2024-03-16,ID,52,2024-11,Region 10,5.74,42131.6,2026-05-06T19:11:09Z,0.74,0,0,0,0,0,0,0,0,0,0,0,0,1,0,1,1,0,0,0,0,0,0,0,0,0,0,0,0,0,1,0,1,1,0
2024-03-23,ID,48,2024-12,Region 10,4.45,34211.6,2026-05-06T19:11:09Z,0.65,0,0,0,0,0,0,0,0,0,0,0,0,1,0,1,1,0,0,0,0,0,0,0,0,0,0,0,0,0,1,0,1,1,0
2024-03-30,ID,33,2024-13,Region 10,4.07,26931.190000000002,2026-05-06T19:11:09Z,0.47,0,0,0,0,0,0,0,0,0,0,0,0,1,0,1,1,0,0,0,0,0,0,0,0,0,0,0,0,0,1,0,1,1,0
2024-04-06,ID,34,2024-14,Region 10,4,24904,2026-05-06T19:11:09Z,0.44,0,0,0,0,0,0,0,0,0,0,0,0,1,0,1,1,0,0,0,0,0,0,0,0,0,0,0,0,0,1,0,1,1,0
2024-04-13,ID,34,2024-15,Region 10,3.9,22678.5,2026-05-06T19:11:09Z,0.44,0,0,0,0,0,0,0,0,0,0,0,0,1,0,1,1,0,0,0,0,0,0,0,0,0,0,0,0,0,1,0,1,1,0
2024-04-20,ID,29,2024-16,Region 10,3.56,19081.6,2026-05-06T19:11:09Z,0.32,0,0,0,0,0,0,0,0,0,0,0,0,1,0,1,1,0,0,0,0,0,0,0,0,0,0,0,0,0,1,0,1,1,0
2024-04-27,ID,32,2024-17,Region 10,2.81,15081.27,2026-05-06T19:11:09Z,0.45,0,0,0,0,0,0,0,0,0,0,0,0,1,0,1,1,0,0,0,0,0,0,0,0,0,0,0,0,0,1,0,1,1,0
2022-10-01,IL,902,2022-39,Region 5,7.12,439937.68,2026-05-06T19:11:09Z,1.81,0,0,0,0,0,0,0,0,0,0,0,0,1,0,0,1,0,0,0,0,0,0,0,0,0,0,0,0,0,1,0,0,1,0
2022-10-08,IL,962,2022-40,Region 5,7.56,456495.48,2026-05-06T19:11:09Z,1.8,0,0,0,0,0,0,0,0,0,0,0,0,1,0,0,0.9999019982117106,0,0,0,0,0,0,0,0,0,0,0,0,0,1,0,0,0.9984375,0
2022-10-15,IL,993,2022-41,Region 5,7.77,492944.33999999997,2026-05-06T19:11:09Z,1.91,0,0,0,0,0,0,0,0,0,0,0,0,1,0,0,0.9993628540255535,0,0,0,0,0,0,0,0,0,0,0,0,0,1,0,0,0.993080357142857,0
2022-10-22,IL,1091,2022-42,Region 5,7.78,501319.86000000004,2026-05-06T19:11:09Z,2.24,0,0,0,0,0,0,0,0,0,0,0,0,1,0,0,0.9991586908806549,0,0,0,0,0,0,0,0,0,0,0,0,0,1,0,0,0.9883116883116883,0
2022-10-29,IL,1156,2022-43,Region 5,7.81,510078.91,2026-05-06T19:11:09Z,2.38,0,0,0,0,0,0,0,0,0,0,0,0,1,0,0,0.9764181790464916,0,0,0,0,0,0,0,0,0,0,0,0,0,1,0,0,0.9849567099567099,0
2022-11-05,IL,1216,2022-44,Region 5,6.44,519308.72000000003,2026-05-06T19:11:09Z,2.42,0,0,0,0,0,0,0,0,0,0,0,0,1,0,0,0.9592880211871783,0,0,0,0,0,0,0,0,0,0,0,0,0,1,0,0,0.9781818181818182,0
2022-11-12,IL,1168,2022-45,Region 5,6.86,460477.5,2026-05-06T19:11:09Z,2.29,0,0,0,0,0,0,0,0,0,0,0,0,1,0,0,0.9496984268210046,0,0,0,0,0,0,0,0,0,0,0,0,0,1,0,0,0.9791558441558442,0
2022-11-19,IL,1191,2022-46,Region 5,6.64,463711.04,2026-05-06T19:11:09Z,2.41,0,0,0,0,0,0,0,0,0,0,0,0,1,0,0,0.9665174656767609,0,0,0,0,0,0,0,0,0,0,0,0,0,1,0,0,0.9856277056277056,0
2022-11-26,IL,1302,2022-47,Region 5,7.36,483345.92000000004,2026-05-06T19:11:09Z,3.02,0,0,0,0,0,0,0,0,0,0,0,0,1,0,0,0.9966277374819428,0,0,0,0,0,0,0,0,0,0,0,0,0,1,0,0,0.9904329004329004,0
2022-12-03,IL,1623,2022-48,Region 5,8.35,671323.2999999999,2026-05-06T19:11:09Z,3.61,0,0,0,0,0,0,0,0,0,0,0,0,1,0,0,0.9998845766612067,0,0,0,0,0,0,0,0,0,0,0,0,0,1,0,0,0.9960389610389611,0
2022-12-10,IL,1683,2022-49,Region 5,8.8,680407.2000000001,2026-05-06T19:11:09Z,3.75,0,0,0,0,0,0,0,0,0,0,0,0,1,0,0,1,0,0,0,0,0,0,0,0,0,0,0,0,0,1,0,0,1,0
2022-12-17,IL,1866,2022-50,Region 5,9.49,736604.31,2026-05-06T19:11:09Z,4.06,0,0,0,0,0,0,0,0,0,0,0,0,1,0,0,1,0,0,0,0,0,0,0,0,0,0,0,0,0,1,0,0,1,0
2022-12-24,IL,1928,2022-51,Region 5,9.75,634110.75,2026-05-06T19:11:09Z,4.15,0,0,0,0,0,0,0,0,0,0,0,0,1,0,0,1,0,0,0,0,0,0,0,0,0,0,0,0,0,1,0,0,1,0
2022-12-31,IL,2033,2022-52,Region 5,9.79,556776.88,2026-05-06T19:11:09Z,4,0,0,0,0,0,0,0,0,0,0,0,0,1,0,0,1,0,0,0,0,0,0,0,0,0,0,0,0,0,1,0,0,1,0
2023-01-07,IL,1812,2023-01,Region 5,8.95,493350.85,2026-05-06T19:11:09Z,3.19,0,0,0,0,0,0,0,0,0,0,0,0,1,0,0,0.9999071384401862,0,0,0,0,0,0,0,0,0,0,0,0,0,1,0,0,0.9980042016806724,0
2023-01-14,IL,1451,2023-02,Region 5,7.63,392769.51,2026-05-06T19:11:09Z,2.43,0,0,0,0,0,0,0,0,0,0,0,0,1,0,0,0.998644039265717,0,0,0,0,0,0,0,0,0,0,0,0,0,1,0,0,0.9875420168067227,0
2023-01-21,IL,1258,2023-03,Region 5,7.45,363783.5,2026-05-06T19:11:09Z,2.24,0,0,0,0,0,0,0,0,0,0,0,0,1,0,0,0.9761094485158219,0,0,0,0,0,0,0,0,0,0,0,0,0,1,0,0,0.9852310924369747,0
2023-01-28,IL,1104,2023-04,Region 5,7.35,362884.19999999995,2026-05-06T19:11:09Z,1.98,0,0,0,0,0,0,0,0,0,0,0,0,1,0,0,0.9769244201130302,0,0,0,0,0,0,0,0,0,0,0,0,0,1,0,0,0.9910714285714286,0
2023-02-04,IL,927,2023-05,Region 5,7.33,344143.5,2026-05-06T19:11:09Z,1.92,0,0,0,0,0,0,0,0,0,0,0,0,1,0,0,0.9956422838189565,0,0,0,0,0,0,0,0,0,0,0,0,0,1,0,0,0.9873109243697479,0
2023-02-11,IL,975,2023-06,Region 5,7.79,374410.77,2026-05-06T19:11:09Z,2.08,0,0,0,0,0,0,0,0,0,0,0,0,1,0,0,0.9936698344389666,0,0,0,0,0,0,0,0,0,0,0,0,0,1,0,0,0.9793067226890756,0
2023-02-18,IL,1046,2023-07,Region 5,8.77,383783.97,2026-05-06T19:11:09Z,2.09,0,0,0,0,0,0,0,0,0,0,0,0,1,0,0,0.9940445385682375,0,0,0,0,0,0,0,0,0,0,0,0,0,1,0,0,0.9823877551020408,0
2023-02-25,IL,1039,2023-08,Region 5,8.64,363890.88,2026-05-06T19:11:09Z,2.14,0,0,0,0,0,0,0,0,0,0,0,0,1,0,0,0.998135821199609,0,0,0,0,0,0,0,0,0,0,0,0,0,1,0,0,0.9856938775510204,0
2023-03-04,IL,1034,2023-09,Region 5,8.54,363043.93999999994,2026-05-06T19:11:09Z,2.04,0,0,0,0,0,0,0,0,0,0,0,0,1,0,0,0.975862219252072,0,0,0,0,0,0,0,0,0,0,0,0,0,1,0,0,0.9744081632653061,0
2023-03-11,IL,963,2023-10,Region 5,7.76,300661.2,2026-05-06T19:11:09Z,1.87,0,0,0,0,0,0,0,0,0,0,0,0,1,0,0,0.9746300519082216,0,0,0,0,0,0,0,0,0,0,0,0,0,1,0,0,0.9630612244897959,0
2023-03-18,IL,922,2023-11,Region 5,7.74,284127.66000000003,2026-05-06T19:11:09Z,1.78,0,0,0,0,0,0,0,0,0,0,0,0,1,0,0,0.9931107828664869,0,0,0,0,0,0,0,0,0,0,0,0,0,1,0,0,0.9602244897959185,0
2023-03-25,IL,901,2023-12,Region 5,7.89,278958.83999999997,2026-05-06T19:11:09Z,1.76,0,0,0,0,0,0,0,0,0,0,0,0,1,0,0,0.9967799585600707,0,0,0,0,0,0,0,0,0,0,0,0,0,1,0,0,0.9641428571428571,0
2023-04-01,IL,902,2023-13,Region 5,7.83,262273.68,2026-05-06T19:11:09Z,1.72,0,0,0,0,0,0,0,0,0,0,0,0,1,0,0,0.9950966974862138,0,0,0,0,0,0,0,0,0,0,0,0,0,1,0,0,0.9598163265306122,0
2023-04-08,IL,742,2023-14,Region 5,7.12,228025.12,2026-05-06T19:11:09Z,1.5,0,0,0,0,0,0,0,0,0,0,0,0,1,0,0,0.9920625378635386,0,0,0,0,0,0,0,0,0,0,0,0,0,1,0,0,0.9458163265306122,0
2023-04-15,IL,648,2023-15,Region 5,6.73,195876.65000000002,2026-05-06T19:11:09Z,1.25,0,0,0,0,0,0,0,0,0,0,0,0,1,0,0,0.9918786885689501,0,0,0,0,0,0,0,0,0,0,0,0,0,1,0,0,0.9370204081632653,0
2023-04-22,IL,563,2023-16,Region 5,5.27,137525.91999999998,2026-05-06T19:11:09Z,1.02,0,0,0,0,0,0,0,0,0,0,0,0,1,0,0,0.9919817714904052,0,0,0,0,0,0,0,0,0,0,0,0,0,1,0,0,0.9354489795918367,0
2023-04-29,IL,445,2023-17,Region 5,4.91,121316.28,2026-05-06T19:11:09Z,0.88,0,0,0,0,0,0,0,0,0,0,0,0,1,0,0,0.9899642792732561,0,0,0,0,0,0,0,0,0,0,0,0,0,1,0,0,0.9179183673469388,0
2023-05-06,IL,430,2023-18,Region 5,5.48,129437.6,2026-05-06T19:11:09Z,0.89,0,0,0,0,0,0,0,0,0,0,0,0,1,0,0,0.9880031127804852,0,0,0,0,0,0,0,0,0,0,0,0,0,1,0,0,0.8843877551020408,0
2023-05-13,IL,423,2023-19,Region 5,5.24,112880.08,2026-05-06T19:11:09Z,0.81,0,0,0,0,0,0,0,0,0,0,0,0,1,0,0,0.9901341306632303,0,0,0,0,0,0,0,0,0,0,0,0,0,1,0,0,0.8954081632653061,0
2023-05-20,IL,342,2023-20,Region 5,4.86,93341.16,2026-05-06T19:11:09Z,0.71,0,0,0,0,0,0,0,0,0,0,0,0,1,0,0,0.9482327360255925,0,0,0,0,0,0,0,0,0,0,0,0,0,1,0,0,0.8982857142857142,0
2023-05-27,IL,269,2023-21,Region 5,5.01,85600.86,2026-05-06T19:11:09Z,0.53,0,0,0,0,0,0,0,0,0,0,0,0,1,0,0,0.8885839283069505,0,0,0,0,0,0,0,0,0,0,0,0,0,1,0,0,0.845204081632653,0
2023-06-03,IL,276,2023-22,Region 5,4.97,74470.48,2026-05-06T19:11:09Z,0.56,0,0,0,0,0,0,0,0,0,0,0,0,1,0,0,0.9001815623692454,0,0,0,0,0,0,0,0,0,0,0,0,0,1,0,0,0.8106530612244898,0
2023-06-10,IL,185,2023-23,Region 5,4.16,60648.64,2026-05-06T19:11:09Z,0.44,0,0,0,0,0,0,0,0,0,0,0,0,1,0,0,0.9410419583421553,0,0,0,0,0,0,0,0,0,0,0,0,0,1,0,0,0.8224081632653061,0
2023-06-17,IL,219,2023-24,Region 5,4.05,52613.549999999996,2026-05-06T19:11:09Z,0.46,0,0,0,0,0,0,0,0,0,0,0,0,0.9604218600191753,0,0,0.9630932972702844,0,0,0,0,0,0,0,0,0,0,0,0,0,0.9657142857142857,0,0,0.8336734693877551,0
2023-06-24,IL,208,2023-25,Region 5,4.2,51126.6,2026-05-06T19:11:09Z,0.41,0,0,0,0,0,0,0,0,0,0,0,0,0.91424736337488,0,0,0.9609791264582094,0,0,0,0,0,0,0,0,0,0,0,0,0,0.9257142857142857,0,0,0.8216530612244898,0
2023-07-01,IL,186,2023-26,Region 5,4.15,47193.8,2026-05-06T19:11:09Z,0.4,0,0,0,0,0,0,0,0,0,0,0,0,0.9398082454458294,0,0,0.9305550197929487,0,0,0,0,0,0,0,0,0,0,0,0,0,0.9478571428571427,0,0,0.8260563380281689,0
2023-07-08,IL,208,2023-27,Region 5,5.01,55099.979999999996,2026-05-06T19:11:09Z,0.45,0,0,0,0,0,0,0,0,0,0,0,0,1,0,0,0.8564092181960424,0,0,0,0,0,0,0,0,0,0,0,0,0,1,0,0,0.7961368209255534,0
2023-07-15,IL,165,2023-28,Region 5,5.18,58425.219999999994,2026-05-06T19:11:09Z,0.44,0,0,0,0,0,0,0,0,0,0,0,0,1,0,0,0.8572109763315429,0,0,0,0,0,0,0,0,0,0,0,0,0,1,0,0,0.7858148893360161,0
2023-07-22,IL,177,2023-29,Region 5,6.18,69129.48,2026-05-06T19:11:09Z,0.58,0,0,0,0,0,0,0,0,0,0,0,0,1,0,0,0.8813112395964221,0,0,0,0,0,0,0,0,0,0,0,0,0,1,0,0,0.8411871227364185,0
2023-07-29,IL,237,2023-30,Region 5,7.58,86343.78,2026-05-06T19:11:09Z,0.74,0,0,0,0,0,0,0,0,0,0,0,0,1,0,0,0.9051581769981384,0,0,0,0,0,0,0,0,0,0,0,0,0,1,0,0,0.8937223340040241,0
2023-08-05,IL,303,2023-31,Region 5,8.83,109147.63,2026-05-06T19:11:09Z,0.98,0,0,0,0,0,0,0,0,0,0,0,0,1,0,0,0.9543995203447031,0,0,0,0,0,0,0,0,0,0,0,0,0,1,0,0,0.9209859154929577,0
2023-08-12,IL,354,2023-32,Region 5,9.87,133156.16999999998,2026-05-06T19:11:09Z,1.13,0,0,0,0,0,0,0,0,0,0,0,0,1,0,0,0.9805258394396686,0,0,0,0,0,0,0,0,0,0,0,0,0,1,0,0,0.9396177062374246,0
2023-08-19,IL,435,2023-33,Region 5,11.21,168329.36000000002,2026-05-06T19:11:09Z,1.54,0,0,0,0,0,0,0,0,0,0,0,0,1,0,0,0.9895471693573724,0,0,0,0,0,0,0,0,0,0,0,0,0,1,0,0,0.9546881287726359,0
2023-08-26,IL,551,2023-34,Region 5,12.5,214487.5,2026-05-06T19:11:09Z,1.89,0,0,0,0,0,0,0,0,0,0,0,0,1,0,0,0.996687516900474,0,0,0,0,0,0,0,0,0,0,0,0,0,1,0,0,0.9722736418511065,0
2023-09-02,IL,594,2023-35,Region 5,12.58,248429.84,2026-05-06T19:11:09Z,1.96,0,0,0,0,0,0,0,0,0,0,0,0,1,0,0,0.999343829930931,0,0,0,0,0,0,0,0,0,0,0,0,0,1,0,0,0.989235412474849,0
2023-09-09,IL,638,2023-36,Region 5,12.46,285271.7,2026-05-06T19:11:09Z,1.99,0,0,0,0,0,0,0,0,0,0,0,0,1,0,0,0.999203412462229,0,0,0,0,0,0,0,0,0,0,0,0,0,1,0,0,0.9940845070422536,0
2023-09-16,IL,672,2023-37,Region 5,12.2,323141.39999999997,2026-05-06T19:11:09Z,1.76,0,0,0,0,0,0,0,0,0,0,0,0,1,0,0,0.9992223742400954,0,0,0,0,0,0,0,0,0,0,0,0,0,1,0,0,0.9929979879275653,0
2023-09-23,IL,655,2023-38,Region 5,12.25,359476.25,2026-05-06T19:11:09Z,1.69,0,0,0,0,0,0,0,0,0,0,0,0,1,0,0,0.9988669058794275,0,0,0,0,0,0,0,0,0,0,0,0,0,1,0,0,0.9877263581488934,0
2023-09-30,IL,560,2023-39,Region 5,10.63,286829.29000000004,2026-05-06T19:11:09Z,1.46,0,0,0,0,0,0,0,0,0,0,0,0,1,0,0,0.9986747204084228,0,0,0,0,0,0,0,0,0,0,0,0,0,1,0,0,0.9850100603621731,0
2023-10-07,IL,531,2023-40,Region 5,10.05,244034.1,2026-05-06T19:11:09Z,1.28,0,0,0,0,0,0,0,0,0,0,0,0,1,0,0,0.9977750818050872,0,0,0,0,0,0,0,0,0,0,0,0,0,1,0,0,0.9842454728370221,0
2023-10-14,IL,469,2023-41,Region 5,8.45,218086.05,2026-05-06T19:11:09Z,1.31,0,0,0,0,0,0,0,0,0,0,0,0,1,0,0,0.9871907896044513,0,0,0,0,0,0,0,0,0,0,0,0,0,1,0,0,0.9738028169014085,0
2023-10-21,IL,563,2023-42,Region 5,9.47,254998.69000000003,2026-05-06T19:11:09Z,1.57,0,0,0,0,0,0,0,0,0,0,0,0,1,0,0,0.954226146147078,0,0,0,0,0,0,0,0,0,0,0,0,0,1,0,0,0.9515291750503018,0
2023-10-28,IL,651,2023-43,Region 5,10.51,283896.12,2026-05-06T19:11:09Z,1.61,0,0,0,0,0,0,0,0,0,0,0,0,1,0,0,0.9463466515861886,0,0,0,0,0,0,0,0,0,0,0,0,0,1,0,0,0.9470221327967806,0
2023-11-04,IL,631,2023-44,Region 5,10.05,269048.55000000005,2026-05-06T19:11:09Z,1.76,0,0,0,0,0,0,0,0,0,0,0,0,1,0,0,0.9483060215951415,0,0,0,0,0,0,0,0,0,0,0,0,0,1,0,0,0.9539034205231388,0
2023-11-11,IL,739,2023-45,Region 5,11.67,353052.51,2026-05-06T19:11:09Z,2.06,0,0,0,0,0,0,0,0,0,0,0,0,1,0,0,0.9703981447837432,0,0,0,0,0,0,0,0,0,0,0,0,0,1,0,0,0.9702414486921529,0
2023-11-18,IL,855,2023-46,Region 5,12.51,409639.95,2026-05-06T19:11:09Z,2.4,0,0,0,0,0,0,0,0,0,0,0,0,1,0,0,0.9899908188688155,0,0,0,0,0,0,0,0,0,0,0,0,0,1,0,0,0.9882494969818914,0
2023-11-25,IL,986,2023-47,Region 5,14.28,439424.16,2026-05-06T19:11:09Z,3.2,0,0,0,0,0,0,0,0,0,0,0,0,1,0,0,0.9994567031123469,0,0,0,0,0,0,0,0,0,0,0,0,0,1,0,0,0.9997183098591549,0
2023-12-02,IL,1247,2023-48,Region 5,14.35,553608.65,2026-05-06T19:11:09Z,3.44,0,0,0,0,0,0,0,0,0,0,0,0,1,0,0,1,0,0,0,0,0,0,0,0,0,0,0,0,0,1,0,0,1,0
2023-12-09,IL,1211,2023-49,Region 5,14.19,567202.6799999999,2026-05-06T19:11:09Z,3.42,0,0,0,0,0,0,0,0,0,0,0,0,1,0,0,1,0,0,0,0,0,0,0,0,0,0,0,0,0,1,0,0,1,0
2023-12-16,IL,1336,2023-50,Region 5,14.58,646375.14,2026-05-06T19:11:09Z,3.49,0,0,0,0,0,0,0,0,0,0,0,0,1,0,0,0.9997389194020947,0,0,0,0,0,0,0,0,0,0,0,0,0,1,0,0,0.9962776659959759,0
2023-12-23,IL,1491,2023-51,Region 5,14.54,685619.1599999999,2026-05-06T19:11:09Z,3.98,0,0,0,0,0,0,0,0,0,0,0,0,1,0,0,0.9995183799225157,0,0,0,0,0,0,0,0,0,0,0,0,0,1,0,0,0.99261569416499,0
2023-12-30,IL,1744,2023-52,Region 5,15.08,705683.68,2026-05-06T19:11:09Z,4.35,0,0,0,0,0,0,0,0,0,0,0,0,1,0,0,0.998364222323655,0,0,0,0,0,0,0,0,0,0,0,0,0,1,0,0,0.9892152917505029,0
2024-01-06,IL,1461,2024-01,Region 5,13.94,626798.16,2026-05-06T19:11:09Z,3.66,0,0,0,0,0,0,0,0,0,0,0,0,1,0,0,0.993761255483404,0,0,0,0,0,0,0,0,0,0,0,0,0,1,0,0,0.9747484909456741,0
2024-01-13,IL,1220,2024-02,Region 5,12.12,499331.87999999995,2026-05-06T19:11:09Z,3,0,0,0,0,0,0,0,0,0,0,0,0,1,0,0,0.9934342807322654,0,0,0,0,0,0,0,0,0,0,0,0,0,1,0,0,0.9718712273641852,0
2024-01-20,IL,999,2024-03,Region 5,10.92,374938.2,2026-05-06T19:11:09Z,2.28,0,0,0,0,0,0,0,0,0,0,0,0,1,0,0,0.9958780760650392,0,0,0,0,0,0,0,0,0,0,0,0,0,1,0,0,0.9762776659959759,0
2024-01-27,IL,786,2024-04,Region 5,10.04,338960.43999999994,2026-05-06T19:11:09Z,1.77,0,0,0,0,0,0,0,0,0,0,0,0,1,0,0,0.9974555473737361,0,0,0,0,0,0,0,0,0,0,0,0,0,1,0,0,0.9714688128772636,0
2024-02-03,IL,686,2024-05,Region 5,9.39,343523.76,2026-05-06T19:11:09Z,1.72,0,0,0,0,0,0,0,0,0,0,0,0,1,0,0,0.995340180357999,0,0,0,0,0,0,0,0,0,0,0,0,0,1,0,0,0.9432997987927565,0
2024-02-10,IL,651,2024-06,Region 5,9.18,360122.22,2026-05-06T19:11:09Z,1.91,0,0,0,0,0,0,0,0,0,0,0,0,1,0,0,0.9959454800892931,0,0,0,0,0,0,0,0,0,0,0,0,0,1,0,0,0.9405633802816901,0
2024-02-17,IL,731,2024-07,Region 5,8.56,320315.2,2026-05-06T19:11:09Z,1.82,0,0,0,0,0,0,0,0,0,0,0,0,1,0,0,0.9974349514960862,0,0,0,0,0,0,0,0,0,0,0,0,0,1,0,0,0.9602213279678068,0
2024-02-24,IL,671,2024-08,Region 5,7.42,279852.72,2026-05-06T19:11:09Z,1.72,0,0,0,0,0,0,0,0,0,0,0,0,1,0,0,0.998304945005446,0,0,0,0,0,0,0,0,0,0,0,0,0,1,0,0,0.9740442655935614,0
2024-03-02,IL,595,2024-09,Region 5,6.57,237584.34,2026-05-06T19:11:09Z,1.56,0,0,0,0,0,0,0,0,0,0,0,0,1,0,0,0.9991301348305706,0,0,0,0,0,0,0,0,0,0,0,0,0,1,0,0,0.9851710261569417,0
2024-03-09,IL,514,2024-10,Region 5,5.33,189961.2,2026-05-06T19:11:09Z,1.17,0,0,0,0,0,0,0,0,0,0,0,0,1,0,0,0.9890560358591061,0,0,0,0,0,0,0,0,0,0,0,0,0,1,0,0,0.9830784708249497,0
2024-03-16,IL,429,2024-11,Region 5,4.62,143252.34,2026-05-06T19:11:09Z,0.94,0,0,0,0,0,0,0,0,0,0,0,0,1,0,0,0.9390187486406334,0,0,0,0,0,0,0,0,0,0,0,0,0,1,0,0,0.9611066398390342,0
2024-03-23,IL,340,2024-12,Region 5,3.94,114791.9,2026-05-06T19:11:09Z,0.67,0,0,0,0,0,0,0,0,0,0,0,0,1,0,0,0.9243086190308883,0,0,0,0,0,0,0,0,0,0,0,0,0,1,0,0,0.9388531187122736,0
2024-03-30,IL,331,2024-13,Region 5,3.66,95902.98000000001,2026-05-06T19:11:09Z,0.76,0,0,0,0,0,0,0,0,0,0,0,0,1,0,0,0.9511528454213818,0,0,0,0,0,0,0,0,0,0,0,0,0,1,0,0,0.9348490945674044,0
2024-04-06,IL,281,2024-14,Region 5,3.42,86926.14,2026-05-06T19:11:09Z,0.64,0,0,0,0,0,0,0,0,0,0,0,0,1,0,0,0.9267618757692353,0,0,0,0,0,0,0,0,0,0,0,0,0,1,0,0,0.8877867203219316,0
2024-04-13,IL,257,2024-15,Region 5,3.8,89961.2,2026-05-06T19:11:09Z,0.53,0,0,0,0,0,0,0,0,0,0,0,0,1,0,0,0.9266999478203448,0,0,0,0,0,0,0,0,0,0,0,0,0,1,0,0,0.8451710261569417,0
2024-04-20,IL,214,2024-16,Region 5,3.14,67726.66,2026-05-06T19:11:09Z,0.45,0,0,0,0,0,0,0,0,0,0,0,0,1,0,0,0.9339761830403392,0,0,0,0,0,0,0,0,0,0,0,0,0,1,0,0,0.8431187122736418,0
2024-04-27,IL,207,2024-17,Region 5,3.43,69927.41,2026-05-06T19:11:09Z,0.42,0,0,0,0,0,0,0,0,0,0,0,0,1,0,0,0.9395966442218361,0,0,0,0,0,0,0,0,0,0,0,0,0,1,0,0,0.8302012072434607,0
2022-10-01,IN,349,2022-39,Region 5,7.12,439937.68,2026-05-06T19:11:09Z,1.44,0,0,0,0,0,0,0,0,0,0,0,0,1,0,1,0,0,0,0,0,0,0,0,0,0,0,0,0,0,1,0,1,0,0
2022-10-08,IN,381,2022-40,Region 5,7.56,456495.48,2026-05-06T19:11:09Z,1.53,0,0,0,0,0,0,0,0,0,0,0,0,1,0,1,0,0,0,0,0,0,0,0,0,0,0,0,0,0,1,0,1,0,0
2022-10-15,IN,354,2022-41,Region 5,7.77,492944.33999999997,2026-05-06T19:11:09Z,1.53,0,0,0,0,0,0,0,0,0,0,0,0,1,0,1,0,0,0,0,0,0,0,0,0,0,0,0,0,0,1,0,1,0,0
2022-10-22,IN,409,2022-42,Region 5,7.78,501319.86000000004,2026-05-06T19:11:09Z,1.9,0,0,0,0,0,0,0,0,0,0,0,0,1,0,1,0,0,0,0,0,0,0,0,0,0,0,0,0,0,1,0,1,0,0
2022-10-29,IN,453,2022-43,Region 5,7.81,510078.91,2026-05-06T19:11:09Z,1.9,0,0,0,0,0,0,0,0,0,0,0,0,1,0,1,0,0,0,0,0,0,0,0,0,0,0,0,0,0,1,0,1,0,0
2022-11-05,IN,501,2022-44,Region 5,6.44,519308.72000000003,2026-05-06T19:11:09Z,2.13,0,0,0,0,0,0,0,0,0,0,0,0,1,0,1,0,0,0,0,0,0,0,0,0,0,0,0,0,0,1,0,1,0,0
2022-11-12,IN,490,2022-45,Region 5,6.86,460477.5,2026-05-06T19:11:09Z,2.07,0,0,0,0,0,0,0,0,0,0,0,0,1,0,1,0,0,0,0,0,0,0,0,0,0,0,0,0,0,1,0,1,0,0
2022-11-19,IN,464,2022-46,Region 5,6.64,463711.04,2026-05-06T19:11:09Z,2.07,0,0,0,0,0,0,0,0,0,0,0,0,1,0,1,0,0,0,0,0,0,0,0,0,0,0,0,0,0,1,0,1,0,0
2022-11-26,IN,562,2022-47,Region 5,7.36,483345.92000000004,2026-05-06T19:11:09Z,2.8,0,0,0,0,0,0,0,0,0,0,0,0,1,0,1,0,0,0,0,0,0,0,0,0,0,0,0,0,0,1,0,1,0,0
2022-12-03,IN,755,2022-48,Region 5,8.35,671323.2999999999,2026-05-06T19:11:09Z,3.52,0,0,0,0,0,0,0,0,0,0,0,0,1,0,1,0,0,0,0,0,0,0,0,0,0,0,0,0,0,1,0,1,0,0
2022-12-10,IN,833,2022-49,Region 5,8.8,680407.2000000001,2026-05-06T19:11:09Z,3.63,0,0,0,0,0,0,0,0,0,0,0,0,1,0,1,0,0,0,0,0,0,0,0,0,0,0,0,0,0,1,0,1,0,0
2022-12-17,IN,848,2022-50,Region 5,9.49,736604.31,2026-05-06T19:11:09Z,3.86,0,0,0,0,0,0,0,0,0,0,0,0,1,0,1,0,0,0,0,0,0,0,0,0,0,0,0,0,0,1,0,1,0,0
2022-12-24,IN,842,2022-51,Region 5,9.75,634110.75,2026-05-06T19:11:09Z,3.67,0,0,0,0,0,0,0,0,0,0,0,0,1,0,1,0,0,0,0,0,0,0,0,0,0,0,0,0,0,1,0,1,0,0
2022-12-31,IN,925,2022-52,Region 5,9.79,556776.88,2026-05-06T19:11:09Z,3.69,0,0,0,0,0,0,0,0,0,0,0,0,1,0,1,0,0,0,0,0,0,0,0,0,0,0,0,0,0,1,0,1,0,0
2023-01-07,IN,774,2023-01,Region 5,8.95,493350.85,2026-05-06T19:11:09Z,3.04,0,0,0,0,0,0,0,0,0,0,0,0,1,0,1,0,0,0,0,0,0,0,0,0,0,0,0,0,0,1,0,1,0,0
2023-01-14,IN,571,2023-02,Region 5,7.63,392769.51,2026-05-06T19:11:09Z,2.21,0,0,0,0,0,0,0,0,0,0,0,0,1,0,1,0,0,0,0,0,0,0,0,0,0,0,0,0,0,1,0,1,0,0
2023-01-21,IN,501,2023-03,Region 5,7.45,363783.5,2026-05-06T19:11:09Z,1.89,0,0,0,0,0,0,0,0,0,0,0,0,1,0,1,0,0,0,0,0,0,0,0,0,0,0,0,0,0,1,0,1,0,0
2023-01-28,IN,444,2023-04,Region 5,7.35,362884.19999999995,2026-05-06T19:11:09Z,1.77,0,0,0,0,0,0,0,0,0,0,0,0,1,0,1,0,0,0,0,0,0,0,0,0,0,0,0,0,0,1,0,1,0,0
2023-02-04,IN,394,2023-05,Region 5,7.33,344143.5,2026-05-06T19:11:09Z,1.78,0,0,0,0,0,0,0,0,0,0,0,0,1,0,1,0,0,0,0,0,0,0,0,0,0,0,0,0,0,1,0,1,0,0
2023-02-11,IN,446,2023-06,Region 5,7.79,374410.77,2026-05-06T19:11:09Z,1.88,0,0,0,0,0,0,0,0,0,0,0,0,1,0,1,0,0,0,0,0,0,0,0,0,0,0,0,0,0,1,0,1,0,0
2023-02-18,IN,443,2023-07,Region 5,8.77,383783.97,2026-05-06T19:11:09Z,1.97,0,0,0,0,0,0,0,0,0,0,0,0,1,0,1,0,0,0,0,0,0,0,0,0,0,0,0,0,0,1,0,1,0,0
2023-02-25,IN,422,2023-08,Region 5,8.64,363890.88,2026-05-06T19:11:09Z,1.98,0,0,0,0,0,0,0,0,0,0,0,0,1,0,1,0,0,0,0,0,0,0,0,0,0,0,0,0,0,1,0,1,0,0
2023-03-04,IN,408,2023-09,Region 5,8.54,363043.93999999994,2026-05-06T19:11:09Z,1.56,0,0,0,0,0,0,0,0,0,0,0,0,1,0,1,0,0,0,0,0,0,0,0,0,0,0,0,0,0,1,0,1,0,0
2023-03-11,IN,389,2023-10,Region 5,7.76,300661.2,2026-05-06T19:11:09Z,1.44,0,0,0,0,0,0,0,0,0,0,0,0,1,0,1,0,0,0,0,0,0,0,0,0,0,0,0,0,0,1,0,1,0,0
2023-03-18,IN,310,2023-11,Region 5,7.74,284127.66000000003,2026-05-06T19:11:09Z,1.29,0,0,0,0,0,0,0,0,0,0,0,0,1,0,1,0,0,0,0,0,0,0,0,0,0,0,0,0,0,1,0,1,0,0
2023-03-25,IN,309,2023-12,Region 5,7.89,278958.83999999997,2026-05-06T19:11:09Z,1.29,0,0,0,0,0,0,0,0,0,0,0,0,1,0,1,0,0,0,0,0,0,0,0,0,0,0,0,0,0,1,0,1,0,0
2023-04-01,IN,278,2023-13,Region 5,7.83,262273.68,2026-05-06T19:11:09Z,1.18,0,0,0,0,0,0,0,0,0,0,0,0,1,0,1,0,0,0,0,0,0,0,0,0,0,0,0,0,0,1,0,1,0,0
2023-04-08,IN,262,2023-14,Region 5,7.12,228025.12,2026-05-06T19:11:09Z,1.03,0,0,0,0,0,0,0,0,0,0,0,0,1,0,1,0,0,0,0,0,0,0,0,0,0,0,0,0,0,1,0,1,0,0
2023-04-15,IN,236,2023-15,Region 5,6.73,195876.65000000002,2026-05-06T19:11:09Z,0.87,0,0,0,0,0,0,0,0,0,0,0,0,1,0,1,0,0,0,0,0,0,0,0,0,0,0,0,0,0,1,0,1,0,0
2023-04-22,IN,195,2023-16,Region 5,5.27,137525.91999999998,2026-05-06T19:11:09Z,0.62,0,0,0,0,0,0,0,0,0,0,0,0,1,0,1,0,0,0,0,0,0,0,0,0,0,0,0,0,0,1,0,1,0,0
2023-04-29,IN,150,2023-17,Region 5,4.91,121316.28,2026-05-06T19:11:09Z,0.7,0,0,0,0,0,0,0,0,0,0,0,0,1,0,1,0,0,0,0,0,0,0,0,0,0,0,0,0,0,1,0,1,0,0
2023-05-06,IN,178,2023-18,Region 5,5.48,129437.6,2026-05-06T19:11:09Z,0.65,0,0,0,0,0,0,0,0,0,0,0,0,1,0,1,0,0,0,0,0,0,0,0,0,0,0,0,0,0,1,0,1,0,0
2023-05-13,IN,172,2023-19,Region 5,5.24,112880.08,2026-05-06T19:11:09Z,0.53,0,0,0,0,0,0,0,0,0,0,0,0,1,0,1,0,0,0,0,0,0,0,0,0,0,0,0,0,0,1,0,1,0,0
2023-05-20,IN,113,2023-20,Region 5,4.86,93341.16,2026-05-06T19:11:09Z,0.41,0,0,0,0,0,0,0,0,0,0,0,0,1,0,1,0,0,0,0,0,0,0,0,0,0,0,0,0,0,1,0,1,0,0
2023-05-27,IN,113,2023-21,Region 5,5.01,85600.86,2026-05-06T19:11:09Z,0.37,0,0,0,0,0,0,0,0,0,0,0,0,1,0,1,0,0,0,0,0,0,0,0,0,0,0,0,0,0,1,0,1,0,0
2023-06-03,IN,76,2023-22,Region 5,4.97,74470.48,2026-05-06T19:11:09Z,0.41,0,0,0,0,0,0,0,0,0,0,0,0,1,0,1,0,0,0,0,0,0,0,0,0,0,0,0,0,0,1,0,1,0,0
2023-06-10,IN,74,2023-23,Region 5,4.16,60648.64,2026-05-06T19:11:09Z,0.28,0,0,0,0,0,0,0,0,0,0,0,0,1,0,1,0,0,0,0,0,0,0,0,0,0,0,0,0,0,1,0,1,0,0
2023-06-17,IN,52,2023-24,Region 5,4.05,52613.549999999996,2026-05-06T19:11:09Z,0.3,0,0,0,0,0,0,0,0,0,0,0,0,1,0,1,0,0,0,0,0,0,0,0,0,0,0,0,0,0,1,0,1,0,0
2023-06-24,IN,53,2023-25,Region 5,4.2,51126.6,2026-05-06T19:11:09Z,0.24,0,0,0,0,0,0,0,0,0,0,0,0,1,0,1,0,0,0,0,0,0,0,0,0,0,0,0,0,0,1,0,1,0,0
2023-07-01,IN,51,2023-26,Region 5,4.15,47193.8,2026-05-06T19:11:09Z,0.23,0,0,0,0,0,0,0,0,0,0,0,0,0.9378566285254412,0,1,0,0,0,0,0,0,0,0,0,0,0,0,0,0,0.9717857142857143,0,1,0,0
2023-07-08,IN,64,2023-27,Region 5,5.01,55099.979999999996,2026-05-06T19:11:09Z,0.27,0,0,0,0,0,0,0,0,0,0,0,0,0.9134712549088424,0,1,0,0,0,0,0,0,0,0,0,0,0,0,0,0,0.9607142857142857,0,1,0,0
2023-07-15,IN,61,2023-28,Region 5,5.18,58425.219999999994,2026-05-06T19:11:09Z,0.33,0,0,0,0,0,0,0,0,0,0,0,0,0.9646018770081628,0,1,0,0,0,0,0,0,0,0,0,0,0,0,0,0,0.9839285714285714,0,1,0,0
2023-07-22,IN,91,2023-29,Region 5,6.18,69129.48,2026-05-06T19:11:09Z,0.41,0,0,0,0,0,0,0,0,0,0,0,0,1,0,1,0,0,0,0,0,0,0,0,0,0,0,0,0,0,1,0,1,0,0
2023-07-29,IN,108,2023-30,Region 5,7.58,86343.78,2026-05-06T19:11:09Z,0.65,0,0,0,0,0,0,0,0,0,0,0,0,1,0,1,0,0,0,0,0,0,0,0,0,0,0,0,0,0,1,0,1,0,0
2023-08-05,IN,128,2023-31,Region 5,8.83,109147.63,2026-05-06T19:11:09Z,0.81,0,0,0,0,0,0,0,0,0,0,0,0,1,0,1,0,0,0,0,0,0,0,0,0,0,0,0,0,0,1,0,1,0,0
2023-08-12,IN,148,2023-32,Region 5,9.87,133156.16999999998,2026-05-06T19:11:09Z,1.05,0,0,0,0,0,0,0,0,0,0,0,0,1,0,1,0,0,0,0,0,0,0,0,0,0,0,0,0,0,1,0,1,0,0
2023-08-19,IN,190,2023-33,Region 5,11.21,168329.36000000002,2026-05-06T19:11:09Z,1.43,0,0,0,0,0,0,0,0,0,0,0,0,1,0,1,0,0,0,0,0,0,0,0,0,0,0,0,0,0,1,0,1,0,0
2023-08-26,IN,256,2023-34,Region 5,12.5,214487.5,2026-05-06T19:11:09Z,1.91,0,0,0,0,0,0,0,0,0,0,0,0,1,0,1,0,0,0,0,0,0,0,0,0,0,0,0,0,0,1,0,1,0,0
2023-09-02,IN,284,2023-35,Region 5,12.58,248429.84,2026-05-06T19:11:09Z,1.87,0,0,0,0,0,0,0,0,0,0,0,0,1,0,1,0,0,0,0,0,0,0,0,0,0,0,0,0,0,1,0,1,0,0
2023-09-09,IN,324,2023-36,Region 5,12.46,285271.7,2026-05-06T19:11:09Z,1.82,0,0,0,0,0,0,0,0,0,0,0,0,1,0,1,0,0,0,0,0,0,0,0,0,0,0,0,0,0,1,0,1,0,0
2023-09-16,IN,292,2023-37,Region 5,12.2,323141.39999999997,2026-05-06T19:11:09Z,1.55,0,0,0,0,0,0,0,0,0,0,0,0,1,0,1,0,0,0,0,0,0,0,0,0,0,0,0,0,0,1,0,1,0,0
2023-09-23,IN,268,2023-38,Region 5,12.25,359476.25,2026-05-06T19:11:09Z,1.52,0,0,0,0,0,0,0,0,0,0,0,0,1,0,1,0,0,0,0,0,0,0,0,0,0,0,0,0,0,1,0,1,0,0
2023-09-30,IN,298,2023-39,Region 5,10.63,286829.29000000004,2026-05-06T19:11:09Z,1.29,0,0,0,0,0,0,0,0,0,0,0,0,1,0,1,0,0,0,0,0,0,0,0,0,0,0,0,0,0,1,0,1,0,0
2023-10-07,IN,221,2023-40,Region 5,10.05,244034.1,2026-05-06T19:11:09Z,1.09,0,0,0,0,0,0,0,0,0,0,0,0,1,0,1,0,0,0,0,0,0,0,0,0,0,0,0,0,0,1,0,1,0,0
2023-10-14,IN,239,2023-41,Region 5,8.45,218086.05,2026-05-06T19:11:09Z,1.18,0,0,0,0,0,0,0,0,0,0,0,0,1,0,1,0,0,0,0,0,0,0,0,0,0,0,0,0,0,1,0,1,0,0
2023-10-21,IN,306,2023-42,Region 5,9.47,254998.69000000003,2026-05-06T19:11:09Z,1.51,0,0,0,0,0,0,0,0,0,0,0,0,1,0,1,0,0,0,0,0,0,0,0,0,0,0,0,0,0,1,0,1,0,0
2023-10-28,IN,319,2023-43,Region 5,10.51,283896.12,2026-05-06T19:11:09Z,1.37,0,0,0,0,0,0,0,0,0,0,0,0,1,0,1,0,0,0,0,0,0,0,0,0,0,0,0,0,0,1,0,1,0,0
2023-11-04,IN,289,2023-44,Region 5,10.05,269048.55000000005,2026-05-06T19:11:09Z,1.41,0,0,0,0,0,0,0,0,0,0,0,0,1,0,1,0,0,0,0,0,0,0,0,0,0,0,0,0,0,1,0,1,0,0
2023-11-11,IN,338,2023-45,Region 5,11.67,353052.51,2026-05-06T19:11:09Z,1.96,0,0,0,0,0,0,0,0,0,0,0,0,1,0,1,0,0,0,0,0,0,0,0,0,0,0,0,0,0,1,0,1,0,0
2023-11-18,IN,383,2023-46,Region 5,12.51,409639.95,2026-05-06T19:11:09Z,2.32,0,0,0,0,0,0,0,0,0,0,0,0,1,0,1,0,0,0,0,0,0,0,0,0,0,0,0,0,0,1,0,1,0,0
2023-11-25,IN,465,2023-47,Region 5,14.28,439424.16,2026-05-06T19:11:09Z,2.91,0,0,0,0,0,0,0,0,0,0,0,0,1,0,1,0,0,0,0,0,0,0,0,0,0,0,0,0,0,1,0,1,0,0
2023-12-02,IN,683,2023-48,Region 5,14.35,553608.65,2026-05-06T19:11:09Z,3.51,0,0,0,0,0,0,0,0,0,0,0,0,1,0,1,0,0,0,0,0,0,0,0,0,0,0,0,0,0,1,0,1,0,0
2023-12-09,IN,718,2023-49,Region 5,14.19,567202.6799999999,2026-05-06T19:11:09Z,3.35,0,0,0,0,0,0,0,0,0,0,0,0,1,0,1,0,0,0,0,0,0,0,0,0,0,0,0,0,0,1,0,1,0,0
2023-12-16,IN,713,2023-50,Region 5,14.58,646375.14,2026-05-06T19:11:09Z,3.56,0,0,0,0,0,0,0,0,0,0,0,0,1,0,1,0,0,0,0,0,0,0,0,0,0,0,0,0,0,1,0,1,0,0
2023-12-23,IN,798,2023-51,Region 5,14.54,685619.1599999999,2026-05-06T19:11:09Z,3.92,0,0,0,0,0,0,0,0,0,0,0,0,1,0,1,0,0,0,0,0,0,0,0,0,0,0,0,0,0,1,0,1,0,0
2023-12-30,IN,877,2023-52,Region 5,15.08,705683.68,2026-05-06T19:11:09Z,4.17,0,0,0,0,0,0,0,0,0,0,0,0,1,0,1,0,0,0,0,0,0,0,0,0,0,0,0,0,0,1,0,1,0,0
2024-01-06,IN,786,2024-01,Region 5,13.94,626798.16,2026-05-06T19:11:09Z,3.51,0,0,0,0,0,0,0,0,0,0,0,0,1,0,1,0,0,0,0,0,0,0,0,0,0,0,0,0,0,1,0,1,0,0
2024-01-13,IN,662,2024-02,Region 5,12.12,499331.87999999995,2026-05-06T19:11:09Z,2.54,0,0,0,0,0,0,0,0,0,0,0,0,1,0,1,0,0,0,0,0,0,0,0,0,0,0,0,0,0,1,0,1,0,0
2024-01-20,IN,491,2024-03,Region 5,10.92,374938.2,2026-05-06T19:11:09Z,2.04,0,0,0,0,0,0,0,0,0,0,0,0,1,0,1,0,0,0,0,0,0,0,0,0,0,0,0,0,0,1,0,1,0,0
2024-01-27,IN,359,2024-04,Region 5,10.04,338960.43999999994,2026-05-06T19:11:09Z,1.54,0,0,0,0,0,0,0,0,0,0,0,0,1,0,1,0,0,0,0,0,0,0,0,0,0,0,0,0,0,1,0,1,0,0
2024-02-03,IN,326,2024-05,Region 5,9.39,343523.76,2026-05-06T19:11:09Z,1.52,0,0,0,0,0,0,0,0,0,0,0,0,1,0,1,0,0,0,0,0,0,0,0,0,0,0,0,0,0,1,0,1,0,0
2024-02-10,IN,314,2024-06,Region 5,9.18,360122.22,2026-05-06T19:11:09Z,1.64,0,0,0,0,0,0,0,0,0,0,0,0,1,0,1,0,0,0,0,0,0,0,0,0,0,0,0,0,0,1,0,1,0,0
2024-02-17,IN,292,2024-07,Region 5,8.56,320315.2,2026-05-06T19:11:09Z,1.48,0,0,0,0,0,0,0,0,0,0,0,0,1,0,1,0,0,0,0,0,0,0,0,0,0,0,0,0,0,1,0,1,0,0
2024-02-24,IN,326,2024-08,Region 5,7.42,279852.72,2026-05-06T19:11:09Z,1.52,0,0,0,0,0,0,0,0,0,0,0,0,1,0,1,0,0,0,0,0,0,0,0,0,0,0,0,0,0,1,0,1,0,0
2024-03-02,IN,260,2024-09,Region 5,6.57,237584.34,2026-05-06T19:11:09Z,1.27,0,0,0,0,0,0,0,0,0,0,0,0,1,0,1,0,0,0,0,0,0,0,0,0,0,0,0,0,0,1,0,1,0,0
2024-03-09,IN,233,2024-10,Region 5,5.33,189961.2,2026-05-06T19:11:09Z,1.04,0,0,0,0,0,0,0,0,0,0,0,0,1,0,1,0,0,0,0,0,0,0,0,0,0,0,0,0,0,1,0,1,0,0
2024-03-16,IN,189,2024-11,Region 5,4.62,143252.34,2026-05-06T19:11:09Z,0.8,0,0,0,0,0,0,0,0,0,0,0,0,1,0,1,0,0,0,0,0,0,0,0,0,0,0,0,0,0,1,0,1,0,0
2024-03-23,IN,163,2024-12,Region 5,3.94,114791.9,2026-05-06T19:11:09Z,0.63,0,0,0,0,0,0,0,0,0,0,0,0,1,0,1,0,0,0,0,0,0,0,0,0,0,0,0,0,0,1,0,1,0,0
2024-03-30,IN,140,2024-13,Region 5,3.66,95902.98000000001,2026-05-06T19:11:09Z,0.62,0,0,0,0,0,0,0,0,0,0,0,0,1,0,1,0,0,0,0,0,0,0,0,0,0,0,0,0,0,1,0,1,0,0
2024-04-06,IN,136,2024-14,Region 5,3.42,86926.14,2026-05-06T19:11:09Z,0.54,0,0,0,0,0,0,0,0,0,0,0,0,1,0,1,0,0,0,0,0,0,0,0,0,0,0,0,0,0,1,0,1,0,0
2024-04-13,IN,103,2024-15,Region 5,3.8,89961.2,2026-05-06T19:11:09Z,0.4,0,0,0,0,0,0,0,0,0,0,0,0,1,0,1,0,0,0,0,0,0,0,0,0,0,0,0,0,0,1,0,1,0,0
2024-04-20,IN,97,2024-16,Region 5,3.14,67726.66,2026-05-06T19:11:09Z,0.34,0,0,0,0,0,0,0,0,0,0,0,0,1,0,1,0,0,0,0,0,0,0,0,0,0,0,0,0,0,1,0,1,0,0
2024-04-27,IN,52,2024-17,Region 5,3.43,69927.41,2026-05-06T19:11:09Z,0.25,0,0,0,0,0,0,0,0,0,0,0,0,1,0,1,0,0,0,0,0,0,0,0,0,0,0,0,0,0,1,0,1,0,0
2022-10-01,KS,167,2022-39,Region 7,8.99,88344.73,2026-05-06T19:11:09Z,1.72,0,0,0,0,0,0,0,0,0,0,0,0,1,0,1,1,0,0,0,0,0,0,0,0,0,0,0,0,0,1,0,1,1,0
2022-10-08,KS,163,2022-40,Region 7,9.66,80661,2026-05-06T19:11:09Z,1.51,0,0,0,0,0,0,0,0,0,0,0,0,1,0,1,1,0,0,0,0,0,0,0,0,0,0,0,0,0,1,0,1,1,0
2022-10-15,KS,175,2022-41,Region 7,8.68,83388.76,2026-05-06T19:11:09Z,1.4,0,0,0,0,0,0,0,0,0,0,0,0,1,0,1,1,0,0,0,0,0,0,0,0,0,0,0,0,0,1,0,1,1,0
2022-10-22,KS,179,2022-42,Region 7,8.99,95159.15000000001,2026-05-06T19:11:09Z,1.51,0,0,0,0,0,0,0,0,0,0,0,0,1,0,1,1,0,0,0,0,0,0,0,0,0,0,0,0,0,1,0,1,1,0
2022-10-29,KS,240,2022-43,Region 7,9.68,104998.95999999999,2026-05-06T19:11:09Z,1.81,0,0,0,0,0,0,0,0,0,0,0,0,1,0,1,1,0,0,0,0,0,0,0,0,0,0,0,0,0,1,0,1,1,0
2022-11-05,KS,187,2022-44,Region 7,8.94,111562.26,2026-05-06T19:11:09Z,1.85,0,0,0,0,0,0,0,0,0,0,0,0,1,0,1,1,0,0,0,0,0,0,0,0,0,0,0,0,0,1,0,1,1,0
2022-11-12,KS,222,2022-45,Region 7,8.62,113232.31999999999,2026-05-06T19:11:09Z,2.01,0,0,0,0,0,0,0,0,0,0,0,0,1,0,1,1,0,0,0,0,0,0,0,0,0,0,0,0,0,1,0,1,1,0
2022-11-19,KS,189,2022-46,Region 7,9.15,130469.85,2026-05-06T19:11:09Z,1.95,0,0,0,0,0,0,0,0,0,0,0,0,1,0,1,1,0,0,0,0,0,0,0,0,0,0,0,0,0,1,0,1,1,0
2022-11-26,KS,240,2022-47,Region 7,9.77,145426.44999999998,2026-05-06T19:11:09Z,2.4,0,0,0,0,0,0,0,0,0,0,0,0,1,0,1,1,0,0,0,0,0,0,0,0,0,0,0,0,0,1,0,1,1,0
2022-12-03,KS,310,2022-48,Region 7,11.34,203156.1,2026-05-06T19:11:09Z,2.89,0,0,0,0,0,0,0,0,0,0,0,0,1,0,1,1,0,0,0,0,0,0,0,0,0,0,0,0,0,1,0,1,1,0
2022-12-10,KS,361,2022-49,Region 7,11.4,212895,2026-05-06T19:11:09Z,2.98,0,0,0,0,0,0,0,0,0,0,0,0,1,0,1,1,0,0,0,0,0,0,0,0,0,0,0,0,0,1,0,1,1,0
2022-12-17,KS,296,2022-50,Region 7,14.72,294193.92,2026-05-06T19:11:09Z,3.12,0,0,0,0,0,0,0,0,0,0,0,0,1,0,1,1,0,0,0,0,0,0,0,0,0,0,0,0,0,1,0,1,1,0
2022-12-24,KS,314,2022-51,Region 7,11.01,158136.63,2026-05-06T19:11:09Z,3.15,0,0,0,0,0,0,0,0,0,0,0,0,1,0,1,1,0,0,0,0,0,0,0,0,0,0,0,0,0,1,0,1,1,0
2022-12-31,KS,307,2022-52,Region 7,10.86,138866.82,2026-05-06T19:11:09Z,3.08,0,0,0,0,0,0,0,0,0,0,0,0,1,0,1,1,0,0,0,0,0,0,0,0,0,0,0,0,0,1,0,1,1,0
2023-01-07,KS,277,2023-01,Region 7,11.02,121804.06,2026-05-06T19:11:09Z,2.49,0,0,0,0,0,0,0,0,0,0,0,0,1,0,1,1,0,0,0,0,0,0,0,0,0,0,0,0,0,1,0,1,1,0
2023-01-14,KS,205,2023-02,Region 7,9.49,97424.34,2026-05-06T19:11:09Z,1.89,0,0,0,0,0,0,0,0,0,0,0,0,1,0,1,1,0,0,0,0,0,0,0,0,0,0,0,0,0,1,0,1,1,0
2023-01-21,KS,197,2023-03,Region 7,9.71,90380.68000000001,2026-05-06T19:11:09Z,1.75,0,0,0,0,0,0,0,0,0,0,0,0,1,0,1,1,0,0,0,0,0,0,0,0,0,0,0,0,0,1,0,1,1,0
2023-01-28,KS,186,2023-04,Region 7,9.58,87245.06,2026-05-06T19:11:09Z,1.73,0,0,0,0,0,0,0,0,0,0,0,0,1,0,1,1,0,0,0,0,0,0,0,0,0,0,0,0,0,1,0,1,1,0
2023-02-04,KS,174,2023-05,Region 7,9.02,73909.87999999999,2026-05-06T19:11:09Z,1.51,0,0,0,0,0,0,0,0,0,0,0,0,1,0,1,1,0,0,0,0,0,0,0,0,0,0,0,0,0,1,0,1,1,0
2023-02-11,KS,222,2023-06,Region 7,10.47,85571.31000000001,2026-05-06T19:11:09Z,1.74,0,0,0,0,0,0,0,0,0,0,0,0,1,0,1,1,0,0,0,0,0,0,0,0,0,0,0,0,0,1,0,1,1,0
2023-02-18,KS,223,2023-07,Region 7,11.01,86967.99,2026-05-06T19:11:09Z,1.84,0,0,0,0,0,0,0,0,0,0,0,0,1,0,1,1,0,0,0,0,0,0,0,0,0,0,0,0,0,1,0,1,1,0
2023-02-25,KS,201,2023-08,Region 7,11.01,87210.20999999999,2026-05-06T19:11:09Z,1.78,0,0,0,0,0,0,0,0,0,0,0,0,1,0,1,1,0,0,0,0,0,0,0,0,0,0,0,0,0,1,0,1,1,0
2023-03-04,KS,241,2023-09,Region 7,11.21,86911.13,2026-05-06T19:11:09Z,1.48,0,0,0,0,0,0,0,0,0,0,0,0,0.9953246753246754,0,1,1,0,0,0,0,0,0,0,0,0,0,0,0,0,0.9828571428571428,0,1,1,0
2023-03-11,KS,196,2023-10,Region 7,11.81,86425.58,2026-05-06T19:11:09Z,1.42,0,0,0,0,0,0,0,0,0,0,0,0,0.9899675324675324,0,1,1,0,0,0,0,0,0,0,0,0,0,0,0,0,0.9632142857142857,0,1,1,0
2023-03-18,KS,176,2023-11,Region 7,11.73,86825.46,2026-05-06T19:11:09Z,1.39,0,0,0,0,0,0,0,0,0,0,0,0,0.9925974025974027,0,1,1,0,0,0,0,0,0,0,0,0,0,0,0,0,0.9728571428571428,0,1,1,0
2023-03-25,KS,183,2023-12,Region 7,10.46,74067.26000000001,2026-05-06T19:11:09Z,1.23,0,0,0,0,0,0,0,0,0,0,0,0,1,0,1,1,0,0,0,0,0,0,0,0,0,0,0,0,0,1,0,1,1,0
2023-04-01,KS,144,2023-13,Region 7,9.76,64972.32,2026-05-06T19:11:09Z,1.06,0,0,0,0,0,0,0,0,0,0,0,0,1,0,1,1,0,0,0,0,0,0,0,0,0,0,0,0,0,1,0,1,1,0
2023-04-08,KS,109,2023-14,Region 7,9.67,58687.23,2026-05-06T19:11:09Z,0.87,0,0,0,0,0,0,0,0,0,0,0,0,1,0,1,1,0,0,0,0,0,0,0,0,0,0,0,0,0,1,0,1,1,0
2023-04-15,KS,124,2023-15,Region 7,7.31,41513.49,2026-05-06T19:11:09Z,0.77,0,0,0,0,0,0,0,0,0,0,0,0,1,0,1,1,0,0,0,0,0,0,0,0,0,0,0,0,0,1,0,1,1,0
2023-04-22,KS,77,2023-16,Region 7,5.99,30884.440000000002,2026-05-06T19:11:09Z,0.58,0,0,0,0,0,0,0,0,0,0,0,0,1,0,1,1,0,0,0,0,0,0,0,0,0,0,0,0,0,1,0,1,1,0
2023-04-29,KS,65,2023-17,Region 7,5.77,27805.629999999997,2026-05-06T19:11:09Z,0.52,0,0,0,0,0,0,0,0,0,0,0,0,1,0,1,1,0,0,0,0,0,0,0,0,0,0,0,0,0,1,0,1,1,0
2023-05-06,KS,69,2023-18,Region 7,5.98,27890.72,2026-05-06T19:11:09Z,0.44,0,0,0,0,0,0,0,0,0,0,0,0,1,0,1,1,0,0,0,0,0,0,0,0,0,0,0,0,0,1,0,1,1,0
2023-05-13,KS,75,2023-19,Region 7,5.12,21990.4,2026-05-06T19:11:09Z,0.43,0,0,0,0,0,0,0,0,0,0,0,0,1,0,1,1,0,0,0,0,0,0,0,0,0,0,0,0,0,1,0,1,1,0
2023-05-20,KS,48,2023-20,Region 7,3.92,15487.92,2026-05-06T19:11:09Z,0.37,0,0,0,0,0,0,0,0,0,0,0,0,1,0,1,1,0,0,0,0,0,0,0,0,0,0,0,0,0,1,0,1,1,0
2023-05-27,KS,35,2023-21,Region 7,3.25,11202.75,2026-05-06T19:11:09Z,0.27,0,0,0,0,0,0,0,0,0,0,0,0,1,0,1,1,0,0,0,0,0,0,0,0,0,0,0,0,0,1,0,1,1,0
2023-06-03,KS,40,2023-22,Region 7,3.59,11502.359999999999,2026-05-06T19:11:09Z,0.27,0,0,0,0,0,0,0,0,0,0,0,0,1,0,1,1,0,0,0,0,0,0,0,0,0,0,0,0,0,1,0,1,1,0
2023-06-10,KS,43,2023-23,Region 7,3.99,11395.44,2026-05-06T19:11:09Z,0.25,0,0,0,0,0,0,0,0,0,0,0,0,0.9827272727272727,0,1,1,0,0,0,0,0,0,0,0,0,0,0,0,0,0.9728571428571428,0,1,1,0
2023-06-17,KS,26,2023-24,Region 7,3.31,8788.05,2026-05-06T19:11:09Z,0.13,0,0,0,0,0,0,0,0,0,0,0,0,0.9569155844155844,0,1,1,0,0,0,0,0,0,0,0,0,0,0,0,0,0.9182142857142856,0,1,1,0
2023-06-24,KS,18,2023-25,Region 7,4.38,10888.68,2026-05-06T19:11:09Z,0.26,0,0,0,0,0,0,0,0,0,0,0,0,0.9504545454545454,0,1,1,0,0,0,0,0,0,0,0,0,0,0,0,0,0.8978571428571428,0,1,1,0
2023-07-01,KS,33,2023-26,Region 7,4.56,10392.24,2026-05-06T19:11:09Z,0.22,0,0,0,0,0,0,0,0,0,0,0,0,0.9812337662337662,0,1,1,0,0,0,0,0,0,0,0,0,0,0,0,0,0.9607142857142857,0,1,1,0
2023-07-08,KS,28,2023-27,Region 7,5.33,12701.39,2026-05-06T19:11:09Z,0.25,0,0,0,0,0,0,0,0,0,0,0,0,1,0,1,1,0,0,0,0,0,0,0,0,0,0,0,0,0,1,0,1,1,0
2023-07-15,KS,41,2023-28,Region 7,5.64,13891.32,2026-05-06T19:11:09Z,0.31,0,0,0,0,0,0,0,0,0,0,0,0,1,0,1,1,0,0,0,0,0,0,0,0,0,0,0,0,0,1,0,1,1,0
2023-07-22,KS,23,2023-29,Region 7,5.85,14098.5,2026-05-06T19:11:09Z,0.36,0,0,0,0,0,0,0,0,0,0,0,0,1,0,1,1,0,0,0,0,0,0,0,0,0,0,0,0,0,1,0,1,1,0
2023-07-29,KS,39,2023-30,Region 7,8.78,22810.44,2026-05-06T19:11:09Z,0.55,0,0,0,0,0,0,0,0,0,0,0,0,1,0,1,1,0,0,0,0,0,0,0,0,0,0,0,0,0,1,0,1,1,0
2023-08-05,KS,51,2023-31,Region 7,10.31,30589.77,2026-05-06T19:11:09Z,0.59,0,0,0,0,0,0,0,0,0,0,0,0,1,0,1,1,0,0,0,0,0,0,0,0,0,0,0,0,0,1,0,1,1,0
2023-08-12,KS,52,2023-32,Region 7,13.34,43408.36,2026-05-06T19:11:09Z,0.67,0,0,0,0,0,0,0,0,0,0,0,0,1,0,1,1,0,0,0,0,0,0,0,0,0,0,0,0,0,1,0,1,1,0
2023-08-19,KS,53,2023-33,Region 7,13.88,52008.36,2026-05-06T19:11:09Z,1.13,0,0,0,0,0,0,0,0,0,0,0,0,1,0,1,1,0,0,0,0,0,0,0,0,0,0,0,0,0,1,0,1,1,0
2023-08-26,KS,100,2023-34,Region 7,16.68,72207.72,2026-05-06T19:11:09Z,1.63,0,0,0,0,0,0,0,0,0,0,0,0,1,0,1,1,0,0,0,0,0,0,0,0,0,0,0,0,0,1,0,1,1,0
2023-09-02,KS,100,2023-35,Region 7,15.95,91600.84999999999,2026-05-06T19:11:09Z,1.91,0,0,0,0,0,0,0,0,0,0,0,0,1,0,1,1,0,0,0,0,0,0,0,0,0,0,0,0,0,1,0,1,1,0
2023-09-09,KS,134,2023-36,Region 7,17.14,110518.72,2026-05-06T19:11:09Z,2.43,0,0,0,0,0,0,0,0,0,0,0,0,1,0,1,1,0,0,0,0,0,0,0,0,0,0,0,0,0,1,0,1,1,0
2023-09-16,KS,124,2023-37,Region 7,15.19,103367.95,2026-05-06T19:11:09Z,1.77,0,0,0,0,0,0,0,0,0,0,0,0,1,0,1,1,0,0,0,0,0,0,0,0,0,0,0,0,0,1,0,1,1,0
2023-09-23,KS,131,2023-38,Region 7,15.11,94996.56999999999,2026-05-06T19:11:09Z,1.63,0,0,0,0,0,0,0,0,0,0,0,0,1,0,1,1,0,0,0,0,0,0,0,0,0,0,0,0,0,1,0,1,1,0
2023-09-30,KS,108,2023-39,Region 7,12.86,66704.81999999999,2026-05-06T19:11:09Z,1.43,0,0,0,0,0,0,0,0,0,0,0,0,1,0,1,1,0,0,0,0,0,0,0,0,0,0,0,0,0,1,0,1,1,0
2023-10-07,KS,123,2023-40,Region 7,10.68,60299.28,2026-05-06T19:11:09Z,1.1,0,0,0,0,0,0,0,0,0,0,0,0,1,0,1,0.982340961037344,0,0,0,0,0,0,0,0,0,0,0,0,0,1,0,1,0.9654761904761905,0
2023-10-14,KS,114,2023-41,Region 7,10.25,58179,2026-05-06T19:11:09Z,1.18,0,0,0,0,0,0,0,0,0,0,0,0,1,0,1,0.9386602444991076,0,0,0,0,0,0,0,0,0,0,0,0,0,1,0,1,0.9321428571428573,0
2023-10-21,KS,171,2023-42,Region 7,11.2,64971.2,2026-05-06T19:11:09Z,1.53,0,0,0,0,0,0,0,0,0,0,0,0,1,0,1,0.8404598396277712,0,0,0,0,0,0,0,0,0,0,0,0,0,1,0,1,0.8833333333333333,0
2023-10-28,KS,228,2023-43,Region 7,11.47,67718.88,2026-05-06T19:11:09Z,1.39,0,0,0,0,0,0,0,0,0,0,0,0,1,0,1,0.8642352510389355,0,0,0,0,0,0,0,0,0,0,0,0,0,1,0,1,0.9059523809523811,0
2023-11-04,KS,209,2023-44,Region 7,10.52,56808,2026-05-06T19:11:09Z,1.64,0,0,0,0,0,0,0,0,0,0,0,0,1,0,1,0.9295398138303337,0,0,0,0,0,0,0,0,0,0,0,0,0,1,0,1,0.9511904761904763,0
2023-11-11,KS,206,2023-45,Region 7,13.42,89471.14,2026-05-06T19:11:09Z,2.11,0,0,0,0,0,0,0,0,0,0,0,0,1,0,1,0.8865762856780981,0,0,0,0,0,0,0,0,0,0,0,0,0,1,0,1,0.9214285714285714,0
2023-11-18,KS,228,2023-46,Region 7,14.78,99868.45999999999,2026-05-06T19:11:09Z,2.25,0,0,0,0,0,0,0,0,0,0,0,0,1,0,1,0.9067318878812037,0,0,0,0,0,0,0,0,0,0,0,0,0,1,0,1,0.9375,0
2023-11-25,KS,189,2023-47,Region 7,16.67,115923.18000000001,2026-05-06T19:11:09Z,2.52,0,0,0,0,0,0,0,0,0,0,0,0,1,0,1,0.915792218772744,0,0,0,0,0,0,0,0,0,0,0,0,0,1,0,1,0.9435714285714286,0
2023-12-02,KS,211,2023-48,Region 7,18,167022,2026-05-06T19:11:09Z,2.63,0,0,0,0,0,0,0,0,0,0,0,0,1,0,1,0.9690882828406275,0,0,0,0,0,0,0,0,0,0,0,0,0,1,0,1,0.9792857142857143,0
2023-12-09,KS,260,2023-49,Region 7,17.31,194685.56999999998,2026-05-06T19:11:09Z,2.72,0,0,0,0,0,0,0,0,0,0,0,0,1,0,1,1,0,0,0,0,0,0,0,0,0,0,0,0,0,1,0,1,1,0
2023-12-16,KS,296,2023-50,Region 7,18.49,225799.87999999998,2026-05-06T19:11:09Z,2.86,0,0,0,0,0,0,0,0,0,0,0,0,1,0,1,1,0,0,0,0,0,0,0,0,0,0,0,0,0,1,0,1,1,0
2023-12-23,KS,278,2023-51,Region 7,18.09,238353.84,2026-05-06T19:11:09Z,3.08,0,0,0,0,0,0,0,0,0,0,0,0,1,0,1,1,0,0,0,0,0,0,0,0,0,0,0,0,0,1,0,1,1,0
2023-12-30,KS,330,2023-52,Region 7,17.65,214853.44999999998,2026-05-06T19:11:09Z,3.61,0,0,0,0,0,0,0,0,0,0,0,0,1,0,1,1,0,0,0,0,0,0,0,0,0,0,0,0,0,1,0,1,1,0
2024-01-06,KS,300,2024-01,Region 7,15.01,163894.19,2026-05-06T19:11:09Z,2.84,0,0,0,0,0,0,0,0,0,0,0,0,1,0,1,1,0,0,0,0,0,0,0,0,0,0,0,0,0,1,0,1,1,0
2024-01-13,KS,217,2024-02,Region 7,13.38,122319.96,2026-05-06T19:11:09Z,2.31,0,0,0,0,0,0,0,0,0,0,0,0,1,0,1,1,0,0,0,0,0,0,0,0,0,0,0,0,0,1,0,1,1,0
2024-01-20,KS,149,2024-03,Region 7,10.69,88609.40999999999,2026-05-06T19:11:09Z,1.88,0,0,0,0,0,0,0,0,0,0,0,0,1,0,1,1,0,0,0,0,0,0,0,0,0,0,0,0,0,1,0,1,1,0
2024-01-27,KS,126,2024-04,Region 7,9.13,78234.97,2026-05-06T19:11:09Z,1.54,0,0,0,0,0,0,0,0,0,0,0,0,1,0,1,1,0,0,0,0,0,0,0,0,0,0,0,0,0,1,0,1,1,0
2024-02-03,KS,121,2024-05,Region 7,8.81,82479.22,2026-05-06T19:11:09Z,1.57,0,0,0,0,0,0,0,0,0,0,0,0,1,0,1,1,0,0,0,0,0,0,0,0,0,0,0,0,0,1,0,1,1,0
2024-02-10,KS,118,2024-06,Region 7,8.55,86449.05,2026-05-06T19:11:09Z,1.6,0,0,0,0,0,0,0,0,0,0,0,0,1,0,1,1,0,0,0,0,0,0,0,0,0,0,0,0,0,1,0,1,1,0
2024-02-17,KS,117,2024-07,Region 7,8.11,80929.68999999999,2026-05-06T19:11:09Z,1.55,0,0,0,0,0,0,0,0,0,0,0,0,1,0,1,1,0,0,0,0,0,0,0,0,0,0,0,0,0,1,0,1,1,0
2024-02-24,KS,130,2024-08,Region 7,6.8,73270,2026-05-06T19:11:09Z,1.53,0,0,0,0,0,0,0,0,0,0,0,0,1,0,1,1,0,0,0,0,0,0,0,0,0,0,0,0,0,1,0,1,1,0
2024-03-02,KS,117,2024-09,Region 7,5.8,55558.2,2026-05-06T19:11:09Z,1.23,0,0,0,0,0,0,0,0,0,0,0,0,1,0,1,1,0,0,0,0,0,0,0,0,0,0,0,0,0,1,0,1,1,0
2024-03-09,KS,120,2024-10,Region 7,4.93,46130.009999999995,2026-05-06T19:11:09Z,1.01,0,0,0,0,0,0,0,0,0,0,0,0,1,0,1,1,0,0,0,0,0,0,0,0,0,0,0,0,0,1,0,1,1,0
2024-03-16,KS,90,2024-11,Region 7,4.4,36977.600000000006,2026-05-06T19:11:09Z,0.82,0,0,0,0,0,0,0,0,0,0,0,0,1,0,1,0.9548032485700066,0,0,0,0,0,0,0,0,0,0,0,0,0,1,0,1,0.9535714285714286,0
2024-03-23,KS,55,2024-12,Region 7,3.81,27721.56,2026-05-06T19:11:09Z,0.55,0,0,0,0,0,0,0,0,0,0,0,0,1,0,1,0.9234094839279859,0,0,0,0,0,0,0,0,0,0,0,0,0,1,0,1,0.9107142857142857,0
2024-03-30,KS,55,2024-13,Region 7,3.41,22570.79,2026-05-06T19:11:09Z,0.49,0,0,0,0,0,0,0,0,0,0,0,0,1,0,1,0.9298826569758968,0,0,0,0,0,0,0,0,0,0,0,0,0,1,0,1,0.9294642857142857,0
2024-04-06,KS,50,2024-14,Region 7,3.33,22297.68,2026-05-06T19:11:09Z,0.53,0,0,0,0,0,0,0,0,0,0,0,0,1,0,1,0.8660249004407972,0,0,0,0,0,0,0,0,0,0,0,0,0,1,0,1,0.8946428571428571,0
2024-04-13,KS,36,2024-15,Region 7,3.07,19199.78,2026-05-06T19:11:09Z,0.34,0,0,0,0,0,0,0,0,0,0,0,0,1,0,1,0.8176320542946875,0,0,0,0,0,0,0,0,0,0,0,0,0,1,0,1,0.8410714285714286,0
2024-04-20,KS,45,2024-16,Region 7,2.64,12405.36,2026-05-06T19:11:09Z,0.29,0,0,0,0,0,0,0,0,0,0,0,0,1,0,1,0.9013129522189535,0,0,0,0,0,0,0,0,0,0,0,0,0,1,0,1,0.8973214285714286,0
2024-04-27,KS,32,2024-17,Region 7,2.63,13594.47,2026-05-06T19:11:09Z,0.26,0,0,0,0,0,0,0,0,0,0,0,0,1,0,1,0.9498155042965779,0,0,0,0,0,0,0,0,0,0,0,0,0,1,0,1,0.9214285714285714,0
2022-10-01,KY,383,2022-39,Region 4,5.27,64246.56999999999,2026-05-06T19:11:09Z,1.78,0,0,0,0,0,0,0,0,0,0,0,0,1,0,0,1,0,0,0,0,0,0,0,0,0,0,0,0,0,1,0,0,1,0
2022-10-08,KY,324,2022-40,Region 4,4.56,58564.079999999994,2026-05-06T19:11:09Z,1.77,0,0,0,0,0,0,0,0,0,0,0,0,1,0,0,1,0,0,0,0,0,0,0,0,0,0,0,0,0,1,0,0,1,0
2022-10-15,KY,330,2022-41,Region 4,4.85,56526.74999999999,2026-05-06T19:11:09Z,1.82,0,0,0,0,0,0,0,0,0,0,0,0,1,0,0,1,0,0,0,0,0,0,0,0,0,0,0,0,0,1,0,0,1,0
2022-10-22,KY,321,2022-42,Region 4,4.03,52394.030000000006,2026-05-06T19:11:09Z,1.63,0,0,0,0,0,0,0,0,0,0,0,0,1,0,0,1,0,0,0,0,0,0,0,0,0,0,0,0,0,1,0,0,1,0
2022-10-29,KY,305,2022-43,Region 4,4.31,58887.52999999999,2026-05-06T19:11:09Z,2,0,0,0,0,0,0,0,0,0,0,0,0,1,0,0,1,0,0,0,0,0,0,0,0,0,0,0,0,0,1,0,0,1,0
2022-11-05,KY,407,2022-44,Region 4,3.9,61230,2026-05-06T19:11:09Z,1.87,0,0,0,0,0,0,0,0,0,0,0,0,1,0,0,1,0,0,0,0,0,0,0,0,0,0,0,0,0,1,0,0,1,0
2022-11-12,KY,382,2022-45,Region 4,3.82,55321.24,2026-05-06T19:11:09Z,1.83,0,0,0,0,0,0,0,0,0,0,0,0,1,0,0,1,0,0,0,0,0,0,0,0,0,0,0,0,0,1,0,0,1,0
2022-11-19,KY,289,2022-46,Region 4,4.13,55288.31,2026-05-06T19:11:09Z,1.65,0,0,0,0,0,0,0,0,0,0,0,0,1,0,0,1,0,0,0,0,0,0,0,0,0,0,0,0,0,1,0,0,1,0
2022-11-26,KY,315,2022-47,Region 4,5.28,61644,2026-05-06T19:11:09Z,2.24,0,0,0,0,0,0,0,0,0,0,0,0,1,0,0,1,0,0,0,0,0,0,0,0,0,0,0,0,0,1,0,0,1,0
2022-12-03,KY,473,2022-48,Region 4,7.55,97455.4,2026-05-06T19:11:09Z,2.33,0,0,0,0,0,0,0,0,0,0,0,0,1,0,0,1,0,0,0,0,0,0,0,0,0,0,0,0,0,1,0,0,1,0
2022-12-10,KY,403,2022-49,Region 4,8.38,101909.18000000001,2026-05-06T19:11:09Z,2.46,0,0,0,0,0,0,0,0,0,0,0,0,1,0,0,1,0,0,0,0,0,0,0,0,0,0,0,0,0,1,0,0,1,0
2022-12-17,KY,432,2022-50,Region 4,10.21,118190.96,2026-05-06T19:11:09Z,2.71,0,0,0,0,0,0,0,0,0,0,0,0,1,0,0,1,0,0,0,0,0,0,0,0,0,0,0,0,0,1,0,0,1,0
2022-12-24,KY,414,2022-51,Region 4,11.52,119589.12,2026-05-06T19:11:09Z,3.32,0,0,0,0,0,0,0,0,0,0,0,0,1,0,0,1,0,0,0,0,0,0,0,0,0,0,0,0,0,1,0,0,1,0
2022-12-31,KY,615,2022-52,Region 4,14.04,149399.63999999998,2026-05-06T19:11:09Z,3.71,0,0,0,0,0,0,0,0,0,0,0,0,1,0,0,1,0,0,0,0,0,0,0,0,0,0,0,0,0,1,0,0,1,0
2023-01-07,KY,562,2023-01,Region 4,13.55,147139.45,2026-05-06T19:11:09Z,2.93,0,0,0,0,0,0,0,0,0,0,0,0,1,0,0,1,0,0,0,0,0,0,0,0,0,0,0,0,0,1,0,0,1,0
2023-01-14,KY,458,2023-02,Region 4,10.19,121373.09,2026-05-06T19:11:09Z,2.56,0,0,0,0,0,0,0,0,0,0,0,0,1,0,0,1,0,0,0,0,0,0,0,0,0,0,0,0,0,1,0,0,1,0
2023-01-21,KY,398,2023-03,Region 4,10.69,112565.7,2026-05-06T19:11:09Z,2.19,0,0,0,0,0,0,0,0,0,0,0,0,1,0,0,1,0,0,0,0,0,0,0,0,0,0,0,0,0,1,0,0,1,0
2023-01-28,KY,380,2023-04,Region 4,9.37,106461.93999999999,2026-05-06T19:11:09Z,2.18,0,0,0,0,0,0,0,0,0,0,0,0,1,0,0,1,0,0,0,0,0,0,0,0,0,0,0,0,0,1,0,0,1,0
2023-02-04,KY,415,2023-05,Region 4,9.03,104142.98999999999,2026-05-06T19:11:09Z,2.34,0,0,0,0,0,0,0,0,0,0,0,0,1,0,0,1,0,0,0,0,0,0,0,0,0,0,0,0,0,1,0,0,1,0
2023-02-11,KY,413,2023-06,Region 4,8.67,102514.08,2026-05-06T19:11:09Z,2.19,0,0,0,0,0,0,0,0,0,0,0,0,1,0,0,1,0,0,0,0,0,0,0,0,0,0,0,0,0,1,0,0,1,0
2023-02-18,KY,433,2023-07,Region 4,7.72,85136.16,2026-05-06T19:11:09Z,2.12,0,0,0,0,0,0,0,0,0,0,0,0,1,0,0,1,0,0,0,0,0,0,0,0,0,0,0,0,0,1,0,0,1,0
2023-02-25,KY,333,2023-08,Region 4,6.2,65069,2026-05-06T19:11:09Z,1.85,0,0,0,0,0,0,0,0,0,0,0,0,1,0,0,1,0,0,0,0,0,0,0,0,0,0,0,0,0,1,0,0,1,0
2023-03-04,KY,320,2023-09,Region 4,5.22,47945.7,2026-05-06T19:11:09Z,1.52,0,0,0,0,0,0,0,0,0,0,0,0,1,0,0,1,0,0,0,0,0,0,0,0,0,0,0,0,0,1,0,0,1,0
2023-03-11,KY,225,2023-10,Region 4,5.02,43116.78,2026-05-06T19:11:09Z,1.26,0,0,0,0,0,0,0,0,0,0,0,0,1,0,0,1,0,0,0,0,0,0,0,0,0,0,0,0,0,1,0,0,1,0
2023-03-18,KY,223,2023-11,Region 4,3.96,33184.8,2026-05-06T19:11:09Z,1.2,0,0,0,0,0,0,0,0,0,0,0,0,1,0,0,1,0,0,0,0,0,0,0,0,0,0,0,0,0,1,0,0,1,0
2023-03-25,KY,195,2023-12,Region 4,4.84,40670.52,2026-05-06T19:11:09Z,1.32,0,0,0,0,0,0,0,0,0,0,0,0,1,0,0,1,0,0,0,0,0,0,0,0,0,0,0,0,0,1,0,0,1,0
2023-04-01,KY,183,2023-13,Region 4,3.79,25897.07,2026-05-06T19:11:09Z,1.06,0,0,0,0,0,0,0,0,0,0,0,0,1,0,0,1,0,0,0,0,0,0,0,0,0,0,0,0,0,1,0,0,1,0
2023-04-08,KY,188,2023-14,Region 4,4.8,32630.399999999998,2026-05-06T19:11:09Z,1.02,0,0,0,0,0,0,0,0,0,0,0,0,1,0,0,1,0,0,0,0,0,0,0,0,0,0,0,0,0,1,0,0,1,0
2023-04-15,KY,174,2023-15,Region 4,4.62,30903.18,2026-05-06T19:11:09Z,0.8,0,0,0,0,0,0,0,0,0,0,0,0,1,0,0,1,0,0,0,0,0,0,0,0,0,0,0,0,0,1,0,0,1,0
2023-04-22,KY,156,2023-16,Region 4,4.32,26676,2026-05-06T19:11:09Z,0.73,0,0,0,0,0,0,0,0,0,0,0,0,1,0,0,1,0,0,0,0,0,0,0,0,0,0,0,0,0,1,0,0,1,0
2023-04-29,KY,131,2023-17,Region 4,4.32,27591.84,2026-05-06T19:11:09Z,0.73,0,0,0,0,0,0,0,0,0,0,0,0,1,0,0,1,0,0,0,0,0,0,0,0,0,0,0,0,0,1,0,0,1,0
2023-05-06,KY,111,2023-18,Region 4,4.56,25504.079999999998,2026-05-06T19:11:09Z,0.7,0,0,0,0,0,0,0,0,0,0,0,0,1,0,0,1,0,0,0,0,0,0,0,0,0,0,0,0,0,1,0,0,1,0
2023-05-13,KY,114,2023-19,Region 4,3.72,24697.08,2026-05-06T19:11:09Z,0.6,0,0,0,0,0,0,0,0,0,0,0,0,1,0,0,1,0,0,0,0,0,0,0,0,0,0,0,0,0,1,0,0,1,0
2023-05-20,KY,113,2023-20,Region 4,3.64,22389.64,2026-05-06T19:11:09Z,0.58,0,0,0,0,0,0,0,0,0,0,0,0,1,0,0,1,0,0,0,0,0,0,0,0,0,0,0,0,0,1,0,0,1,0
2023-05-27,KY,101,2023-21,Region 4,4.3,22394.399999999998,2026-05-06T19:11:09Z,0.51,0,0,0,0,0,0,0,0,0,0,0,0,1,0,0,1,0,0,0,0,0,0,0,0,0,0,0,0,0,1,0,0,1,0
2023-06-03,KY,71,2023-22,Region 4,3.4,17724.2,2026-05-06T19:11:09Z,0.38,0,0,0,0,0,0,0,0,0,0,0,0,1,0,0,1,0,0,0,0,0,0,0,0,0,0,0,0,0,1,0,0,1,0
2023-06-10,KY,53,2023-23,Region 4,4.08,20102.16,2026-05-06T19:11:09Z,0.28,0,0,0,0,0,0,0,0,0,0,0,0,1,0,0,1,0,0,0,0,0,0,0,0,0,0,0,0,0,1,0,0,1,0
2023-06-17,KY,40,2023-24,Region 4,4.07,17692.29,2026-05-06T19:11:09Z,0.32,0,0,0,0,0,0,0,0,0,0,0,0,1,0,0,1,0,0,0,0,0,0,0,0,0,0,0,0,0,1,0,0,1,0
2023-06-24,KY,50,2023-25,Region 4,4.27,18100.53,2026-05-06T19:11:09Z,0.31,0,0,0,0,0,0,0,0,0,0,0,0,1,0,0,1,0,0,0,0,0,0,0,0,0,0,0,0,0,1,0,0,1,0
2023-07-01,KY,57,2023-26,Region 4,5,18195,2026-05-06T19:11:09Z,0.33,0,0,0,0,0,0,0,0,0,0,0,0,1,0,0,1,0,0,0,0,0,0,0,0,0,0,0,0,0,1,0,0,1,0
2023-07-08,KY,40,2023-27,Region 4,5.97,20089.05,2026-05-06T19:11:09Z,0.38,0,0,0,0,0,0,0,0,0,0,0,0,1,0,0,1,0,0,0,0,0,0,0,0,0,0,0,0,0,1,0,0,1,0
2023-07-15,KY,61,2023-28,Region 4,6.38,21806.84,2026-05-06T19:11:09Z,0.43,0,0,0,0,0,0,0,0,0,0,0,0,1,0,0,1,0,0,0,0,0,0,0,0,0,0,0,0,0,1,0,0,1,0
2023-07-22,KY,68,2023-29,Region 4,8.78,33609.84,2026-05-06T19:11:09Z,0.47,0,0,0,0,0,0,0,0,0,0,0,0,1,0,0,1,0,0,0,0,0,0,0,0,0,0,0,0,0,1,0,0,1,0
2023-07-29,KY,86,2023-30,Region 4,10.16,51612.8,2026-05-06T19:11:09Z,0.67,0,0,0,0,0,0,0,0,0,0,0,0,1,0,0,1,0,0,0,0,0,0,0,0,0,0,0,0,0,1,0,0,1,0
2023-08-05,KY,85,2023-31,Region 4,11,52019,2026-05-06T19:11:09Z,1.03,0,0,0,0,0,0,0,0,0,0,0,0,1,0,0,1,0,0,0,0,0,0,0,0,0,0,0,0,0,1,0,0,1,0
2023-08-12,KY,166,2023-32,Region 4,12.55,60478.450000000004,2026-05-06T19:11:09Z,1.5,0,0,0,0,0,0,0,0,0,0,0,0,1,0,0,1,0,0,0,0,0,0,0,0,0,0,0,0,0,1,0,0,1,0
2023-08-19,KY,186,2023-33,Region 4,14.32,78917.52,2026-05-06T19:11:09Z,1.76,0,0,0,0,0,0,0,0,0,0,0,0,1,0,0,1,0,0,0,0,0,0,0,0,0,0,0,0,0,1,0,0,1,0
2023-08-26,KY,221,2023-34,Region 4,16.17,136992.24000000002,2026-05-06T19:11:09Z,2.4,0,0,0,0,0,0,0,0,0,0,0,0,1,0,0,1,0,0,0,0,0,0,0,0,0,0,0,0,0,1,0,0,1,0
2023-09-02,KY,277,2023-35,Region 4,12.35,96120.05,2026-05-06T19:11:09Z,2.65,0,0,0,0,0,0,0,0,0,0,0,0,1,0,0,1,0,0,0,0,0,0,0,0,0,0,0,0,0,1,0,0,1,0
2023-09-09,KY,344,2023-36,Region 4,13.49,104088.84,2026-05-06T19:11:09Z,2.65,0,0,0,0,0,0,0,0,0,0,0,0,1,0,0,1,0,0,0,0,0,0,0,0,0,0,0,0,0,1,0,0,1,0
2023-09-16,KY,312,2023-37,Region 4,11.63,92307.31000000001,2026-05-06T19:11:09Z,2.21,0,0,0,0,0,0,0,0,0,0,0,0,1,0,0,1,0,0,0,0,0,0,0,0,0,0,0,0,0,1,0,0,1,0
2023-09-23,KY,258,2023-38,Region 4,9.42,80465.64,2026-05-06T19:11:09Z,1.98,0,0,0,0,0,0,0,0,0,0,0,0,1,0,0,1,0,0,0,0,0,0,0,0,0,0,0,0,0,1,0,0,1,0
2023-09-30,KY,275,2023-39,Region 4,8.57,71208.13,2026-05-06T19:11:09Z,1.9,0,0,0,0,0,0,0,0,0,0,0,0,1,0,0,1,0,0,0,0,0,0,0,0,0,0,0,0,0,1,0,0,1,0
2023-10-07,KY,248,2023-40,Region 4,7.52,56994.079999999994,2026-05-06T19:11:09Z,1.67,0,0,0,0,0,0,0,0,0,0,0,0,1,0,0,1,0,0,0,0,0,0,0,0,0,0,0,0,0,1,0,0,1,0
2023-10-14,KY,232,2023-41,Region 4,7.03,51972.79,2026-05-06T19:11:09Z,1.67,0,0,0,0,0,0,0,0,0,0,0,0,1,0,0,1,0,0,0,0,0,0,0,0,0,0,0,0,0,1,0,0,1,0
2023-10-21,KY,233,2023-42,Region 4,7.86,56371.920000000006,2026-05-06T19:11:09Z,1.73,0,0,0,0,0,0,0,0,0,0,0,0,1,0,0,1,0,0,0,0,0,0,0,0,0,0,0,0,0,1,0,0,1,0
2023-10-28,KY,240,2023-43,Region 4,6.94,54895.4,2026-05-06T19:11:09Z,1.88,0,0,0,0,0,0,0,0,0,0,0,0,1,0,0,1,0,0,0,0,0,0,0,0,0,0,0,0,0,1,0,0,1,0
2023-11-04,KY,302,2023-44,Region 4,6.71,54478.49,2026-05-06T19:11:09Z,2.08,0,0,0,0,0,0,0,0,0,0,0,0,1,0,0,1,0,0,0,0,0,0,0,0,0,0,0,0,0,1,0,0,1,0
2023-11-11,KY,365,2023-45,Region 4,6.93,62065.079999999994,2026-05-06T19:11:09Z,2.41,0,0,0,0,0,0,0,0,0,0,0,0,1,0,0,1,0,0,0,0,0,0,0,0,0,0,0,0,0,1,0,0,1,0
2023-11-18,KY,364,2023-46,Region 4,7.42,60806.9,2026-05-06T19:11:09Z,2.47,0,0,0,0,0,0,0,0,0,0,0,0,1,0,0,1,0,0,0,0,0,0,0,0,0,0,0,0,0,1,0,0,1,0
2023-11-25,KY,413,2023-47,Region 4,7.28,60809.840000000004,2026-05-06T19:11:09Z,3.14,0,0,0,0,0,0,0,0,0,0,0,0,1,0,0,1,0,0,0,0,0,0,0,0,0,0,0,0,0,1,0,0,1,0
2023-12-02,KY,426,2023-48,Region 4,7.1,69466.4,2026-05-06T19:11:09Z,3.04,0,0,0,0,0,0,0,0,0,0,0,0,1,0,0,1,0,0,0,0,0,0,0,0,0,0,0,0,0,1,0,0,1,0
2023-12-09,KY,482,2023-49,Region 4,7.24,77815.52,2026-05-06T19:11:09Z,2.96,0,0,0,0,0,0,0,0,0,0,0,0,1,0,0,1,0,0,0,0,0,0,0,0,0,0,0,0,0,1,0,0,1,0
2023-12-16,KY,449,2023-50,Region 4,7.39,88546.98,2026-05-06T19:11:09Z,2.99,0,0,0,0,0,0,0,0,0,0,0,0,1,0,0,1,0,0,0,0,0,0,0,0,0,0,0,0,0,1,0,0,1,0
2023-12-23,KY,514,2023-51,Region 4,8.73,104725.08,2026-05-06T19:11:09Z,3.36,0,0,0,0,0,0,0,0,0,0,0,0,1,0,0,1,0,0,0,0,0,0,0,0,0,0,0,0,0,1,0,0,1,0
2023-12-30,KY,584,2023-52,Region 4,9.71,134901.03,2026-05-06T19:11:09Z,4,0,0,0,0,0,0,0,0,0,0,0,0,1,0,0,1,0,0,0,0,0,0,0,0,0,0,0,0,0,1,0,0,1,0
2024-01-06,KY,501,2024-01,Region 4,10.68,130605.72,2026-05-06T19:11:09Z,3.38,0,0,0,0,0,0,0,0,0,0,0,0,1,0,0,1,0,0,0,0,0,0,0,0,0,0,0,0,0,1,0,0,1,0
2024-01-13,KY,466,2024-02,Region 4,11.05,119549.95000000001,2026-05-06T19:11:09Z,2.72,0,0,0,0,0,0,0,0,0,0,0,0,1,0,0,1,0,0,0,0,0,0,0,0,0,0,0,0,0,1,0,0,1,0
2024-01-20,KY,366,2024-03,Region 4,11.23,107392.49,2026-05-06T19:11:09Z,2.33,0,0,0,0,0,0,0,0,0,0,0,0,1,0,0,1,0,0,0,0,0,0,0,0,0,0,0,0,0,1,0,0,1,0
2024-01-27,KY,312,2024-04,Region 4,11.38,120810.08,2026-05-06T19:11:09Z,2.05,0,0,0,0,0,0,0,0,0,0,0,0,1,0,0,1,0,0,0,0,0,0,0,0,0,0,0,0,0,1,0,0,1,0
2024-02-03,KY,268,2024-05,Region 4,11.9,121451.40000000001,2026-05-06T19:11:09Z,2.06,0,0,0,0,0,0,0,0,0,0,0,0,1,0,0,1,0,0,0,0,0,0,0,0,0,0,0,0,0,1,0,0,1,0
2024-02-10,KY,257,2024-06,Region 4,12.1,125682.7,2026-05-06T19:11:09Z,2.28,0,0,0,0,0,0,0,0,0,0,0,0,1,0,0,1,0,0,0,0,0,0,0,0,0,0,0,0,0,1,0,0,1,0
2024-02-17,KY,284,2024-07,Region 4,11.13,111133.05,2026-05-06T19:11:09Z,2.24,0,0,0,0,0,0,0,0,0,0,0,0,1,0,0,1,0,0,0,0,0,0,0,0,0,0,0,0,0,1,0,0,1,0
2024-02-24,KY,283,2024-08,Region 4,10.37,102580.04,2026-05-06T19:11:09Z,2.13,0,0,0,0,0,0,0,0,0,0,0,0,1,0,0,1,0,0,0,0,0,0,0,0,0,0,0,0,0,1,0,0,1,0
2024-03-02,KY,262,2024-09,Region 4,9.47,88184.64,2026-05-06T19:11:09Z,1.93,0,0,0,0,0,0,0,0,0,0,0,0,1,0,0,1,0,0,0,0,0,0,0,0,0,0,0,0,0,1,0,0,1,0
2024-03-09,KY,244,2024-10,Region 4,7.9,66265.2,2026-05-06T19:11:09Z,1.59,0,0,0,0,0,0,0,0,0,0,0,0,1,0,0,1,0,0,0,0,0,0,0,0,0,0,0,0,0,1,0,0,1,0
2024-03-16,KY,187,2024-11,Region 4,5.68,43202.079999999994,2026-05-06T19:11:09Z,1.12,0,0,0,0,0,0,0,0,0,0,0,0,1,0,0,1,0,0,0,0,0,0,0,0,0,0,0,0,0,1,0,0,1,0
2024-03-23,KY,145,2024-12,Region 4,4.9,36015,2026-05-06T19:11:09Z,1,0,0,0,0,0,0,0,0,0,0,0,0,1,0,0,1,0,0,0,0,0,0,0,0,0,0,0,0,0,1,0,0,1,0
2024-03-30,KY,132,2024-13,Region 4,5.39,34269.619999999995,2026-05-06T19:11:09Z,0.84,0,0,0,0,0,0,0,0,0,0,0,0,1,0,0,1,0,0,0,0,0,0,0,0,0,0,0,0,0,1,0,0,1,0
2024-04-06,KY,111,2024-14,Region 4,4.37,27115.850000000002,2026-05-06T19:11:09Z,0.78,0,0,0,0,0,0,0,0,0,0,0,0,1,0,0,1,0,0,0,0,0,0,0,0,0,0,0,0,0,1,0,0,1,0
2024-04-13,KY,112,2024-15,Region 4,3.76,21522.239999999998,2026-05-06T19:11:09Z,0.59,0,0,0,0,0,0,0,0,0,0,0,0,0.89,0,0,0.9941072359007866,0,0,0,0,0,0,0,0,0,0,0,0,0,0.89,0,0,0.9728571428571429,0
2024-04-20,KY,66,2024-16,Region 4,3.36,16615.2,2026-05-06T19:11:09Z,0.4,0,0,0,0,0,0,0,0,0,0,0,0,0.812857142857143,0,0,0.9431744010056984,0,0,0,0,0,0,0,0,0,0,0,0,0,0.812857142857143,0,0,0.9017142857142857,0
2024-04-27,KY,73,2024-17,Region 4,3.1,15190,2026-05-06T19:11:09Z,0.43,0,0,0,0,0,0,0,0,0,0,0,0,0.8942857142857144,0,0,0.9086814681873444,0,0,0,0,0,0,0,0,0,0,0,0,0,0.8942857142857144,0,0,0.8585714285714287,0
2022-10-01,LA,318,2022-39,Region 6,5.52,133043.03999999998,2026-05-06T19:11:09Z,1.1,0,0,0,0,0,0,0,0,0,0,0,0,1,0,0,0,0,0,0,0,0,0,0,0,0,0,0,0,0,1,0,0,0,0
2022-10-08,LA,318,2022-40,Region 6,5.27,117789.76999999999,2026-05-06T19:11:09Z,1,0,0,0,0,0,0,0,0,0,0,0,0,1,0,0,0,0,0,0,0,0,0,0,0,0,0,0,0,0,1,0,0,0,0
2022-10-15,LA,279,2022-41,Region 6,5.06,117184.54,2026-05-06T19:11:09Z,0.81,0,0,0,0,0,0,0,0,0,0,0,0,1,0,0,0,0,0,0,0,0,0,0,0,0,0,0,0,0,1,0,0,0,0
2022-10-22,LA,186,2022-42,Region 6,4.88,105193.28,2026-05-06T19:11:09Z,0.8,0,0,0,0,0,0,0,0,0,0,0,0,1,0,0,0,0,0,0,0,0,0,0,0,0,0,0,0,0,1,0,0,0,0
2022-10-29,LA,230,2022-43,Region 6,5.63,135660.48,2026-05-06T19:11:09Z,0.79,0,0,0,0,0,0,0,0,0,0,0,0,1,0,0,0,0,0,0,0,0,0,0,0,0,0,0,0,0,1,0,0,0,0
2022-11-05,LA,213,2022-44,Region 6,6.43,170298.55,2026-05-06T19:11:09Z,0.95,0,0,0,0,0,0,0,0,0,0,0,0,1,0,0,0,0,0,0,0,0,0,0,0,0,0,0,0,0,1,0,0,0,0
2022-11-12,LA,239,2022-45,Region 6,7.17,195898.74,2026-05-06T19:11:09Z,0.9,0,0,0,0,0,0,0,0,0,0,0,0,1,0,0,0,0,0,0,0,0,0,0,0,0,0,0,0,0,1,0,0,0,0
2022-11-19,LA,240,2022-46,Region 6,7.42,208613.3,2026-05-06T19:11:09Z,0.94,0,0,0,0,0,0,0,0,0,0,0,0,1,0,0,0,0,0,0,0,0,0,0,0,0,0,0,0,0,1,0,0,0,0
2022-11-26,LA,328,2022-47,Region 6,8.45,203475.99999999997,2026-05-06T19:11:09Z,1.76,0,0,0,0,0,0,0,0,0,0,0,0,1,0,0,0,0,0,0,0,0,0,0,0,0,0,0,0,0,1,0,0,0,0
2022-12-03,LA,366,2022-48,Region 6,9.33,259635.24,2026-05-06T19:11:09Z,1.95,0,0,0,0,0,0,0,0,0,0,0,0,1,0,0,0,0,0,0,0,0,0,0,0,0,0,0,0,0,1,0,0,0,0
2022-12-10,LA,384,2022-49,Region 6,9.03,245363.15999999997,2026-05-06T19:11:09Z,2.09,0,0,0,0,0,0,0,0,0,0,0,0,1,0,0,0,0,0,0,0,0,0,0,0,0,0,0,0,0,1,0,0,0,0
2022-12-17,LA,344,2022-50,Region 6,8.82,223163.64,2026-05-06T19:11:09Z,2.19,0,0,0,0,0,0,0,0,0,0,0,0,1,0,0,0,0,0,0,0,0,0,0,0,0,0,0,0,0,1,0,0,0,0
2022-12-24,LA,384,2022-51,Region 6,10.74,230759.64,2026-05-06T19:11:09Z,2.94,0,0,0,0,0,0,0,0,0,0,0,0,1,0,0,0,0,0,0,0,0,0,0,0,0,0,0,0,0,1,0,0,0,0
2022-12-31,LA,502,2022-52,Region 6,12.68,273938.72,2026-05-06T19:11:09Z,3.99,0,0,0,0,0,0,0,0,0,0,0,0,1,0,0,0,0,0,0,0,0,0,0,0,0,0,0,0,0,1,0,0,0,0
2023-01-07,LA,666,2023-01,Region 6,12.78,279191.88,2026-05-06T19:11:09Z,3.89,0,0,0,0,0,0,0,0,0,0,0,0,1,0,0,0,0,0,0,0,0,0,0,0,0,0,0,0,0,1,0,0,0,0
2023-01-14,LA,612,2023-02,Region 6,10.91,209962.95,2026-05-06T19:11:09Z,3.18,0,0,0,0,0,0,0,0,0,0,0,0,1,0,0,0,0,0,0,0,0,0,0,0,0,0,0,0,0,1,0,0,0,0
2023-01-21,LA,487,2023-03,Region 6,9.68,174172.24,2026-05-06T19:11:09Z,2.83,0,0,0,0,0,0,0,0,0,0,0,0,1,0,0,0,0,0,0,0,0,0,0,0,0,0,0,0,0,1,0,0,0,0
2023-01-28,LA,380,2023-04,Region 6,9.35,175256.4,2026-05-06T19:11:09Z,2.66,0,0,0,0,0,0,0,0,0,0,0,0,1,0,0,0,0,0,0,0,0,0,0,0,0,0,0,0,0,1,0,0,0,0
2023-02-04,LA,414,2023-05,Region 6,8.8,153621.6,2026-05-06T19:11:09Z,2.65,0,0,0,0,0,0,0,0,0,0,0,0,1,0,0,0,0,0,0,0,0,0,0,0,0,0,0,0,0,1,0,0,0,0
2023-02-11,LA,496,2023-06,Region 6,8.4,147932.4,2026-05-06T19:11:09Z,2.62,0,0,0,0,0,0,0,0,0,0,0,0,1,0,0,0,0,0,0,0,0,0,0,0,0,0,0,0,0,1,0,0,0,0
2023-02-18,LA,411,2023-07,Region 6,7.91,134580.74,2026-05-06T19:11:09Z,2.33,0,0,0,0,0,0,0,0,0,0,0,0,1,0,0,0,0,0,0,0,0,0,0,0,0,0,0,0,0,1,0,0,0,0
2023-02-25,LA,359,2023-08,Region 6,8.37,140565.78,2026-05-06T19:11:09Z,2.06,0,0,0,0,0,0,0,0,0,0,0,0,1,0,0,0,0,0,0,0,0,0,0,0,0,0,0,0,0,1,0,0,0,0
2023-03-04,LA,333,2023-09,Region 6,7.52,124644,2026-05-06T19:11:09Z,1.73,0,0,0,0,0,0,0,0,0,0,0,0,1,0,0,0,0,0,0,0,0,0,0,0,0,0,0,0,0,1,0,0,0,0
2023-03-11,LA,262,2023-10,Region 6,7.03,112972.1,2026-05-06T19:11:09Z,1.34,0,0,0,0,0,0,0,0,0,0,0,0,1,0,0,0,0,0,0,0,0,0,0,0,0,0,0,0,0,1,0,0,0,0
2023-03-18,LA,193,2023-11,Region 6,7.05,104875.8,2026-05-06T19:11:09Z,1.29,0,0,0,0,0,0,0,0,0,0,0,0,1,0,0,0,0,0,0,0,0,0,0,0,0,0,0,0,0,1,0,0,0,0
2023-03-25,LA,198,2023-12,Region 6,8.13,116137.05000000002,2026-05-06T19:11:09Z,1.18,0,0,0,0,0,0,0,0,0,0,0,0,1,0,0,0,0,0,0,0,0,0,0,0,0,0,0,0,0,1,0,0,0,0
2023-04-01,LA,178,2023-13,Region 6,7.77,108655.68,2026-05-06T19:11:09Z,1.13,0,0,0,0,0,0,0,0,0,0,0,0,1,0,0,0,0,0,0,0,0,0,0,0,0,0,0,0,0,1,0,0,0,0
2023-04-08,LA,166,2023-14,Region 6,7.21,97161.96,2026-05-06T19:11:09Z,0.94,0,0,0,0,0,0,0,0,0,0,0,0,1,0,0,0,0,0,0,0,0,0,0,0,0,0,0,0,0,1,0,0,0,0
2023-04-15,LA,159,2023-15,Region 6,7.36,95113.28,2026-05-06T19:11:09Z,1.01,0,0,0,0,0,0,0,0,0,0,0,0,1,0,0,0,0,0,0,0,0,0,0,0,0,0,0,0,0,1,0,0,0,0
2023-04-22,LA,132,2023-16,Region 6,6.51,83972.48999999999,2026-05-06T19:11:09Z,0.82,0,0,0,0,0,0,0,0,0,0,0,0,1,0,0,0,0,0,0,0,0,0,0,0,0,0,0,0,0,1,0,0,0,0
2023-04-29,LA,134,2023-17,Region 6,6.39,75932.37,2026-05-06T19:11:09Z,0.72,0,0,0,0,0,0,0,0,0,0,0,0,1,0,0,0,0,0,0,0,0,0,0,0,0,0,0,0,0,1,0,0,0,0
2023-05-06,LA,120,2023-18,Region 6,6.35,70643.75,2026-05-06T19:11:09Z,0.74,0,0,0,0,0,0,0,0,0,0,0,0,1,0,0,0,0,0,0,0,0,0,0,0,0,0,0,0,0,1,0,0,0,0
2023-05-13,LA,106,2023-19,Region 6,5.98,59871.76,2026-05-06T19:11:09Z,0.71,0,0,0,0,0,0,0,0,0,0,0,0,1,0,0,0,0,0,0,0,0,0,0,0,0,0,0,0,0,1,0,0,0,0
2023-05-20,LA,107,2023-20,Region 6,5.73,55397.64000000001,2026-05-06T19:11:09Z,0.67,0,0,0,0,0,0,0,0,0,0,0,0,1,0,0,0,0,0,0,0,0,0,0,0,0,0,0,0,0,1,0,0,0,0
2023-05-27,LA,86,2023-21,Region 6,5.29,47615.29,2026-05-06T19:11:09Z,0.68,0,0,0,0,0,0,0,0,0,0,0,0,1,0,0,0,0,0,0,0,0,0,0,0,0,0,0,0,0,1,0,0,0,0
2023-06-03,LA,111,2023-22,Region 6,4.07,34481.04,2026-05-06T19:11:09Z,0.74,0,0,0,0,0,0,0,0,0,0,0,0,1,0,0,0,0,0,0,0,0,0,0,0,0,0,0,0,0,1,0,0,0,0
2023-06-10,LA,97,2023-23,Region 6,4.14,32184.359999999997,2026-05-06T19:11:09Z,0.59,0,0,0,0,0,0,0,0,0,0,0,0,1,0,0,0,0,0,0,0,0,0,0,0,0,0,0,0,0,1,0,0,0,0
2023-06-17,LA,80,2023-24,Region 6,4.72,33016.4,2026-05-06T19:11:09Z,0.59,0,0,0,0,0,0,0,0,0,0,0,0,1,0,0,0,0,0,0,0,0,0,0,0,0,0,0,0,0,1,0,0,0,0
2023-06-24,LA,81,2023-25,Region 6,5.22,34984.439999999995,2026-05-06T19:11:09Z,0.66,0,0,0,0,0,0,0,0,0,0,0,0,1,0,0,0,0,0,0,0,0,0,0,0,0,0,0,0,0,1,0,0,0,0
2023-07-01,LA,84,2023-26,Region 6,5.67,35817.39,2026-05-06T19:11:09Z,0.87,0,0,0,0,0,0,0,0,0,0,0,0,1,0,0,0,0,0,0,0,0,0,0,0,0,0,0,0,0,1,0,0,0,0
2023-07-08,LA,95,2023-27,Region 6,6.8,42520.4,2026-05-06T19:11:09Z,1.07,0,0,0,0,0,0,0,0,0,0,0,0,1,0,0,0,0,0,0,0,0,0,0,0,0,0,0,0,0,1,0,0,0,0
2023-07-15,LA,118,2023-28,Region 6,8.94,57117.659999999996,2026-05-06T19:11:09Z,1.27,0,0,0,0,0,0,0,0,0,0,0,0,1,0,0,0,0,0,0,0,0,0,0,0,0,0,0,0,0,1,0,0,0,0
2023-07-22,LA,175,2023-29,Region 6,10.23,69103.65000000001,2026-05-06T19:11:09Z,1.74,0,0,0,0,0,0,0,0,0,0,0,0,1,0,0,0,0,0,0,0,0,0,0,0,0,0,0,0,0,1,0,0,0,0
2023-07-29,LA,183,2023-30,Region 6,11.7,82520.09999999999,2026-05-06T19:11:09Z,2.1,0,0,0,0,0,0,0,0,0,0,0,0,1,0,0,0,0,0,0,0,0,0,0,0,0,0,0,0,0,1,0,0,0,0
2023-08-05,LA,191,2023-31,Region 6,15.53,92915.98999999999,2026-05-06T19:11:09Z,2.38,0,0,0,0,0,0,0,0,0,0,0,0,1,0,0,0,0,0,0,0,0,0,0,0,0,0,0,0,0,1,0,0,0,0
2023-08-12,LA,253,2023-32,Region 6,16.58,142289.56,2026-05-06T19:11:09Z,2.78,0,0,0,0,0,0,0,0,0,0,0,0,1,0,0,0,0,0,0,0,0,0,0,0,0,0,0,0,0,1,0,0,0,0
2023-08-19,LA,300,2023-33,Region 6,18.01,198992.49000000002,2026-05-06T19:11:09Z,3.44,0,0,0,0,0,0,0,0,0,0,0,0,1,0,0,0,0,0,0,0,0,0,0,0,0,0,0,0,0,1,0,0,0,0
2023-08-26,LA,326,2023-34,Region 6,18.13,253348.62,2026-05-06T19:11:09Z,4.15,0,0,0,0,0,0,0,0,0,0,0,0,1,0,0,0,0,0,0,0,0,0,0,0,0,0,0,0,0,1,0,0,0,0
2023-09-02,LA,331,2023-35,Region 6,17.69,277414.58,2026-05-06T19:11:09Z,3.81,0,0,0,0,0,0,0,0,0,0,0,0,1,0,0,0,0,0,0,0,0,0,0,0,0,0,0,0,0,1,0,0,0,0
2023-09-09,LA,375,2023-36,Region 6,15.74,231078.94,2026-05-06T19:11:09Z,3.16,0,0,0,0,0,0,0,0,0,0,0,0,1,0,0,0,0,0,0,0,0,0,0,0,0,0,0,0,0,1,0,0,0,0
2023-09-16,LA,270,2023-37,Region 6,12.76,168865.84,2026-05-06T19:11:09Z,2.44,0,0,0,0,0,0,0,0,0,0,0,0,1,0,0,0,0,0,0,0,0,0,0,0,0,0,0,0,0,1,0,0,0,0
2023-09-23,LA,215,2023-38,Region 6,11.89,127948.29000000001,2026-05-06T19:11:09Z,1.67,0,0,0,0,0,0,0,0,0,0,0,0,1,0,0,0,0,0,0,0,0,0,0,0,0,0,0,0,0,1,0,0,0,0
2023-09-30,LA,175,2023-39,Region 6,10.19,127222.15,2026-05-06T19:11:09Z,1.39,0,0,0,0,0,0,0,0,0,0,0,0,1,0,0,0,0,0,0,0,0,0,0,0,0,0,0,0,0,1,0,0,0,0
2023-10-07,LA,153,2023-40,Region 6,9.19,110647.59999999999,2026-05-06T19:11:09Z,1.11,0,0,0,0,0,0,0,0,0,0,0,0,1,0,0,0,0,0,0,0,0,0,0,0,0,0,0,0,0,1,0,0,0,0
2023-10-14,LA,163,2023-41,Region 6,9.64,116046.32,2026-05-06T19:11:09Z,1.05,0,0,0,0,0,0,0,0,0,0,0,0,1,0,0,0,0,0,0,0,0,0,0,0,0,0,0,0,0,1,0,0,0,0
2023-10-21,LA,126,2023-42,Region 6,10.1,131047.5,2026-05-06T19:11:09Z,0.98,0,0,0,0,0,0,0,0,0,0,0,0,1,0,0,0,0,0,0,0,0,0,0,0,0,0,0,0,0,1,0,0,0,0
2023-10-28,LA,138,2023-43,Region 6,10.44,139937.75999999998,2026-05-06T19:11:09Z,1.01,0,0,0,0,0,0,0,0,0,0,0,0,1,0,0,0,0,0,0,0,0,0,0,0,0,0,0,0,0,1,0,0,0,0
2023-11-04,LA,136,2023-44,Region 6,10.62,146396.69999999998,2026-05-06T19:11:09Z,0.8,0,0,0,0,0,0,0,0,0,0,0,0,1,0,0,0,0,0,0,0,0,0,0,0,0,0,0,0,0,1,0,0,0,0
2023-11-11,LA,140,2023-45,Region 6,10.33,160745.13,2026-05-06T19:11:09Z,1.05,0,0,0,0,0,0,0,0,0,0,0,0,1,0,0,0,0,0,0,0,0,0,0,0,0,0,0,0,0,1,0,0,0,0
2023-11-18,LA,144,2023-46,Region 6,6.35,162401.25,2026-05-06T19:11:09Z,1.03,0,0,0,0,0,0,0,0,0,0,0,0,1,0,0,0,0,0,0,0,0,0,0,0,0,0,0,0,0,1,0,0,0,0
2023-11-25,LA,150,2023-47,Region 6,8.94,130979.93999999999,2026-05-06T19:11:09Z,1.15,0,0,0,0,0,0,0,0,0,0,0,0,1,0,0,0,0,0,0,0,0,0,0,0,0,0,0,0,0,1,0,0,0,0
2023-12-02,LA,195,2023-48,Region 6,8.97,150516.6,2026-05-06T19:11:09Z,1.26,0,0,0,0,0,0,0,0,0,0,0,0,1,0,0,0,0,0,0,0,0,0,0,0,0,0,0,0,0,1,0,0,0,0
2023-12-09,LA,181,2023-49,Region 6,8.49,151351.23,2026-05-06T19:11:09Z,1.34,0,0,0,0,0,0,0,0,0,0,0,0,1,0,0,0,0,0,0,0,0,0,0,0,0,0,0,0,0,1,0,0,0,0
2023-12-16,LA,195,2023-50,Region 6,8.4,150116.4,2026-05-06T19:11:09Z,1.56,0,0,0,0,0,0,0,0,0,0,0,0,1,0,0,0,0,0,0,0,0,0,0,0,0,0,0,0,0,1,0,0,0,0
2023-12-23,LA,309,2023-51,Region 6,8.35,176560.75,2026-05-06T19:11:09Z,2.18,0,0,0,0,0,0,0,0,0,0,0,0,1,0,0,0,0,0,0,0,0,0,0,0,0,0,0,0,0,1,0,0,0,0
2023-12-30,LA,371,2023-52,Region 6,8.52,168508.56,2026-05-06T19:11:09Z,2.65,0,0,0,0,0,0,0,0,0,0,0,0,1,0,0,0,0,0,0,0,0,0,0,0,0,0,0,0,0,1,0,0,0,0
2024-01-06,LA,402,2024-01,Region 6,10.15,127494.15000000001,2026-05-06T19:11:09Z,2.88,0,0,0,0,0,0,0,0,0,0,0,0,1,0,0,0,0,0,0,0,0,0,0,0,0,0,0,0,0,1,0,0,0,0
2024-01-13,LA,390,2024-02,Region 6,9.3,155403,2026-05-06T19:11:09Z,2.78,0,0,0,0,0,0,0,0,0,0,0,0,1,0,0,0,0,0,0,0,0,0,0,0,0,0,0,0,0,1,0,0,0,0
2024-01-20,LA,338,2024-03,Region 6,9.74,155937.4,2026-05-06T19:11:09Z,2.81,0,0,0,0,0,0,0,0,0,0,0,0,1,0,0,0,0,0,0,0,0,0,0,0,0,0,0,0,0,1,0,0,0,0
2024-01-27,LA,340,2024-04,Region 6,10.95,213207.44999999998,2026-05-06T19:11:09Z,2.59,0,0,0,0,0,0,0,0,0,0,0,0,1,0,0,0,0,0,0,0,0,0,0,0,0,0,0,0,0,1,0,0,0,0
2024-02-03,LA,303,2024-05,Region 6,11.05,228403.50000000003,2026-05-06T19:11:09Z,2.83,0,0,0,0,0,0,0,0,0,0,0,0,1,0,0,0,0,0,0,0,0,0,0,0,0,0,0,0,0,1,0,0,0,0
2024-02-10,LA,346,2024-06,Region 6,10.83,218256.99,2026-05-06T19:11:09Z,2.95,0,0,0,0,0,0,0,0,0,0,0,0,1,0,0,0,0,0,0,0,0,0,0,0,0,0,0,0,0,1,0,0,0,0
2024-02-17,LA,324,2024-07,Region 6,9.14,165452.28,2026-05-06T19:11:09Z,2.83,0,0,0,0,0,0,0,0,0,0,0,0,1,0,0,0,0,0,0,0,0,0,0,0,0,0,0,0,0,1,0,0,0,0
2024-02-24,LA,302,2024-08,Region 6,8.2,142778.4,2026-05-06T19:11:09Z,2.52,0,0,0,0,0,0,0,0,0,0,0,0,1,0,0,0,0,0,0,0,0,0,0,0,0,0,0,0,0,1,0,0,0,0
2024-03-02,LA,286,2024-09,Region 6,6.99,113657.40000000001,2026-05-06T19:11:09Z,1.94,0,0,0,0,0,0,0,0,0,0,0,0,1,0,0,0,0,0,0,0,0,0,0,0,0,0,0,0,0,1,0,0,0,0
2024-03-09,LA,255,2024-10,Region 6,5.86,91902.38,2026-05-06T19:11:09Z,1.58,0,0,0,0,0,0,0,0,0,0,0,0,1,0,0,0,0,0,0,0,0,0,0,0,0,0,0,0,0,1,0,0,0,0
2024-03-16,LA,186,2024-11,Region 6,4.81,67950.87,2026-05-06T19:11:09Z,1.18,0,0,0,0,0,0,0,0,0,0,0,0,1,0,0,0,0,0,0,0,0,0,0,0,0,0,0,0,0,1,0,0,0,0
2024-03-23,LA,173,2024-12,Region 6,4.85,63947.24999999999,2026-05-06T19:11:09Z,0.89,0,0,0,0,0,0,0,0,0,0,0,0,1,0,0,0,0,0,0,0,0,0,0,0,0,0,0,0,0,1,0,0,0,0
2024-03-30,LA,125,2024-13,Region 6,3.6,44719.200000000004,2026-05-06T19:11:09Z,0.71,0,0,0,0,0,0,0,0,0,0,0,0,0.9292995146167438,0,0,0,0,0,0,0,0,0,0,0,0,0,0,0,0,0.9592857142857143,0,0,0,0
2024-04-06,LA,112,2024-14,Region 6,3.5,42308,2026-05-06T19:11:09Z,0.49,0,0,0,0,0,0,0,0,0,0,0,0,0.8734833419457518,0,0,0,0,0,0,0,0,0,0,0,0,0,0,0,0,0.9271428571428573,0,0,0,0
2024-04-13,LA,79,2024-15,Region 6,2.84,33344.439999999995,2026-05-06T19:11:09Z,0.43,0,0,0,0,0,0,0,0,0,0,0,0,0.9230977176533,0,0,0,0,0,0,0,0,0,0,0,0,0,0,0,0,0.9557142857142857,0,0,0,0
2024-04-20,LA,72,2024-16,Region 6,2.99,33018.57,2026-05-06T19:11:09Z,0.32,0,0,0,0,0,0,0,0,0,0,0,0,1,0,0,0,0,0,0,0,0,0,0,0,0,0,0,0,0,1,0,0,0,0
2024-04-27,LA,54,2024-17,Region 6,2.75,29779.75,2026-05-06T19:11:09Z,0.32,0,0,0,0,0,0,0,0,0,0,0,0,1,0,0,0,0,0,0,0,0,0,0,0,0,0,0,0,0,1,0,0,0,0
2022-10-01,MA,773,2022-39,Region 1,8.51,207107.87,2026-05-06T19:11:09Z,3.23,0,0,0,0,0,0,0,0,0,0,0,0,1,0,1,1,0,0,0,0,0,0,0,0,0,0,0,0,0,1,0,1,1,0
2022-10-08,MA,879,2022-40,Region 1,8.36,200104.96,2026-05-06T19:11:09Z,3.4,0,0,0,0,0,0,0,0,0,0,0,0,1,0,1,1,0,0,0,0,0,0,0,0,0,0,0,0,0,1,0,1,1,0
2022-10-15,MA,859,2022-41,Region 1,8.59,196333.04,2026-05-06T19:11:09Z,3.16,0,0,0,0,0,0,0,0,0,0,0,0,1,0,1,1,0,0,0,0,0,0,0,0,0,0,0,0,0,1,0,1,1,0
2022-10-22,MA,886,2022-42,Region 1,7.76,174801.76,2026-05-06T19:11:09Z,2.6,0,0,0,0,0,0,0,0,0,0,0,0,1,0,1,1,0,0,0,0,0,0,0,0,0,0,0,0,0,1,0,1,1,0
2022-10-29,MA,752,2022-43,Region 1,6.93,161787.78,2026-05-06T19:11:09Z,2.45,0,0,0,0,0,0,0,0,0,0,0,0,1,0,1,1,0,0,0,0,0,0,0,0,0,0,0,0,0,1,0,1,1,0
2022-11-05,MA,649,2022-44,Region 1,6.2,144013.6,2026-05-06T19:11:09Z,2.25,0,0,0,0,0,0,0,0,0,0,0,0,1,0,1,1,0,0,0,0,0,0,0,0,0,0,0,0,0,1,0,1,1,0
2022-11-12,MA,598,2022-45,Region 1,5.7,122629.8,2026-05-06T19:11:09Z,2.15,0,0,0,0,0,0,0,0,0,0,0,0,1,0,1,1,0,0,0,0,0,0,0,0,0,0,0,0,0,1,0,1,1,0
2022-11-19,MA,605,2022-46,Region 1,5.11,110815.46,2026-05-06T19:11:09Z,2.06,0,0,0,0,0,0,0,0,0,0,0,0,1,0,1,1,0,0,0,0,0,0,0,0,0,0,0,0,0,1,0,1,1,0
2022-11-26,MA,641,2022-47,Region 1,6.36,121088.04000000001,2026-05-06T19:11:09Z,2.52,0,0,0,0,0,0,0,0,0,0,0,0,1,0,1,1,0,0,0,0,0,0,0,0,0,0,0,0,0,1,0,1,1,0
2022-12-03,MA,761,2022-48,Region 1,7.48,181247.88,2026-05-06T19:11:09Z,3.1,0,0,0,0,0,0,0,0,0,0,0,0,1,0,1,1,0,0,0,0,0,0,0,0,0,0,0,0,0,1,0,1,1,0
2022-12-10,MA,861,2022-49,Region 1,7.63,175276.36,2026-05-06T19:11:09Z,3.47,0,0,0,0,0,0,0,0,0,0,0,0,1,0,1,1,0,0,0,0,0,0,0,0,0,0,0,0,0,1,0,1,1,0
2022-12-17,MA,950,2022-50,Region 1,8.23,195890.46000000002,2026-05-06T19:11:09Z,3.86,0,0,0,0,0,0,0,0,0,0,0,0,1,0,1,1,0,0,0,0,0,0,0,0,0,0,0,0,0,1,0,1,1,0
2022-12-24,MA,1062,2022-51,Region 1,9.84,220780.08,2026-05-06T19:11:09Z,4.55,0,0,0,0,0,0,0,0,0,0,0,0,1,0,1,1,0,0,0,0,0,0,0,0,0,0,0,0,0,1,0,1,1,0
2022-12-31,MA,1382,2022-52,Region 1,11.66,219744.36000000002,2026-05-06T19:11:09Z,5.37,0,0,0,0,0,0,0,0,0,0,0,0,1,0,1,1,0,0,0,0,0,0,0,0,0,0,0,0,0,1,0,1,1,0
2023-01-07,MA,1376,2023-01,Region 1,11,214742,2026-05-06T19:11:09Z,4.86,0,0,0,0,0,0,0,0,0,0,0,0,1,0,1,1,0,0,0,0,0,0,0,0,0,0,0,0,0,1,0,1,1,0
2023-01-14,MA,1247,2023-02,Region 1,10.56,196320.96000000002,2026-05-06T19:11:09Z,4.2,0,0,0,0,0,0,0,0,0,0,0,0,1,0,1,1,0,0,0,0,0,0,0,0,0,0,0,0,0,1,0,1,1,0
2023-01-21,MA,1033,2023-03,Region 1,9.39,165151.32,2026-05-06T19:11:09Z,3.38,0,0,0,0,0,0,0,0,0,0,0,0,1,0,1,1,0,0,0,0,0,0,0,0,0,0,0,0,0,1,0,1,1,0
2023-01-28,MA,843,2023-04,Region 1,8.37,150936.21,2026-05-06T19:11:09Z,2.97,0,0,0,0,0,0,0,0,0,0,0,0,1,0,1,1,0,0,0,0,0,0,0,0,0,0,0,0,0,1,0,1,1,0
2023-02-04,MA,789,2023-05,Region 1,7.49,126064.19,2026-05-06T19:11:09Z,2.73,0,0,0,0,0,0,0,0,0,0,0,0,1,0,1,1,0,0,0,0,0,0,0,0,0,0,0,0,0,1,0,1,1,0
2023-02-11,MA,727,2023-06,Region 1,7.34,126057.16,2026-05-06T19:11:09Z,2.45,0,0,0,0,0,0,0,0,0,0,0,0,1,0,1,1,0,0,0,0,0,0,0,0,0,0,0,0,0,1,0,1,1,0
2023-02-18,MA,680,2023-07,Region 1,6.75,111381.75,2026-05-06T19:11:09Z,2.22,0,0,0,0,0,0,0,0,0,0,0,0,1,0,1,1,0,0,0,0,0,0,0,0,0,0,0,0,0,1,0,1,1,0
2023-02-25,MA,611,2023-08,Region 1,6.87,104245.38,2026-05-06T19:11:09Z,1.94,0,0,0,0,0,0,0,0,0,0,0,0,1,0,1,1,0,0,0,0,0,0,0,0,0,0,0,0,0,1,0,1,1,0
2023-03-04,MA,630,2023-09,Region 1,5.33,79939.34,2026-05-06T19:11:09Z,1.64,0,0,0,0,0,0,0,0,0,0,0,0,1,0,1,1,0,0,0,0,0,0,0,0,0,0,0,0,0,1,0,1,1,0
2023-03-11,MA,468,2023-10,Region 1,4.58,67880.18000000001,2026-05-06T19:11:09Z,1.38,0,0,0,0,0,0,0,0,0,0,0,0,1,0,1,1,0,0,0,0,0,0,0,0,0,0,0,0,0,1,0,1,1,0
2023-03-18,MA,450,2023-11,Region 1,4.57,60068.08,2026-05-06T19:11:09Z,1.29,0,0,0,0,0,0,0,0,0,0,0,0,1,0,1,1,0,0,0,0,0,0,0,0,0,0,0,0,0,1,0,1,1,0
2023-03-25,MA,449,2023-12,Region 1,4.24,55548.240000000005,2026-05-06T19:11:09Z,1.11,0,0,0,0,0,0,0,0,0,0,0,0,1,0,1,1,0,0,0,0,0,0,0,0,0,0,0,0,0,1,0,1,1,0
2023-04-01,MA,354,2023-13,Region 1,3.54,43120.74,2026-05-06T19:11:09Z,1.07,0,0,0,0,0,0,0,0,0,0,0,0,1,0,1,1,0,0,0,0,0,0,0,0,0,0,0,0,0,1,0,1,1,0
2023-04-08,MA,359,2023-14,Region 1,3.18,37342.740000000005,2026-05-06T19:11:09Z,1.01,0,0,0,0,0,0,0,0,0,0,0,0,1,0,1,1,0,0,0,0,0,0,0,0,0,0,0,0,0,1,0,1,1,0
2023-04-15,MA,333,2023-15,Region 1,2.94,31757.88,2026-05-06T19:11:09Z,0.94,0,0,0,0,0,0,0,0,0,0,0,0,1,0,1,1,0,0,0,0,0,0,0,0,0,0,0,0,0,1,0,1,1,0
2023-04-22,MA,266,2023-16,Region 1,2.98,26822.98,2026-05-06T19:11:09Z,0.65,0,0,0,0,0,0,0,0,0,0,0,0,1,0,1,1,0,0,0,0,0,0,0,0,0,0,0,0,0,1,0,1,1,0
2023-04-29,MA,204,2023-17,Region 1,2.94,24460.8,2026-05-06T19:11:09Z,0.6,0,0,0,0,0,0,0,0,0,0,0,0,1,0,1,1,0,0,0,0,0,0,0,0,0,0,0,0,0,1,0,1,1,0
2023-05-06,MA,227,2023-18,Region 1,3.27,18475.5,2026-05-06T19:11:09Z,0.63,0,0,0,0,0,0,0,0,0,0,0,0,1,0,1,1,0,0,0,0,0,0,0,0,0,0,0,0,0,1,0,1,1,0
2023-05-13,MA,230,2023-19,Region 1,3.31,16715.5,2026-05-06T19:11:09Z,0.56,0,0,0,0,0,0,0,0,0,0,0,0,1,0,1,1,0,0,0,0,0,0,0,0,0,0,0,0,0,1,0,1,1,0
2023-05-20,MA,205,2023-20,Region 1,4.18,18897.78,2026-05-06T19:11:09Z,0.54,0,0,0,0,0,0,0,0,0,0,0,0,1,0,1,1,0,0,0,0,0,0,0,0,0,0,0,0,0,1,0,1,1,0
2023-05-27,MA,221,2023-21,Region 1,4.86,21709.620000000003,2026-05-06T19:11:09Z,0.57,0,0,0,0,0,0,0,0,0,0,0,0,1,0,1,1,0,0,0,0,0,0,0,0,0,0,0,0,0,1,0,1,1,0
2023-06-03,MA,187,2023-22,Region 1,3.73,14103.13,2026-05-06T19:11:09Z,0.69,0,0,0,0,0,0,0,0,0,0,0,0,1,0,1,1,0,0,0,0,0,0,0,0,0,0,0,0,0,1,0,1,1,0
2023-06-10,MA,195,2023-23,Region 1,4.32,16182.720000000001,2026-05-06T19:11:09Z,0.58,0,0,0,0,0,0,0,0,0,0,0,0,1,0,1,1,0,0,0,0,0,0,0,0,0,0,0,0,0,1,0,1,1,0
2023-06-17,MA,187,2023-24,Region 1,3.24,11408.04,2026-05-06T19:11:09Z,0.59,0,0,0,0,0,0,0,0,0,0,0,0,1,0,1,1,0,0,0,0,0,0,0,0,0,0,0,0,0,1,0,1,1,0
2023-06-24,MA,159,2023-25,Region 1,3.35,9986.35,2026-05-06T19:11:09Z,0.54,0,0,0,0,0,0,0,0,0,0,0,0,1,0,1,1,0,0,0,0,0,0,0,0,0,0,0,0,0,1,0,1,1,0
2023-07-01,MA,138,2023-26,Region 1,3.8,9792.6,2026-05-06T19:11:09Z,0.48,0,0,0,0,0,0,0,0,0,0,0,0,1,0,1,1,0,0,0,0,0,0,0,0,0,0,0,0,0,1,0,1,1,0
2023-07-08,MA,131,2023-27,Region 1,4.77,11400.3,2026-05-06T19:11:09Z,0.49,0,0,0,0,0,0,0,0,0,0,0,0,1,0,1,1,0,0,0,0,0,0,0,0,0,0,0,0,0,1,0,1,1,0
2023-07-15,MA,144,2023-28,Region 1,6,15690,2026-05-06T19:11:09Z,0.53,0,0,0,0,0,0,0,0,0,0,0,0,1,0,1,1,0,0,0,0,0,0,0,0,0,0,0,0,0,1,0,1,1,0
2023-07-22,MA,177,2023-29,Region 1,5.97,14208.599999999999,2026-05-06T19:11:09Z,0.72,0,0,0,0,0,0,0,0,0,0,0,0,1,0,1,1,0,0,0,0,0,0,0,0,0,0,0,0,0,1,0,1,1,0
2023-07-29,MA,199,2023-30,Region 1,8.05,20994.4,2026-05-06T19:11:09Z,0.85,0,0,0,0,0,0,0,0,0,0,0,0,1,0,1,1,0,0,0,0,0,0,0,0,0,0,0,0,0,1,0,1,1,0
2023-08-05,MA,216,2023-31,Region 1,9.87,27211.589999999997,2026-05-06T19:11:09Z,0.95,0,0,0,0,0,0,0,0,0,0,0,0,1,0,1,1,0,0,0,0,0,0,0,0,0,0,0,0,0,1,0,1,1,0
2023-08-12,MA,327,2023-32,Region 1,10.66,34996.78,2026-05-06T19:11:09Z,1.31,0,0,0,0,0,0,0,0,0,0,0,0,1,0,1,1,0,0,0,0,0,0,0,0,0,0,0,0,0,1,0,1,1,0
2023-08-19,MA,334,2023-33,Region 1,10.03,37883.31,2026-05-06T19:11:09Z,1.59,0,0,0,0,0,0,0,0,0,0,0,0,1,0,1,1,0,0,0,0,0,0,0,0,0,0,0,0,0,1,0,1,1,0
2023-08-26,MA,346,2023-34,Region 1,11.03,41704.43,2026-05-06T19:11:09Z,1.71,0,0,0,0,0,0,0,0,0,0,0,0,1,0,1,1,0,0,0,0,0,0,0,0,0,0,0,0,0,1,0,1,1,0
2023-09-02,MA,449,2023-35,Region 1,12.93,51500.19,2026-05-06T19:11:09Z,1.96,0,0,0,0,0,0,0,0,0,0,0,0,1,0,1,1,0,0,0,0,0,0,0,0,0,0,0,0,0,1,0,1,1,0
2023-09-09,MA,448,2023-36,Region 1,13.36,62190.799999999996,2026-05-06T19:11:09Z,2.16,0,0,0,0,0,0,0,0,0,0,0,0,1,0,1,1,0,0,0,0,0,0,0,0,0,0,0,0,0,1,0,1,1,0
2023-09-16,MA,458,2023-37,Region 1,12.07,57694.6,2026-05-06T19:11:09Z,2.01,0,0,0,0,0,0,0,0,0,0,0,0,1,0,1,1,0,0,0,0,0,0,0,0,0,0,0,0,0,1,0,1,1,0
2023-09-23,MA,462,2023-38,Region 1,10.41,54277.74,2026-05-06T19:11:09Z,2.2,0,0,0,0,0,0,0,0,0,0,0,0,1,0,1,1,0,0,0,0,0,0,0,0,0,0,0,0,0,1,0,1,1,0
2023-09-30,MA,501,2023-39,Region 1,10.39,56978.76,2026-05-06T19:11:09Z,2.16,0,0,0,0,0,0,0,0,0,0,0,0,1,0,1,1,0,0,0,0,0,0,0,0,0,0,0,0,0,1,0,1,1,0
2023-10-07,MA,475,2023-40,Region 1,11.33,60876.090000000004,2026-05-06T19:11:09Z,2.07,0,0,0,0,0,0,0,0,0,0,0,0,1,0,1,1,0,0,0,0,0,0,0,0,0,0,0,0,0,1,0,1,1,0
2023-10-14,MA,513,2023-41,Region 1,9.68,50181.119999999995,2026-05-06T19:11:09Z,1.72,0,0,0,0,0,0,0,0,0,0,0,0,1,0,1,1,0,0,0,0,0,0,0,0,0,0,0,0,0,1,0,1,1,0
2023-10-21,MA,449,2023-42,Region 1,8.4,43990.8,2026-05-06T19:11:09Z,1.59,0,0,0,0,0,0,0,0,0,0,0,0,1,0,1,1,0,0,0,0,0,0,0,0,0,0,0,0,0,1,0,1,1,0
2023-10-28,MA,443,2023-43,Region 1,8.93,46114.52,2026-05-06T19:11:09Z,1.37,0,0,0,0,0,0,0,0,0,0,0,0,1,0,1,1,0,0,0,0,0,0,0,0,0,0,0,0,0,1,0,1,1,0
2023-11-04,MA,403,2023-44,Region 1,7.6,41990,2026-05-06T19:11:09Z,1.16,0,0,0,0,0,0,0,0,0,0,0,0,1,0,1,1,0,0,0,0,0,0,0,0,0,0,0,0,0,1,0,1,1,0
2023-11-11,MA,351,2023-45,Region 1,8.77,51295.729999999996,2026-05-06T19:11:09Z,1.28,0,0,0,0,0,0,0,0,0,0,0,0,1,0,1,1,0,0,0,0,0,0,0,0,0,0,0,0,0,1,0,1,1,0
2023-11-18,MA,394,2023-46,Region 1,8.45,52398.45,2026-05-06T19:11:09Z,1.53,0,0,0,0,0,0,0,0,0,0,0,0,1,0,1,1,0,0,0,0,0,0,0,0,0,0,0,0,0,1,0,1,1,0
2023-11-25,MA,495,2023-47,Region 1,10.34,62588.02,2026-05-06T19:11:09Z,1.9,0,0,0,0,0,0,0,0,0,0,0,0,1,0,1,1,0,0,0,0,0,0,0,0,0,0,0,0,0,1,0,1,1,0
2023-12-02,MA,587,2023-48,Region 1,11.54,81587.79999999999,2026-05-06T19:11:09Z,2.34,0,0,0,0,0,0,0,0,0,0,0,0,1,0,1,1,0,0,0,0,0,0,0,0,0,0,0,0,0,1,0,1,1,0
2023-12-09,MA,563,2023-49,Region 1,11.42,84199.66,2026-05-06T19:11:09Z,2.48,0,0,0,0,0,0,0,0,0,0,0,0,1,0,1,1,0,0,0,0,0,0,0,0,0,0,0,0,0,1,0,1,1,0
2023-12-16,MA,654,2023-50,Region 1,11.25,87693.75,2026-05-06T19:11:09Z,2.96,0,0,0,0,0,0,0,0,0,0,0,0,1,0,1,1,0,0,0,0,0,0,0,0,0,0,0,0,0,1,0,1,1,0
2023-12-23,MA,846,2023-51,Region 1,13.88,118507.44,2026-05-06T19:11:09Z,3.69,0,0,0,0,0,0,0,0,0,0,0,0,1,0,1,1,0,0,0,0,0,0,0,0,0,0,0,0,0,1,0,1,1,0
2023-12-30,MA,1066,2023-52,Region 1,15.14,137955.68,2026-05-06T19:11:09Z,4.41,0,0,0,0,0,0,0,0,0,0,0,0,1,0,1,1,0,0,0,0,0,0,0,0,0,0,0,0,0,1,0,1,1,0
2024-01-06,MA,1006,2024-01,Region 1,16.33,141287.15999999997,2026-05-06T19:11:09Z,4.17,0,0,0,0,0,0,0,0,0,0,0,0,1,0,1,1,0,0,0,0,0,0,0,0,0,0,0,0,0,1,0,1,1,0
2024-01-13,MA,912,2024-02,Region 1,14.9,113418.8,2026-05-06T19:11:09Z,3.39,0,0,0,0,0,0,0,0,0,0,0,0,1,0,1,1,0,0,0,0,0,0,0,0,0,0,0,0,0,1,0,1,1,0
2024-01-20,MA,724,2024-03,Region 1,13.1,78311.8,2026-05-06T19:11:09Z,2.88,0,0,0,0,0,0,0,0,0,0,0,0,1,0,1,1,0,0,0,0,0,0,0,0,0,0,0,0,0,1,0,1,1,0
2024-01-27,MA,577,2024-04,Region 1,11.94,69896.76,2026-05-06T19:11:09Z,2.4,0,0,0,0,0,0,0,0,0,0,0,0,1,0,1,1,0,0,0,0,0,0,0,0,0,0,0,0,0,1,0,1,1,0
2024-02-03,MA,526,2024-05,Region 1,9.56,58096.12,2026-05-06T19:11:09Z,1.95,0,0,0,0,0,0,0,0,0,0,0,0,1,0,1,1,0,0,0,0,0,0,0,0,0,0,0,0,0,1,0,1,1,0
2024-02-10,MA,475,2024-06,Region 1,8.85,55383.299999999996,2026-05-06T19:11:09Z,1.85,0,0,0,0,0,0,0,0,0,0,0,0,1,0,1,1,0,0,0,0,0,0,0,0,0,0,0,0,0,1,0,1,1,0
2024-02-17,MA,382,2024-07,Region 1,8.49,50829.630000000005,2026-05-06T19:11:09Z,1.51,0,0,0,0,0,0,0,0,0,0,0,0,1,0,1,1,0,0,0,0,0,0,0,0,0,0,0,0,0,1,0,1,1,0
2024-02-24,MA,360,2024-08,Region 1,7.06,40573.82,2026-05-06T19:11:09Z,1.27,0,0,0,0,0,0,0,0,0,0,0,0,1,0,1,1,0,0,0,0,0,0,0,0,0,0,0,0,0,1,0,1,1,0
2024-03-02,MA,289,2024-09,Region 1,6.32,34602,2026-05-06T19:11:09Z,1.06,0,0,0,0,0,0,0,0,0,0,0,0,1,0,1,1,0,0,0,0,0,0,0,0,0,0,0,0,0,1,0,1,1,0
2024-03-09,MA,202,2024-10,Region 1,5.38,28514,2026-05-06T19:11:09Z,0.84,0,0,0,0,0,0,0,0,0,0,0,0,1,0,1,1,0,0,0,0,0,0,0,0,0,0,0,0,0,1,0,1,1,0
2024-03-16,MA,198,2024-11,Region 1,4.55,22718.149999999998,2026-05-06T19:11:09Z,0.64,0,0,0,0,0,0,0,0,0,0,0,0,0.9690866510538642,0,1,1,0,0,0,0,0,0,0,0,0,0,0,0,0,0.9142857142857143,0,1,1,0
2024-03-23,MA,150,2024-12,Region 1,3.77,17707.69,2026-05-06T19:11:09Z,0.56,0,0,0,0,0,0,0,0,0,0,0,0,0.9562060889929742,0,1,1,0,0,0,0,0,0,0,0,0,0,0,0,0,0.8785714285714286,0,1,1,0
2024-03-30,MA,149,2024-13,Region 1,3.94,18100.36,2026-05-06T19:11:09Z,0.59,0,0,0,0,0,0,0,0,0,0,0,0,0.9523419203747072,0,1,1,0,0,0,0,0,0,0,0,0,0,0,0,0,0.8678571428571428,0,1,1,0
2024-04-06,MA,162,2024-14,Region 1,3.4,15589,2026-05-06T19:11:09Z,0.51,0,0,0,0,0,0,0,0,0,0,0,0,0.9587822014051522,0,1,1,0,0,0,0,0,0,0,0,0,0,0,0,0,0.8857142857142857,0,1,1,0
2024-04-13,MA,157,2024-15,Region 1,3.41,14478.86,2026-05-06T19:11:09Z,0.46,0,0,0,0,0,0,0,0,0,0,0,0,0.9562060889929742,0,1,1,0,0,0,0,0,0,0,0,0,0,0,0,0,0.8785714285714286,0,1,1,0
2024-04-20,MA,124,2024-16,Region 1,2.88,10503.359999999999,2026-05-06T19:11:09Z,0.46,0,0,0,0,0,0,0,0,0,0,0,0,0.8879391100702577,0,1,0.9844608468838448,0,0,0,0,0,0,0,0,0,0,0,0,0,0.6892857142857143,0,1,0.95,0
2024-04-27,MA,111,2024-17,Region 1,3.34,12782.18,2026-05-06T19:11:09Z,0.39,0,0,0,0,0,0,0,0,0,0,0,0,0.8918032786885246,0,1,0.9644819357345024,0,0,0,0,0,0,0,0,0,0,0,0,0,0.7,0,1,0.8857142857142857,0
2022-10-01,MD,413,2022-39,Region 3,6.56,59505.759999999995,2026-05-06T19:11:09Z,2.24,0,0,0,0,0,0,0,0,0,0,0,0,1,0,0,1,0,0,0,0,0,0,0,0,0,0,0,0,0,1,0,0,1,0
2022-10-08,MD,371,2022-40,Region 3,6.53,59305.46,2026-05-06T19:11:09Z,2.05,0,0,0,0,0,0,0,0,0,0,0,0,1,0,0,1,0,0,0,0,0,0,0,0,0,0,0,0,0,1,0,0,1,0
2022-10-15,MD,385,2022-41,Region 3,6.42,58556.82,2026-05-06T19:11:09Z,1.82,0,0,0,0,0,0,0,0,0,0,0,0,1,0,0,1,0,0,0,0,0,0,0,0,0,0,0,0,0,1,0,0,1,0
2022-10-22,MD,422,2022-42,Region 3,5.81,53167.31,2026-05-06T19:11:09Z,1.93,0,0,0,0,0,0,0,0,0,0,0,0,1,0,0,1,0,0,0,0,0,0,0,0,0,0,0,0,0,1,0,0,1,0
2022-10-29,MD,417,2022-43,Region 3,6.07,58915.420000000006,2026-05-06T19:11:09Z,2.04,0,0,0,0,0,0,0,0,0,0,0,0,1,0,0,1,0,0,0,0,0,0,0,0,0,0,0,0,0,1,0,0,1,0
2022-11-05,MD,420,2022-44,Region 3,6.33,65236.98,2026-05-06T19:11:09Z,2.14,0,0,0,0,0,0,0,0,0,0,0,0,1,0,0,1,0,0,0,0,0,0,0,0,0,0,0,0,0,1,0,0,1,0
2022-11-12,MD,406,2022-45,Region 3,5.7,59302.8,2026-05-06T19:11:09Z,2.06,0,0,0,0,0,0,0,0,0,0,0,0,1,0,0,1,0,0,0,0,0,0,0,0,0,0,0,0,0,1,0,0,1,0
2022-11-19,MD,422,2022-46,Region 3,5.58,56307.78,2026-05-06T19:11:09Z,1.96,0,0,0,0,0,0,0,0,0,0,0,0,1,0,0,1,0,0,0,0,0,0,0,0,0,0,0,0,0,1,0,0,1,0
2022-11-26,MD,406,2022-47,Region 3,5.69,53423.41,2026-05-06T19:11:09Z,2.24,0,0,0,0,0,0,0,0,0,0,0,0,1,0,0,1,0,0,0,0,0,0,0,0,0,0,0,0,0,1,0,0,1,0
2022-12-03,MD,509,2022-48,Region 3,6.54,70703.94,2026-05-06T19:11:09Z,2.92,0,0,0,0,0,0,0,0,0,0,0,0,1,0,0,1,0,0,0,0,0,0,0,0,0,0,0,0,0,1,0,0,1,0
2022-12-10,MD,558,2022-49,Region 3,7.12,73150.88,2026-05-06T19:11:09Z,3.28,0,0,0,0,0,0,0,0,0,0,0,0,1,0,0,1,0,0,0,0,0,0,0,0,0,0,0,0,0,1,0,0,1,0
2022-12-17,MD,579,2022-50,Region 3,7.92,66583.44,2026-05-06T19:11:09Z,3.82,0,0,0,0,0,0,0,0,0,0,0,0,1,0,0,1,0,0,0,0,0,0,0,0,0,0,0,0,0,1,0,0,1,0
2022-12-24,MD,707,2022-51,Region 3,8.66,78736.72,2026-05-06T19:11:09Z,4.44,0,0,0,0,0,0,0,0,0,0,0,0,1,0,0,1,0,0,0,0,0,0,0,0,0,0,0,0,0,1,0,0,1,0
2022-12-31,MD,801,2022-52,Region 3,10.04,86876.12,2026-05-06T19:11:09Z,4.79,0,0,0,0,0,0,0,0,0,0,0,0,1,0,0,1,0,0,0,0,0,0,0,0,0,0,0,0,0,1,0,0,1,0
2023-01-07,MD,812,2023-01,Region 3,11.23,98037.90000000001,2026-05-06T19:11:09Z,4.2,0,0,0,0,0,0,0,0,0,0,0,0,1,0,0,1,0,0,0,0,0,0,0,0,0,0,0,0,0,1,0,0,1,0
2023-01-14,MD,705,2023-02,Region 3,9.02,75885.26,2026-05-06T19:11:09Z,3.29,0,0,0,0,0,0,0,0,0,0,0,0,1,0,0,1,0,0,0,0,0,0,0,0,0,0,0,0,0,1,0,0,1,0
2023-01-21,MD,623,2023-03,Region 3,9.4,70518.8,2026-05-06T19:11:09Z,2.7,0,0,0,0,0,0,0,0,0,0,0,0,1,0,0,1,0,0,0,0,0,0,0,0,0,0,0,0,0,1,0,0,1,0
2023-01-28,MD,532,2023-04,Region 3,9.67,73501.67,2026-05-06T19:11:09Z,2.58,0,0,0,0,0,0,0,0,0,0,0,0,1,0,0,1,0,0,0,0,0,0,0,0,0,0,0,0,0,1,0,0,1,0
2023-02-04,MD,444,2023-05,Region 3,8.91,59296.05,2026-05-06T19:11:09Z,2.21,0,0,0,0,0,0,0,0,0,0,0,0,1,0,0,1,0,0,0,0,0,0,0,0,0,0,0,0,0,1,0,0,1,0
2023-02-11,MD,454,2023-06,Region 3,8.01,50703.299999999996,2026-05-06T19:11:09Z,1.99,0,0,0,0,0,0,0,0,0,0,0,0,1,0,0,1,0,0,0,0,0,0,0,0,0,0,0,0,0,1,0,0,1,0
2023-02-18,MD,395,2023-07,Region 3,8.52,50080.56,2026-05-06T19:11:09Z,1.72,0,0,0,0,0,0,0,0,0,0,0,0,1,0,0,1,0,0,0,0,0,0,0,0,0,0,0,0,0,1,0,0,1,0
2023-02-25,MD,346,2023-08,Region 3,8.04,44911.439999999995,2026-05-06T19:11:09Z,1.44,0,0,0,0,0,0,0,0,0,0,0,0,1,0,0,1,0,0,0,0,0,0,0,0,0,0,0,0,0,1,0,0,1,0
2023-03-04,MD,300,2023-09,Region 3,7.07,36509.48,2026-05-06T19:11:09Z,1.22,0,0,0,0,0,0,0,0,0,0,0,0,1,0,0,1,0,0,0,0,0,0,0,0,0,0,0,0,0,1,0,0,1,0
2023-03-11,MD,264,2023-10,Region 3,5.77,33315.979999999996,2026-05-06T19:11:09Z,1.03,0,0,0,0,0,0,0,0,0,0,0,0,1,0,0,1,0,0,0,0,0,0,0,0,0,0,0,0,0,1,0,0,1,0
2023-03-18,MD,222,2023-11,Region 3,5.62,27807.760000000002,2026-05-06T19:11:09Z,0.85,0,0,0,0,0,0,0,0,0,0,0,0,1,0,0,1,0,0,0,0,0,0,0,0,0,0,0,0,0,1,0,0,1,0
2023-03-25,MD,230,2023-12,Region 3,6.22,28786.16,2026-05-06T19:11:09Z,0.78,0,0,0,0,0,0,0,0,0,0,0,0,1,0,0,1,0,0,0,0,0,0,0,0,0,0,0,0,0,1,0,0,1,0
2023-04-01,MD,167,2023-13,Region 3,4.42,20601.62,2026-05-06T19:11:09Z,0.7,0,0,0,0,0,0,0,0,0,0,0,0,1,0,0,1,0,0,0,0,0,0,0,0,0,0,0,0,0,1,0,0,1,0
2023-04-08,MD,155,2023-14,Region 3,4.07,17586.47,2026-05-06T19:11:09Z,0.6,0,0,0,0,0,0,0,0,0,0,0,0,1,0,0,1,0,0,0,0,0,0,0,0,0,0,0,0,0,1,0,0,1,0
2023-04-15,MD,146,2023-15,Region 3,2.63,13589.21,2026-05-06T19:11:09Z,0.51,0,0,0,0,0,0,0,0,0,0,0,0,1,0,0,1,0,0,0,0,0,0,0,0,0,0,0,0,0,1,0,0,1,0
2023-04-22,MD,109,2023-16,Region 3,2.57,10881.38,2026-05-06T19:11:09Z,0.4,0,0,0,0,0,0,0,0,0,0,0,0,1,0,0,1,0,0,0,0,0,0,0,0,0,0,0,0,0,1,0,0,1,0
2023-04-29,MD,98,2023-17,Region 3,2.3,9512.8,2026-05-06T19:11:09Z,0.42,0,0,0,0,0,0,0,0,0,0,0,0,1,0,0,1,0,0,0,0,0,0,0,0,0,0,0,0,0,1,0,0,1,0
2023-05-06,MD,84,2023-18,Region 3,2.16,8694,2026-05-06T19:11:09Z,0.41,0,0,0,0,0,0,0,0,0,0,0,0,1,0,0,1,0,0,0,0,0,0,0,0,0,0,0,0,0,1,0,0,1,0
2023-05-13,MD,85,2023-19,Region 3,1.99,8415.71,2026-05-06T19:11:09Z,0.4,0,0,0,0,0,0,0,0,0,0,0,0,1,0,0,1,0,0,0,0,0,0,0,0,0,0,0,0,0,1,0,0,1,0
2023-05-20,MD,80,2023-20,Region 3,2.25,8401.5,2026-05-06T19:11:09Z,0.34,0,0,0,0,0,0,0,0,0,0,0,0,1,0,0,1,0,0,0,0,0,0,0,0,0,0,0,0,0,1,0,0,1,0
2023-05-27,MD,96,2023-21,Region 3,1.89,6216.21,2026-05-06T19:11:09Z,0.34,0,0,0,0,0,0,0,0,0,0,0,0,1,0,0,1,0,0,0,0,0,0,0,0,0,0,0,0,0,1,0,0,1,0
2023-06-03,MD,82,2023-22,Region 3,1.97,5508.12,2026-05-06T19:11:09Z,0.44,0,0,0,0,0,0,0,0,0,0,0,0,1,0,0,1,0,0,0,0,0,0,0,0,0,0,0,0,0,1,0,0,1,0
2023-06-10,MD,73,2023-23,Region 3,1.93,5295.92,2026-05-06T19:11:09Z,0.34,0,0,0,0,0,0,0,0,0,0,0,0,1,0,0,1,0,0,0,0,0,0,0,0,0,0,0,0,0,1,0,0,1,0
2023-06-17,MD,74,2023-24,Region 3,2.26,5103.08,2026-05-06T19:11:09Z,0.41,0,0,0,0,0,0,0,0,0,0,0,0,1,0,0,1,0,0,0,0,0,0,0,0,0,0,0,0,0,1,0,0,1,0
2023-06-24,MD,60,2023-25,Region 3,1.85,3997.8500000000004,2026-05-06T19:11:09Z,0.43,0,0,0,0,0,0,0,0,0,0,0,0,1,0,0,1,0,0,0,0,0,0,0,0,0,0,0,0,0,1,0,0,1,0
2023-07-01,MD,63,2023-26,Region 3,2.94,5397.84,2026-05-06T19:11:09Z,0.45,0,0,0,0,0,0,0,0,0,0,0,0,1,0,0,1,0,0,0,0,0,0,0,0,0,0,0,0,0,1,0,0,1,0
2023-07-08,MD,86,2023-27,Region 3,3.23,6492.3,2026-05-06T19:11:09Z,0.49,0,0,0,0,0,0,0,0,0,0,0,0,1,0,0,1,0,0,0,0,0,0,0,0,0,0,0,0,0,1,0,0,1,0
2023-07-15,MD,76,2023-28,Region 3,3.08,7090.16,2026-05-06T19:11:09Z,0.68,0,0,0,0,0,0,0,0,0,0,0,0,1,0,0,1,0,0,0,0,0,0,0,0,0,0,0,0,0,1,0,0,1,0
2023-07-22,MD,90,2023-29,Region 3,3.32,7589.5199999999995,2026-05-06T19:11:09Z,0.65,0,0,0,0,0,0,0,0,0,0,0,0,1,0,0,1,0,0,0,0,0,0,0,0,0,0,0,0,0,1,0,0,1,0
2023-07-29,MD,125,2023-30,Region 3,6.57,10893.060000000001,2026-05-06T19:11:09Z,0.93,0,0,0,0,0,0,0,0,0,0,0,0,1,0,0,1,0,0,0,0,0,0,0,0,0,0,0,0,0,1,0,0,1,0
2023-08-05,MD,129,2023-31,Region 3,7.32,13205.28,2026-05-06T19:11:09Z,1.03,0,0,0,0,0,0,0,0,0,0,0,0,1,0,0,1,0,0,0,0,0,0,0,0,0,0,0,0,0,1,0,0,1,0
2023-08-12,MD,139,2023-32,Region 3,7.34,17608.66,2026-05-06T19:11:09Z,1.21,0,0,0,0,0,0,0,0,0,0,0,0,1,0,0,1,0,0,0,0,0,0,0,0,0,0,0,0,0,1,0,0,1,0
2023-08-19,MD,203,2023-33,Region 3,8.04,19111.079999999998,2026-05-06T19:11:09Z,1.52,0,0,0,0,0,0,0,0,0,0,0,0,1,0,0,1,0,0,0,0,0,0,0,0,0,0,0,0,0,1,0,0,1,0
2023-08-26,MD,230,2023-34,Region 3,10.96,25788.88,2026-05-06T19:11:09Z,1.9,0,0,0,0,0,0,0,0,0,0,0,0,1,0,0,1,0,0,0,0,0,0,0,0,0,0,0,0,0,1,0,0,1,0
2023-09-02,MD,256,2023-35,Region 3,12.46,36109.08,2026-05-06T19:11:09Z,2.24,0,0,0,0,0,0,0,0,0,0,0,0,1,0,0,1,0,0,0,0,0,0,0,0,0,0,0,0,0,1,0,0,1,0
2023-09-09,MD,299,2023-36,Region 3,11.01,44502.42,2026-05-06T19:11:09Z,2.49,0,0,0,0,0,0,0,0,0,0,0,0,1,0,0,1,0,0,0,0,0,0,0,0,0,0,0,0,0,1,0,0,1,0
2023-09-16,MD,268,2023-37,Region 3,8.84,39010.92,2026-05-06T19:11:09Z,2.05,0,0,0,0,0,0,0,0,0,0,0,0,1,0,0,1,0,0,0,0,0,0,0,0,0,0,0,0,0,1,0,0,1,0
2023-09-23,MD,338,2023-38,Region 3,9.02,41311.6,2026-05-06T19:11:09Z,2.1,0,0,0,0,0,0,0,0,0,0,0,0,1,0,0,1,0,0,0,0,0,0,0,0,0,0,0,0,0,1,0,0,1,0
2023-09-30,MD,310,2023-39,Region 3,7.97,37092.38,2026-05-06T19:11:09Z,1.89,0,0,0,0,0,0,0,0,0,0,0,0,1,0,0,1,0,0,0,0,0,0,0,0,0,0,0,0,0,1,0,0,1,0
2023-10-07,MD,318,2023-40,Region 3,7.41,33782.19,2026-05-06T19:11:09Z,1.57,0,0,0,0,0,0,0,0,0,0,0,0,1,0,0,1,0,0,0,0,0,0,0,0,0,0,0,0,0,1,0,0,1,0
2023-10-14,MD,256,2023-41,Region 3,5.74,25904.620000000003,2026-05-06T19:11:09Z,1.35,0,0,0,0,0,0,0,0,0,0,0,0,1,0,0,1,0,0,0,0,0,0,0,0,0,0,0,0,0,1,0,0,1,0
2023-10-21,MD,280,2023-42,Region 3,5.82,26702.16,2026-05-06T19:11:09Z,1.48,0,0,0,0,0,0,0,0,0,0,0,0,1,0,0,1,0,0,0,0,0,0,0,0,0,0,0,0,0,1,0,0,1,0
2023-10-28,MD,271,2023-43,Region 3,6.26,29115.26,2026-05-06T19:11:09Z,1.43,0,0,0,0,0,0,0,0,0,0,0,0,1,0,0,1,0,0,0,0,0,0,0,0,0,0,0,0,0,1,0,0,1,0
2023-11-04,MD,251,2023-44,Region 3,6.48,28894.320000000003,2026-05-06T19:11:09Z,1.46,0,0,0,0,0,0,0,0,0,0,0,0,1,0,0,1,0,0,0,0,0,0,0,0,0,0,0,0,0,1,0,0,1,0
2023-11-11,MD,248,2023-45,Region 3,7.27,35383.09,2026-05-06T19:11:09Z,1.63,0,0,0,0,0,0,0,0,0,0,0,0,1,0,0,1,0,0,0,0,0,0,0,0,0,0,0,0,0,1,0,0,1,0
2023-11-18,MD,285,2023-46,Region 3,7.92,41374.08,2026-05-06T19:11:09Z,1.76,0,0,0,0,0,0,0,0,0,0,0,0,1,0,0,1,0,0,0,0,0,0,0,0,0,0,0,0,0,1,0,0,1,0
2023-11-25,MD,337,2023-47,Region 3,9.3,44500.5,2026-05-06T19:11:09Z,2.05,0,0,0,0,0,0,0,0,0,0,0,0,1,0,0,1,0,0,0,0,0,0,0,0,0,0,0,0,0,1,0,0,1,0
2023-12-02,MD,403,2023-48,Region 3,10.24,59781.12,2026-05-06T19:11:09Z,2.13,0,0,0,0,0,0,0,0,0,0,0,0,1,0,0,1,0,0,0,0,0,0,0,0,0,0,0,0,0,1,0,0,1,0
2023-12-09,MD,426,2023-49,Region 3,10.11,60205.049999999996,2026-05-06T19:11:09Z,2.21,0,0,0,0,0,0,0,0,0,0,0,0,1,0,0,1,0,0,0,0,0,0,0,0,0,0,0,0,0,1,0,0,1,0
2023-12-16,MD,450,2023-50,Region 3,9.63,62816.490000000005,2026-05-06T19:11:09Z,2.11,0,0,0,0,0,0,0,0,0,0,0,0,1,0,0,1,0,0,0,0,0,0,0,0,0,0,0,0,0,1,0,0,1,0
2023-12-23,MD,447,2023-51,Region 3,12.06,86530.5,2026-05-06T19:11:09Z,2.97,0,0,0,0,0,0,0,0,0,0,0,0,1,0,0,1,0,0,0,0,0,0,0,0,0,0,0,0,0,1,0,0,1,0
2023-12-30,MD,566,2023-52,Region 3,12.92,100000.8,2026-05-06T19:11:09Z,3.78,0,0,0,0,0,0,0,0,0,0,0,0,1,0,0,1,0,0,0,0,0,0,0,0,0,0,0,0,0,1,0,0,1,0
2024-01-06,MD,584,2024-01,Region 3,12.57,92615.76000000001,2026-05-06T19:11:09Z,3.33,0,0,0,0,0,0,0,0,0,0,0,0,1,0,0,1,0,0,0,0,0,0,0,0,0,0,0,0,0,1,0,0,1,0
2024-01-13,MD,513,2024-02,Region 3,11.62,74914.14,2026-05-06T19:11:09Z,2.96,0,0,0,0,0,0,0,0,0,0,0,0,1,0,0,1,0,0,0,0,0,0,0,0,0,0,0,0,0,1,0,0,1,0
2024-01-20,MD,417,2024-03,Region 3,10.47,55281.600000000006,2026-05-06T19:11:09Z,2.5,0,0,0,0,0,0,0,0,0,0,0,0,1,0,0,1,0,0,0,0,0,0,0,0,0,0,0,0,0,1,0,0,1,0
2024-01-27,MD,384,2024-04,Region 3,10.61,60827.13,2026-05-06T19:11:09Z,1.91,0,0,0,0,0,0,0,0,0,0,0,0,1,0,0,1,0,0,0,0,0,0,0,0,0,0,0,0,0,1,0,0,1,0
2024-02-03,MD,321,2024-05,Region 3,9.22,50580.920000000006,2026-05-06T19:11:09Z,1.63,0,0,0,0,0,0,0,0,0,0,0,0,1,0,0,1,0,0,0,0,0,0,0,0,0,0,0,0,0,1,0,0,1,0
2024-02-10,MD,293,2024-06,Region 3,8.62,46125.619999999995,2026-05-06T19:11:09Z,1.96,0,0,0,0,0,0,0,0,0,0,0,0,1,0,0,1,0,0,0,0,0,0,0,0,0,0,0,0,0,1,0,0,1,0
2024-02-17,MD,277,2024-07,Region 3,5.7,45662.700000000004,2026-05-06T19:11:09Z,1.95,0,0,0,0,0,0,0,0,0,0,0,0,1,0,0,1,0,0,0,0,0,0,0,0,0,0,0,0,0,1,0,0,1,0
2024-02-24,MD,237,2024-08,Region 3,7.62,39616.38,2026-05-06T19:11:09Z,1.49,0,0,0,0,0,0,0,0,0,0,0,0,1,0,0,1,0,0,0,0,0,0,0,0,0,0,0,0,0,1,0,0,1,0
2024-03-02,MD,271,2024-09,Region 3,5.7,29708.4,2026-05-06T19:11:09Z,1.28,0,0,0,0,0,0,0,0,0,0,0,0,1,0,0,1,0,0,0,0,0,0,0,0,0,0,0,0,0,1,0,0,1,0
2024-03-09,MD,232,2024-10,Region 3,4.48,21580.160000000003,2026-05-06T19:11:09Z,1.08,0,0,0,0,0,0,0,0,0,0,0,0,1,0,0,1,0,0,0,0,0,0,0,0,0,0,0,0,0,1,0,0,1,0
2024-03-16,MD,165,2024-11,Region 3,3.51,15082.47,2026-05-06T19:11:09Z,0.76,0,0,0,0,0,0,0,0,0,0,0,0,1,0,0,1,0,0,0,0,0,0,0,0,0,0,0,0,0,1,0,0,1,0
2024-03-23,MD,150,2024-12,Region 3,3.23,13982.67,2026-05-06T19:11:09Z,0.65,0,0,0,0,0,0,0,0,0,0,0,0,1,0,0,1,0,0,0,0,0,0,0,0,0,0,0,0,0,1,0,0,1,0
2024-03-30,MD,109,2024-13,Region 3,2.89,12083.09,2026-05-06T19:11:09Z,0.59,0,0,0,0,0,0,0,0,0,0,0,0,0.9659053037384046,0,0,1,0,0,0,0,0,0,0,0,0,0,0,0,0,0.9735714285714286,0,0,1,0
2024-04-06,MD,106,2024-14,Region 3,3.13,10692.08,2026-05-06T19:11:09Z,0.5,0,0,0,0,0,0,0,0,0,0,0,0,0.9391824336955323,0,0,1,0,0,0,0,0,0,0,0,0,0,0,0,0,0.952857142857143,0,0,1,0
2024-04-13,MD,87,2024-15,Region 3,2.57,7609.7699999999995,2026-05-06T19:11:09Z,0.53,0,0,0,0,0,0,0,0,0,0,0,0,0.9601485792032446,0,0,1,0,0,0,0,0,0,0,0,0,0,0,0,0,0.9691428571428571,0,0,1,0
2024-04-20,MD,79,2024-16,Region 3,2.86,7913.62,2026-05-06T19:11:09Z,0.5,0,0,0,0,0,0,0,0,0,0,0,0,0.9639114281505069,0,0,1,0,0,0,0,0,0,0,0,0,0,0,0,0,0.9584285714285714,0,0,1,0
2024-04-27,MD,74,2024-17,Region 3,2.71,7387.46,2026-05-06T19:11:09Z,0.36,0,0,0,0,0,0,0,0,0,0,0,0,0.8976924778386739,0,0,1,0,0,0,0,0,0,0,0,0,0,0,0,0,0.9015714285714286,0,0,1,0
2022-10-01,ME,128,2022-39,Region 1,8.51,207107.87,2026-05-06T19:11:09Z,4.04,0,0,0,0,0,0,0,0,0,0,0,0,1,0,1,1,0,0,0,0,0,0,0,0,0,0,0,0,0,1,0,1,1,0
2022-10-08,ME,148,2022-40,Region 1,8.36,200104.96,2026-05-06T19:11:09Z,3.92,0,0,0,0,0,0,0,0,0,0,0,0,1,0,1,1,0,0,0,0,0,0,0,0,0,0,0,0,0,1,0,1,1,0
2022-10-15,ME,140,2022-41,Region 1,8.59,196333.04,2026-05-06T19:11:09Z,4.63,0,0,0,0,0,0,0,0,0,0,0,0,1,0,1,1,0,0,0,0,0,0,0,0,0,0,0,0,0,1,0,1,1,0
2022-10-22,ME,140,2022-42,Region 1,7.76,174801.76,2026-05-06T19:11:09Z,3.8,0,0,0,0,0,0,0,0,0,0,0,0,1,0,1,1,0,0,0,0,0,0,0,0,0,0,0,0,0,1,0,1,1,0
2022-10-29,ME,107,2022-43,Region 1,6.93,161787.78,2026-05-06T19:11:09Z,3.02,0,0,0,0,0,0,0,0,0,0,0,0,1,0,1,1,0,0,0,0,0,0,0,0,0,0,0,0,0,1,0,1,1,0
2022-11-05,ME,95,2022-44,Region 1,6.2,144013.6,2026-05-06T19:11:09Z,2.32,0,0,0,0,0,0,0,0,0,0,0,0,1,0,1,1,0,0,0,0,0,0,0,0,0,0,0,0,0,1,0,1,1,0
2022-11-12,ME,83,2022-45,Region 1,5.7,122629.8,2026-05-06T19:11:09Z,1.97,0,0,0,0,0,0,0,0,0,0,0,0,1,0,1,1,0,0,0,0,0,0,0,0,0,0,0,0,0,1,0,1,1,0
2022-11-19,ME,65,2022-46,Region 1,5.11,110815.46,2026-05-06T19:11:09Z,1.63,0,0,0,0,0,0,0,0,0,0,0,0,1,0,1,1,0,0,0,0,0,0,0,0,0,0,0,0,0,1,0,1,1,0
2022-11-26,ME,74,2022-47,Region 1,6.36,121088.04000000001,2026-05-06T19:11:09Z,1.93,0,0,0,0,0,0,0,0,0,0,0,0,1,0,1,1,0,0,0,0,0,0,0,0,0,0,0,0,0,1,0,1,1,0
2022-12-03,ME,76,2022-48,Region 1,7.48,181247.88,2026-05-06T19:11:09Z,2.08,0,0,0,0,0,0,0,0,0,0,0,0,1,0,1,1,0,0,0,0,0,0,0,0,0,0,0,0,0,1,0,1,1,0
2022-12-10,ME,88,2022-49,Region 1,7.63,175276.36,2026-05-06T19:11:09Z,2.18,0,0,0,0,0,0,0,0,0,0,0,0,1,0,1,1,0,0,0,0,0,0,0,0,0,0,0,0,0,1,0,1,1,0
2022-12-17,ME,68,2022-50,Region 1,8.23,195890.46000000002,2026-05-06T19:11:09Z,2.14,0,0,0,0,0,0,0,0,0,0,0,0,1,0,1,1,0,0,0,0,0,0,0,0,0,0,0,0,0,1,0,1,1,0
2022-12-24,ME,85,2022-51,Region 1,9.84,220780.08,2026-05-06T19:11:09Z,2.36,0,0,0,0,0,0,0,0,0,0,0,0,1,0,1,1,0,0,0,0,0,0,0,0,0,0,0,0,0,1,0,1,1,0
2022-12-31,ME,100,2022-52,Region 1,11.66,219744.36000000002,2026-05-06T19:11:09Z,2.46,0,0,0,0,0,0,0,0,0,0,0,0,1,0,1,1,0,0,0,0,0,0,0,0,0,0,0,0,0,1,0,1,1,0
2023-01-07,ME,83,2023-01,Region 1,11,214742,2026-05-06T19:11:09Z,3.14,0,0,0,0,0,0,0,0,0,0,0,0,1,0,1,1,0,0,0,0,0,0,0,0,0,0,0,0,0,1,0,1,1,0
2023-01-14,ME,84,2023-02,Region 1,10.56,196320.96000000002,2026-05-06T19:11:09Z,2.54,0,0,0,0,0,0,0,0,0,0,0,0,1,0,1,1,0,0,0,0,0,0,0,0,0,0,0,0,0,1,0,1,1,0
2023-01-21,ME,80,2023-03,Region 1,9.39,165151.32,2026-05-06T19:11:09Z,2.6,0,0,0,0,0,0,0,0,0,0,0,0,1,0,1,1,0,0,0,0,0,0,0,0,0,0,0,0,0,1,0,1,1,0
2023-01-28,ME,102,2023-04,Region 1,8.37,150936.21,2026-05-06T19:11:09Z,2.81,0,0,0,0,0,0,0,0,0,0,0,0,1,0,1,1,0,0,0,0,0,0,0,0,0,0,0,0,0,1,0,1,1,0
2023-02-04,ME,88,2023-05,Region 1,7.49,126064.19,2026-05-06T19:11:09Z,2.42,0,0,0,0,0,0,0,0,0,0,0,0,1,0,1,1,0,0,0,0,0,0,0,0,0,0,0,0,0,1,0,1,1,0
2023-02-11,ME,99,2023-06,Region 1,7.34,126057.16,2026-05-06T19:11:09Z,3.08,0,0,0,0,0,0,0,0,0,0,0,0,1,0,1,1,0,0,0,0,0,0,0,0,0,0,0,0,0,1,0,1,1,0
2023-02-18,ME,121,2023-07,Region 1,6.75,111381.75,2026-05-06T19:11:09Z,3.36,0,0,0,0,0,0,0,0,0,0,0,0,1,0,1,1,0,0,0,0,0,0,0,0,0,0,0,0,0,1,0,1,1,0
2023-02-25,ME,111,2023-08,Region 1,6.87,104245.38,2026-05-06T19:11:09Z,3.37,0,0,0,0,0,0,0,0,0,0,0,0,1,0,1,1,0,0,0,0,0,0,0,0,0,0,0,0,0,1,0,1,1,0
2023-03-04,ME,142,2023-09,Region 1,5.33,79939.34,2026-05-06T19:11:09Z,3.05,0,0,0,0,0,0,0,0,0,0,0,0,1,0,1,1,0,0,0,0,0,0,0,0,0,0,0,0,0,1,0,1,1,0
2023-03-11,ME,110,2023-10,Region 1,4.58,67880.18000000001,2026-05-06T19:11:09Z,2.37,0,0,0,0,0,0,0,0,0,0,0,0,1,0,1,1,0,0,0,0,0,0,0,0,0,0,0,0,0,1,0,1,1,0
2023-03-18,ME,106,2023-11,Region 1,4.57,60068.08,2026-05-06T19:11:09Z,2.08,0,0,0,0,0,0,0,0,0,0,0,0,1,0,1,1,0,0,0,0,0,0,0,0,0,0,0,0,0,1,0,1,1,0
2023-03-25,ME,90,2023-12,Region 1,4.24,55548.240000000005,2026-05-06T19:11:09Z,1.8,0,0,0,0,0,0,0,0,0,0,0,0,1,0,1,1,0,0,0,0,0,0,0,0,0,0,0,0,0,1,0,1,1,0
2023-04-01,ME,66,2023-13,Region 1,3.54,43120.74,2026-05-06T19:11:09Z,1.7,0,0,0,0,0,0,0,0,0,0,0,0,1,0,1,1,0,0,0,0,0,0,0,0,0,0,0,0,0,1,0,1,1,0
2023-04-08,ME,63,2023-14,Region 1,3.18,37342.740000000005,2026-05-06T19:11:09Z,1.28,0,0,0,0,0,0,0,0,0,0,0,0,1,0,1,1,0,0,0,0,0,0,0,0,0,0,0,0,0,1,0,1,1,0
2023-04-15,ME,65,2023-15,Region 1,2.94,31757.88,2026-05-06T19:11:09Z,1.19,0,0,0,0,0,0,0,0,0,0,0,0,1,0,1,1,0,0,0,0,0,0,0,0,0,0,0,0,0,1,0,1,1,0
2023-04-22,ME,41,2023-16,Region 1,2.98,26822.98,2026-05-06T19:11:09Z,0.91,0,0,0,0,0,0,0,0,0,0,0,0,1,0,1,1,0,0,0,0,0,0,0,0,0,0,0,0,0,1,0,1,1,0
2023-04-29,ME,28,2023-17,Region 1,2.94,24460.8,2026-05-06T19:11:09Z,0.6,0,0,0,0,0,0,0,0,0,0,0,0,1,0,1,1,0,0,0,0,0,0,0,0,0,0,0,0,0,1,0,1,1,0
2023-05-06,ME,42,2023-18,Region 1,3.27,18475.5,2026-05-06T19:11:09Z,0.61,0,0,0,0,0,0,0,0,0,0,0,0,1,0,1,1,0,0,0,0,0,0,0,0,0,0,0,0,0,1,0,1,1,0
2023-05-13,ME,26,2023-19,Region 1,3.31,16715.5,2026-05-06T19:11:09Z,0.57,0,0,0,0,0,0,0,0,0,0,0,0,1,0,1,1,0,0,0,0,0,0,0,0,0,0,0,0,0,1,0,1,1,0
2023-05-20,ME,21,2023-20,Region 1,4.18,18897.78,2026-05-06T19:11:09Z,0.55,0,0,0,0,0,0,0,0,0,0,0,0,1,0,1,1,0,0,0,0,0,0,0,0,0,0,0,0,0,1,0,1,1,0
2023-05-27,ME,27,2023-21,Region 1,4.86,21709.620000000003,2026-05-06T19:11:09Z,0.67,0,0,0,0,0,0,0,0,0,0,0,0,1,0,1,1,0,0,0,0,0,0,0,0,0,0,0,0,0,1,0,1,1,0
2023-06-03,ME,18,2023-22,Region 1,3.73,14103.13,2026-05-06T19:11:09Z,0.55,0,0,0,0,0,0,0,0,0,0,0,0,1,0,1,1,0,0,0,0,0,0,0,0,0,0,0,0,0,1,0,1,1,0
2023-06-10,ME,18,2023-23,Region 1,4.32,16182.720000000001,2026-05-06T19:11:09Z,0.5,0,0,0,0,0,0,0,0,0,0,0,0,1,0,1,1,0,0,0,0,0,0,0,0,0,0,0,0,0,1,0,1,1,0
2023-06-17,ME,21,2023-24,Region 1,3.24,11408.04,2026-05-06T19:11:09Z,0.47,0,0,0,0,0,0,0,0,0,0,0,0,1,0,1,1,0,0,0,0,0,0,0,0,0,0,0,0,0,1,0,1,1,0
2023-06-24,ME,17,2023-25,Region 1,3.35,9986.35,2026-05-06T19:11:09Z,0.3,0,0,0,0,0,0,0,0,0,0,0,0,1,0,1,1,0,0,0,0,0,0,0,0,0,0,0,0,0,1,0,1,1,0
2023-07-01,ME,9,2023-26,Region 1,3.8,9792.6,2026-05-06T19:11:09Z,0.34,0,0,0,0,0,0,0,0,0,0,0,0,1,0,1,1,0,0,0,0,0,0,0,0,0,0,0,0,0,1,0,1,1,0
2023-07-08,ME,9,2023-27,Region 1,4.77,11400.3,2026-05-06T19:11:09Z,0.45,0,0,0,0,0,0,0,0,0,0,0,0,1,0,1,1,0,0,0,0,0,0,0,0,0,0,0,0,0,1,0,1,1,0
2023-07-15,ME,17,2023-28,Region 1,6,15690,2026-05-06T19:11:09Z,0.59,0,0,0,0,0,0,0,0,0,0,0,0,1,0,1,1,0,0,0,0,0,0,0,0,0,0,0,0,0,1,0,1,1,0
2023-07-22,ME,20,2023-29,Region 1,5.97,14208.599999999999,2026-05-06T19:11:09Z,0.53,0,0,0,0,0,0,0,0,0,0,0,0,1,0,1,1,0,0,0,0,0,0,0,0,0,0,0,0,0,1,0,1,1,0
2023-07-29,ME,25,2023-30,Region 1,8.05,20994.4,2026-05-06T19:11:09Z,0.71,0,0,0,0,0,0,0,0,0,0,0,0,1,0,0.8985714285714286,1,0,0,0,0,0,0,0,0,0,0,0,0,0,1,0,0.8985714285714286,1,0
2023-08-05,ME,19,2023-31,Region 1,9.87,27211.589999999997,2026-05-06T19:11:09Z,0.71,0,0,0,0,0,0,0,0,0,0,0,0,1,0,0.842857142857143,1,0,0,0,0,0,0,0,0,0,0,0,0,0,1,0,0.842857142857143,1,0
2023-08-12,ME,23,2023-32,Region 1,10.66,34996.78,2026-05-06T19:11:09Z,0.95,0,0,0,0,0,0,0,0,0,0,0,0,1,0,0.6214285714285714,1,0,0,0,0,0,0,0,0,0,0,0,0,0,1,0,0.6214285714285714,1,0
2023-08-19,ME,24,2023-33,Region 1,10.03,37883.31,2026-05-06T19:11:09Z,1.19,0,0,0,0,0,0,0,0,0,0,0,0,1,0,0.39714285714285713,1,0,0,0,0,0,0,0,0,0,0,0,0,0,1,0,0.39714285714285713,1,0
2023-08-26,ME,24,2023-34,Region 1,11.03,41704.43,2026-05-06T19:11:09Z,1.65,0,0,0,0,0,0,0,0,0,0,0,0,1,0,0.5514285714285715,1,0,0,0,0,0,0,0,0,0,0,0,0,0,1,0,0.5514285714285715,1,0
2023-09-02,ME,38,2023-35,Region 1,12.93,51500.19,2026-05-06T19:11:09Z,1.5,0,0,0,0,0,0,0,0,0,0,0,0,1,0,0.9285714285714286,1,0,0,0,0,0,0,0,0,0,0,0,0,0,1,0,0.9285714285714286,1,0
2023-09-09,ME,38,2023-36,Region 1,13.36,62190.799999999996,2026-05-06T19:11:09Z,1.77,0,0,0,0,0,0,0,0,0,0,0,0,1,0,1,1,0,0,0,0,0,0,0,0,0,0,0,0,0,1,0,1,1,0
2023-09-16,ME,46,2023-37,Region 1,12.07,57694.6,2026-05-06T19:11:09Z,1.69,0,0,0,0,0,0,0,0,0,0,0,0,1,0,1,1,0,0,0,0,0,0,0,0,0,0,0,0,0,1,0,1,1,0
2023-09-23,ME,43,2023-38,Region 1,10.41,54277.74,2026-05-06T19:11:09Z,1.69,0,0,0,0,0,0,0,0,0,0,0,0,1,0,1,1,0,0,0,0,0,0,0,0,0,0,0,0,0,1,0,1,1,0
2023-09-30,ME,53,2023-39,Region 1,10.39,56978.76,2026-05-06T19:11:09Z,1.83,0,0,0,0,0,0,0,0,0,0,0,0,1,0,1,1,0,0,0,0,0,0,0,0,0,0,0,0,0,1,0,1,1,0
2023-10-07,ME,58,2023-40,Region 1,11.33,60876.090000000004,2026-05-06T19:11:09Z,1.99,0,0,0,0,0,0,0,0,0,0,0,0,1,0,1,1,0,0,0,0,0,0,0,0,0,0,0,0,0,1,0,1,1,0
2023-10-14,ME,57,2023-41,Region 1,9.68,50181.119999999995,2026-05-06T19:11:09Z,1.75,0,0,0,0,0,0,0,0,0,0,0,0,1,0,1,1,0,0,0,0,0,0,0,0,0,0,0,0,0,1,0,1,1,0
2023-10-21,ME,53,2023-42,Region 1,8.4,43990.8,2026-05-06T19:11:09Z,1.57,0,0,0,0,0,0,0,0,0,0,0,0,1,0,1,1,0,0,0,0,0,0,0,0,0,0,0,0,0,1,0,1,1,0
2023-10-28,ME,55,2023-43,Region 1,8.93,46114.52,2026-05-06T19:11:09Z,1.68,0,0,0,0,0,0,0,0,0,0,0,0,1,0,1,1,0,0,0,0,0,0,0,0,0,0,0,0,0,1,0,1,1,0
2023-11-04,ME,49,2023-44,Region 1,7.6,41990,2026-05-06T19:11:09Z,1.59,0,0,0,0,0,0,0,0,0,0,0,0,1,0,1,1,0,0,0,0,0,0,0,0,0,0,0,0,0,1,0,1,1,0
2023-11-11,ME,51,2023-45,Region 1,8.77,51295.729999999996,2026-05-06T19:11:09Z,1.92,0,0,0,0,0,0,0,0,0,0,0,0,1,0,1,1,0,0,0,0,0,0,0,0,0,0,0,0,0,1,0,1,1,0
2023-11-18,ME,59,2023-46,Region 1,8.45,52398.45,2026-05-06T19:11:09Z,1.92,0,0,0,0,0,0,0,0,0,0,0,0,1,0,1,1,0,0,0,0,0,0,0,0,0,0,0,0,0,1,0,1,1,0
2023-11-25,ME,69,2023-47,Region 1,10.34,62588.02,2026-05-06T19:11:09Z,2.62,0,0,0,0,0,0,0,0,0,0,0,0,1,0,1,1,0,0,0,0,0,0,0,0,0,0,0,0,0,1,0,1,1,0
2023-12-02,ME,85,2023-48,Region 1,11.54,81587.79999999999,2026-05-06T19:11:09Z,2.85,0,0,0,0,0,0,0,0,0,0,0,0,1,0,1,1,0,0,0,0,0,0,0,0,0,0,0,0,0,1,0,1,1,0
2023-12-09,ME,112,2023-49,Region 1,11.42,84199.66,2026-05-06T19:11:09Z,3.11,0,0,0,0,0,0,0,0,0,0,0,0,1,0,1,1,0,0,0,0,0,0,0,0,0,0,0,0,0,1,0,1,1,0
2023-12-16,ME,95,2023-50,Region 1,11.25,87693.75,2026-05-06T19:11:09Z,3.39,0,0,0,0,0,0,0,0,0,0,0,0,0.9953500255493101,0,1,1,0,0,0,0,0,0,0,0,0,0,0,0,0,0.9855555555555555,0,1,1,0
2023-12-23,ME,102,2023-51,Region 1,13.88,118507.44,2026-05-06T19:11:09Z,3.68,0,0,0,0,0,0,0,0,0,0,0,0,0.9796116504854369,0,0.9114285714285714,1,0,0,0,0,0,0,0,0,0,0,0,0,0,0.9366666666666668,0,0.9114285714285714,1,0
2023-12-30,ME,123,2023-52,Region 1,15.14,137955.68,2026-05-06T19:11:09Z,4.97,0,0,0,0,0,0,0,0,0,0,0,0,0.9642309657639244,0,0.8385714285714286,1,0,0,0,0,0,0,0,0,0,0,0,0,0,0.8888888888888888,0,0.8385714285714286,1,0
2024-01-06,ME,139,2024-01,Region 1,16.33,141287.15999999997,2026-05-06T19:11:09Z,4.08,0,0,0,0,0,0,0,0,0,0,0,0,1,0,0.907142857142857,1,0,0,0,0,0,0,0,0,0,0,0,0,0,1,0,0.907142857142857,1,0
2024-01-13,ME,109,2024-02,Region 1,14.9,113418.8,2026-05-06T19:11:09Z,3.17,0,0,0,0,0,0,0,0,0,0,0,0,0.9937126797576465,0,1,1,0,0,0,0,0,0,0,0,0,0,0,0,0,0.9842857142857143,0,1,1,0
2024-01-20,ME,72,2024-03,Region 1,13.1,78311.8,2026-05-06T19:11:09Z,2.32,0,0,0,0,0,0,0,0,0,0,0,0,0.9805664647054528,0,1,0.8264032987496673,0,0,0,0,0,0,0,0,0,0,0,0,0,0.9514285714285714,0,1,0.8207142857142857,0
2024-01-27,ME,50,2024-04,Region 1,11.94,69896.76,2026-05-06T19:11:09Z,2.14,0,0,0,0,0,0,0,0,0,0,0,0,0.9822176801226367,0,1,0.7234947237740533,0,0,0,0,0,0,0,0,0,0,0,0,0,0.9555555555555556,0,1,0.6985714285714286,0
2024-02-03,ME,62,2024-05,Region 1,9.56,58096.12,2026-05-06T19:11:09Z,1.77,0,0,0,0,0,0,0,0,0,0,0,0,0.9955544200306592,0,1,0.8720670391061452,0,0,0,0,0,0,0,0,0,0,0,0,0,0.9888888888888888,0,1,0.855,0
2024-02-10,ME,61,2024-06,Region 1,8.85,55383.299999999996,2026-05-06T19:11:09Z,1.67,0,0,0,0,0,0,0,0,0,0,0,0,1,0,1,1,0,0,0,0,0,0,0,0,0,0,0,0,0,1,0,1,1,0
2024-02-17,ME,51,2024-07,Region 1,8.49,50829.630000000005,2026-05-06T19:11:09Z,1.58,0,0,0,0,0,0,0,0,0,0,0,0,0.9931016862544711,0,1,1,0,0,0,0,0,0,0,0,0,0,0,0,0,0.9785714285714286,0,1,1,0
2024-02-24,ME,63,2024-08,Region 1,7.06,40573.82,2026-05-06T19:11:09Z,1.47,0,0,0,0,0,0,0,0,0,0,0,0,0.9915687276443537,0,1,1,0,0,0,0,0,0,0,0,0,0,0,0,0,0.9738095238095238,0,1,1,0
2024-03-02,ME,48,2024-09,Region 1,6.32,34602,2026-05-06T19:11:09Z,1.32,0,0,0,0,0,0,0,0,0,0,0,0,0.9914263814876999,0,1,1,0,0,0,0,0,0,0,0,0,0,0,0,0,0.9577777777777777,0,1,1,0
2024-03-09,ME,30,2024-10,Region 1,5.38,28514,2026-05-06T19:11:09Z,1.07,0,0,0,0,0,0,0,0,0,0,0,0,0.9637828458106098,0,1,0.8916289793384766,0,0,0,0,0,0,0,0,0,0,0,0,0,0.8945714285714286,0,1,0.9214285714285714,0
2024-03-16,ME,32,2024-11,Region 1,4.55,22718.149999999998,2026-05-06T19:11:09Z,0.87,0,0,0,0,0,0,0,0,0,0,0,0,0.8905751115518096,0,1,0.8374434690077147,0,0,0,0,0,0,0,0,0,0,0,0,0,0.7505714285714284,0,1,0.8821428571428572,0
2024-03-23,ME,36,2024-12,Region 1,3.77,17707.69,2026-05-06T19:11:09Z,0.73,0,0,0,0,0,0,0,0,0,0,0,0,0.8695375026559955,0,1,0.9310366232153942,0,0,0,0,0,0,0,0,0,0,0,0,0,0.7132857142857144,0,1,0.95,0
2024-03-30,ME,19,2024-13,Region 1,3.94,18100.36,2026-05-06T19:11:09Z,0.52,0,0,0,0,0,0,0,0,0,0,0,0,0.8851561725334655,0,1,0.8906890130353817,0,0,0,0,0,0,0,0,0,0,0,0,0,0.7621428571428571,0,1,0.885,0
2024-04-06,ME,21,2024-14,Region 1,3.4,15589,2026-05-06T19:11:09Z,0.56,0,0,0,0,0,0,0,0,0,0,0,0,0.8619519796019549,0,1,0.6252726789039639,0,0,0,0,0,0,0,0,0,0,0,0,0,0.7665714285714286,0,1,0.6407142857142857,0
2024-04-13,ME,14,2024-15,Region 1,3.41,14478.86,2026-05-06T19:11:09Z,0.43,0,0,0,0,0,0,0,0,0,0,0,0,0.8249203201359869,0,1,0.5447858472998138,0,0,0,0,0,0,0,0,0,0,0,0,0,0.6947142857142857,0,1,0.6114285714285714,0
2024-04-20,ME,20,2024-16,Region 1,2.88,10503.359999999999,2026-05-06T19:11:09Z,0.41,0,0,0,0,0,0,0,0,0,0,0,0,0.834460655853814,0,1,0.7095105081138601,0,0,0,0,0,0,0,0,0,0,0,0,0,0.6715714285714286,0,1,0.7371428571428572,0
2024-04-27,ME,15,2024-17,Region 1,3.34,12782.18,2026-05-06T19:11:09Z,0.37,0,0,0,0,0,0,0,0,0,0,0,0,0.8739429138040937,0,1,0.7068901303538175,0,0,0,0,0,0,0,0,0,0,0,0,0,0.7424285714285714,0,1,0.65,0
2022-10-01,MI,964,2022-39,Region 5,7.12,439937.68,2026-05-06T19:11:09Z,3.11,0,0,0,0,0,0,0,0,0,0,0,0,1,0,1,0.023977456891681733,0,0,0,0,0,0,0,0,0,0,0,0,0,1,0,1,0.49976190476190474,0
2022-10-08,MI,1029,2022-40,Region 5,7.56,456495.48,2026-05-06T19:11:09Z,3.05,0,0,0,0,0,0,0,0,0,0,0,0,1,0,1,0.023977456891681733,0,0,0,0,0,0,0,0,0,0,0,0,0,1,0,1,0.49976190476190474,0
2022-10-15,MI,996,2022-41,Region 5,7.77,492944.33999999997,2026-05-06T19:11:09Z,3,0,0,0,0,0,0,0,0,0,0,0,0,1,0,1,0.023977456891681733,0,0,0,0,0,0,0,0,0,0,0,0,0,1,0,1,0.49976190476190474,0
2022-10-22,MI,983,2022-42,Region 5,7.78,501319.86000000004,2026-05-06T19:11:09Z,2.96,0,0,0,0,0,0,0,0,0,0,0,0,1,0,1,0.023977456891681733,0,0,0,0,0,0,0,0,0,0,0,0,0,1,0,1,0.49976190476190474,0
2022-10-29,MI,1047,2022-43,Region 5,7.81,510078.91,2026-05-06T19:11:09Z,2.81,0,0,0,0,0,0,0,0,0,0,0,0,1,0,1,0.023977456891681733,0,0,0,0,0,0,0,0,0,0,0,0,0,1,0,1,0.49976190476190474,0
2022-11-05,MI,968,2022-44,Region 5,6.44,519308.72000000003,2026-05-06T19:11:09Z,2.68,0,0,0,0,0,0,0,0,0,0,0,0,1,0,1,0.023977456891681733,0,0,0,0,0,0,0,0,0,0,0,0,0,1,0,1,0.49976190476190474,0
2022-11-12,MI,868,2022-45,Region 5,6.86,460477.5,2026-05-06T19:11:09Z,2.34,0,0,0,0,0,0,0,0,0,0,0,0,1,0,1,0.023977456891681733,0,0,0,0,0,0,0,0,0,0,0,0,0,1,0,1,0.49976190476190474,0
2022-11-19,MI,844,2022-46,Region 5,6.64,463711.04,2026-05-06T19:11:09Z,2.31,0,0,0,0,0,0,0,0,0,0,0,0,1,0,1,0.023977456891681733,0,0,0,0,0,0,0,0,0,0,0,0,0,1,0,1,0.49976190476190474,0
2022-11-26,MI,827,2022-47,Region 5,7.36,483345.92000000004,2026-05-06T19:11:09Z,2.51,0,0,0,0,0,0,0,0,0,0,0,0,1,0,1,0.023977456891681733,0,0,0,0,0,0,0,0,0,0,0,0,0,1,0,1,0.49976190476190474,0
2022-12-03,MI,888,2022-48,Region 5,8.35,671323.2999999999,2026-05-06T19:11:09Z,2.98,0,0,0,0,0,0,0,0,0,0,0,0,1,0,1,0.023977456891681733,0,0,0,0,0,0,0,0,0,0,0,0,0,1,0,1,0.49976190476190474,0
2022-12-10,MI,1031,2022-49,Region 5,8.8,680407.2000000001,2026-05-06T19:11:09Z,3.07,0,0,0,0,0,0,0,0,0,0,0,0,1,0,1,0.023977456891681733,0,0,0,0,0,0,0,0,0,0,0,0,0,1,0,1,0.49976190476190474,0
2022-12-17,MI,1164,2022-50,Region 5,9.49,736604.31,2026-05-06T19:11:09Z,3.39,0,0,0,0,0,0,0,0,0,0,0,0,1,0,1,0.023977456891681733,0,0,0,0,0,0,0,0,0,0,0,0,0,1,0,1,0.49976190476190474,0
2022-12-24,MI,1146,2022-51,Region 5,9.75,634110.75,2026-05-06T19:11:09Z,3.43,0,0,0,0,0,0,0,0,0,0,0,0,1,0,1,0.023977456891681733,0,0,0,0,0,0,0,0,0,0,0,0,0,1,0,1,0.49976190476190474,0
2022-12-31,MI,1160,2022-52,Region 5,9.79,556776.88,2026-05-06T19:11:09Z,3.48,0,0,0,0,0,0,0,0,0,0,0,0,1,0,1,0.023977456891681733,0,0,0,0,0,0,0,0,0,0,0,0,0,1,0,1,0.49976190476190474,0
2023-01-07,MI,1090,2023-01,Region 5,8.95,493350.85,2026-05-06T19:11:09Z,2.76,0,0,0,0,0,0,0,0,0,0,0,0,1,0,1,0.023977456891681733,0,0,0,0,0,0,0,0,0,0,0,0,0,1,0,1,0.49976190476190474,0
2023-01-14,MI,892,2023-02,Region 5,7.63,392769.51,2026-05-06T19:11:09Z,2.02,0,0,0,0,0,0,0,0,0,0,0,0,1,0,1,0.023977456891681733,0,0,0,0,0,0,0,0,0,0,0,0,0,1,0,1,0.49976190476190474,0
2023-01-21,MI,679,2023-03,Region 5,7.45,363783.5,2026-05-06T19:11:09Z,1.86,0,0,0,0,0,0,0,0,0,0,0,0,1,0,1,0.023977456891681733,0,0,0,0,0,0,0,0,0,0,0,0,0,1,0,1,0.49976190476190474,0
2023-01-28,MI,625,2023-04,Region 5,7.35,362884.19999999995,2026-05-06T19:11:09Z,1.72,0,0,0,0,0,0,0,0,0,0,0,0,1,0,1,0.023977456891681733,0,0,0,0,0,0,0,0,0,0,0,0,0,1,0,1,0.49976190476190474,0
2023-02-04,MI,586,2023-05,Region 5,7.33,344143.5,2026-05-06T19:11:09Z,1.7,0,0,0,0,0,0,0,0,0,0,0,0,1,0,1,0.023977456891681733,0,0,0,0,0,0,0,0,0,0,0,0,0,1,0,1,0.49976190476190474,0
2023-02-11,MI,627,2023-06,Region 5,7.79,374410.77,2026-05-06T19:11:09Z,1.8,0,0,0,0,0,0,0,0,0,0,0,0,1,0,1,0.023977456891681733,0,0,0,0,0,0,0,0,0,0,0,0,0,1,0,1,0.49976190476190474,0
2023-02-18,MI,635,2023-07,Region 5,8.77,383783.97,2026-05-06T19:11:09Z,2.07,0,0,0,0,0,0,0,0,0,0,0,0,1,0,1,0.023977456891681733,0,0,0,0,0,0,0,0,0,0,0,0,0,1,0,1,0.49976190476190474,0
2023-02-25,MI,665,2023-08,Region 5,8.64,363890.88,2026-05-06T19:11:09Z,2.24,0,0,0,0,0,0,0,0,0,0,0,0,1,0,1,0.023977456891681733,0,0,0,0,0,0,0,0,0,0,0,0,0,1,0,1,0.49976190476190474,0
2023-03-04,MI,714,2023-09,Region 5,8.54,363043.93999999994,2026-05-06T19:11:09Z,2.1,0,0,0,0,0,0,0,0,0,0,0,0,1,0,1,0.023977456891681733,0,0,0,0,0,0,0,0,0,0,0,0,0,1,0,1,0.49976190476190474,0
2023-03-11,MI,660,2023-10,Region 5,7.76,300661.2,2026-05-06T19:11:09Z,1.96,0,0,0,0,0,0,0,0,0,0,0,0,1,0,1,0.023977456891681733,0,0,0,0,0,0,0,0,0,0,0,0,0,1,0,1,0.49976190476190474,0
2023-03-18,MI,679,2023-11,Region 5,7.74,284127.66000000003,2026-05-06T19:11:09Z,1.91,0,0,0,0,0,0,0,0,0,0,0,0,1,0,1,0.023977456891681733,0,0,0,0,0,0,0,0,0,0,0,0,0,1,0,1,0.49976190476190474,0
2023-03-25,MI,658,2023-12,Region 5,7.89,278958.83999999997,2026-05-06T19:11:09Z,2.01,0,0,0,0,0,0,0,0,0,0,0,0,1,0,1,0.023977456891681733,0,0,0,0,0,0,0,0,0,0,0,0,0,1,0,1,0.49976190476190474,0
2023-04-01,MI,662,2023-13,Region 5,7.83,262273.68,2026-05-06T19:11:09Z,1.94,0,0,0,0,0,0,0,0,0,0,0,0,1,0,1,0.023977456891681733,0,0,0,0,0,0,0,0,0,0,0,0,0,1,0,1,0.49976190476190474,0
2023-04-08,MI,566,2023-14,Region 5,7.12,228025.12,2026-05-06T19:11:09Z,1.62,0,0,0,0,0,0,0,0,0,0,0,0,1,0,1,0.023977456891681733,0,0,0,0,0,0,0,0,0,0,0,0,0,1,0,1,0.49976190476190474,0
2023-04-15,MI,472,2023-15,Region 5,6.73,195876.65000000002,2026-05-06T19:11:09Z,1.35,0,0,0,0,0,0,0,0,0,0,0,0,1,0,1,0.023977456891681733,0,0,0,0,0,0,0,0,0,0,0,0,0,1,0,1,0.49976190476190474,0
2023-04-22,MI,456,2023-16,Region 5,5.27,137525.91999999998,2026-05-06T19:11:09Z,1.05,0,0,0,0,0,0,0,0,0,0,0,0,1,0,1,0.023977456891681733,0,0,0,0,0,0,0,0,0,0,0,0,0,1,0,1,0.49976190476190474,0
2023-04-29,MI,354,2023-17,Region 5,4.91,121316.28,2026-05-06T19:11:09Z,0.93,0,0,0,0,0,0,0,0,0,0,0,0,1,0,1,0.023977456891681733,0,0,0,0,0,0,0,0,0,0,0,0,0,1,0,1,0.49976190476190474,0
2023-05-06,MI,336,2023-18,Region 5,5.48,129437.6,2026-05-06T19:11:09Z,0.84,0,0,0,0,0,0,0,0,0,0,0,0,1,0,1,0.023977456891681733,0,0,0,0,0,0,0,0,0,0,0,0,0,1,0,1,0.49976190476190474,0
2023-05-13,MI,326,2023-19,Region 5,5.24,112880.08,2026-05-06T19:11:09Z,0.84,0,0,0,0,0,0,0,0,0,0,0,0,1,0,1,0.023977456891681733,0,0,0,0,0,0,0,0,0,0,0,0,0,1,0,1,0.49976190476190474,0
2023-05-20,MI,262,2023-20,Region 5,4.86,93341.16,2026-05-06T19:11:09Z,0.65,0,0,0,0,0,0,0,0,0,0,0,0,1,0,1,0.023977456891681733,0,0,0,0,0,0,0,0,0,0,0,0,0,1,0,1,0.49976190476190474,0
2023-05-27,MI,216,2023-21,Region 5,5.01,85600.86,2026-05-06T19:11:09Z,0.6,0,0,0,0,0,0,0,0,0,0,0,0,1,0,1,0.023977456891681733,0,0,0,0,0,0,0,0,0,0,0,0,0,1,0,1,0.49976190476190474,0
2023-06-03,MI,201,2023-22,Region 5,4.97,74470.48,2026-05-06T19:11:09Z,0.54,0,0,0,0,0,0,0,0,0,0,0,0,1,0,1,0.023977456891681733,0,0,0,0,0,0,0,0,0,0,0,0,0,1,0,1,0.49976190476190474,0
2023-06-10,MI,152,2023-23,Region 5,4.16,60648.64,2026-05-06T19:11:09Z,0.39,0,0,0,0,0,0,0,0,0,0,0,0,1,0,1,0.023977456891681733,0,0,0,0,0,0,0,0,0,0,0,0,0,1,0,1,0.49976190476190474,0
2023-06-17,MI,149,2023-24,Region 5,4.05,52613.549999999996,2026-05-06T19:11:09Z,0.45,0,0,0,0,0,0,0,0,0,0,0,0,1,0,1,0.023977456891681733,0,0,0,0,0,0,0,0,0,0,0,0,0,1,0,1,0.49976190476190474,0
2023-06-24,MI,159,2023-25,Region 5,4.2,51126.6,2026-05-06T19:11:09Z,0.38,0,0,0,0,0,0,0,0,0,0,0,0,1,0,1,0.023977456891681733,0,0,0,0,0,0,0,0,0,0,0,0,0,1,0,1,0.49976190476190474,0
2023-07-01,MI,145,2023-26,Region 5,4.15,47193.8,2026-05-06T19:11:09Z,0.36,0,0,0,0,0,0,0,0,0,0,0,0,1,0,1,0.023977456891681733,0,0,0,0,0,0,0,0,0,0,0,0,0,1,0,1,0.49976190476190474,0
2023-07-08,MI,112,2023-27,Region 5,5.01,55099.979999999996,2026-05-06T19:11:09Z,0.34,0,0,0,0,0,0,0,0,0,0,0,0,1,0,1,0.023977456891681733,0,0,0,0,0,0,0,0,0,0,0,0,0,1,0,1,0.49976190476190474,0
2023-07-15,MI,103,2023-28,Region 5,5.18,58425.219999999994,2026-05-06T19:11:09Z,0.36,0,0,0,0,0,0,0,0,0,0,0,0,1,0,1,0.023977456891681733,0,0,0,0,0,0,0,0,0,0,0,0,0,1,0,1,0.49976190476190474,0
2023-07-22,MI,97,2023-29,Region 5,6.18,69129.48,2026-05-06T19:11:09Z,0.4,0,0,0,0,0,0,0,0,0,0,0,0,1,0,1,0.023977456891681733,0,0,0,0,0,0,0,0,0,0,0,0,0,1,0,1,0.49976190476190474,0
2023-07-29,MI,97,2023-30,Region 5,7.58,86343.78,2026-05-06T19:11:09Z,0.5,0,0,0,0,0,0,0,0,0,0,0,0,1,0,1,0.023977456891681733,0,0,0,0,0,0,0,0,0,0,0,0,0,1,0,1,0.49976190476190474,0
2023-08-05,MI,127,2023-31,Region 5,8.83,109147.63,2026-05-06T19:11:09Z,0.69,0,0,0,0,0,0,0,0,0,0,0,0,1,0,1,0.023977456891681733,0,0,0,0,0,0,0,0,0,0,0,0,0,1,0,1,0.49976190476190474,0
2023-08-12,MI,201,2023-32,Region 5,9.87,133156.16999999998,2026-05-06T19:11:09Z,0.85,0,0,0,0,0,0,0,0,0,0,0,0,1,0,1,0.023977456891681733,0,0,0,0,0,0,0,0,0,0,0,0,0,1,0,1,0.49976190476190474,0
2023-08-19,MI,263,2023-33,Region 5,11.21,168329.36000000002,2026-05-06T19:11:09Z,0.98,0,0,0,0,0,0,0,0,0,0,0,0,1,0,1,0.023977456891681733,0,0,0,0,0,0,0,0,0,0,0,0,0,1,0,1,0.49976190476190474,0
2023-08-26,MI,299,2023-34,Region 5,12.5,214487.5,2026-05-06T19:11:09Z,1.31,0,0,0,0,0,0,0,0,0,0,0,0,1,0,1,0.023977456891681733,0,0,0,0,0,0,0,0,0,0,0,0,0,1,0,1,0.49976190476190474,0
2023-09-02,MI,336,2023-35,Region 5,12.58,248429.84,2026-05-06T19:11:09Z,1.52,0,0,0,0,0,0,0,0,0,0,0,0,1,0,1,0.023977456891681733,0,0,0,0,0,0,0,0,0,0,0,0,0,1,0,1,0.49976190476190474,0
2023-09-09,MI,416,2023-36,Region 5,12.46,285271.7,2026-05-06T19:11:09Z,1.96,0,0,0,0,0,0,0,0,0,0,0,0,1,0,1,0.023977456891681733,0,0,0,0,0,0,0,0,0,0,0,0,0,1,0,1,0.49976190476190474,0
2023-09-16,MI,464,2023-37,Region 5,12.2,323141.39999999997,2026-05-06T19:11:09Z,2.01,0,0,0,0,0,0,0,0,0,0,0,0,1,0,1,0.023977456891681733,0,0,0,0,0,0,0,0,0,0,0,0,0,1,0,1,0.49976190476190474,0
2023-09-23,MI,547,2023-38,Region 5,12.25,359476.25,2026-05-06T19:11:09Z,2.09,0,0,0,0,0,0,0,0,0,0,0,0,1,0,1,0.023977456891681733,0,0,0,0,0,0,0,0,0,0,0,0,0,1,0,1,0.49976190476190474,0
2023-09-30,MI,548,2023-39,Region 5,10.63,286829.29000000004,2026-05-06T19:11:09Z,1.86,0,0,0,0,0,0,0,0,0,0,0,0,1,0,1,0.023977456891681733,0,0,0,0,0,0,0,0,0,0,0,0,0,1,0,1,0.49976190476190474,0
2023-10-07,MI,502,2023-40,Region 5,10.05,244034.1,2026-05-06T19:11:09Z,1.51,0,0,0,0,0,0,0,0,0,0,0,0,1,0,1,0.023977456891681733,0,0,0,0,0,0,0,0,0,0,0,0,0,1,0,1,0.49976190476190474,0
2023-10-14,MI,459,2023-41,Region 5,8.45,218086.05,2026-05-06T19:11:09Z,1.35,0,0,0,0,0,0,0,0,0,0,0,0,1,0,1,0.023977456891681733,0,0,0,0,0,0,0,0,0,0,0,0,0,1,0,1,0.49976190476190474,0
2023-10-21,MI,466,2023-42,Region 5,9.47,254998.69000000003,2026-05-06T19:11:09Z,1.43,0,0,0,0,0,0,0,0,0,0,0,0,1,0,1,0.023977456891681733,0,0,0,0,0,0,0,0,0,0,0,0,0,1,0,1,0.49976190476190474,0
2023-10-28,MI,508,2023-43,Region 5,10.51,283896.12,2026-05-06T19:11:09Z,1.56,0,0,0,0,0,0,0,0,0,0,0,0,1,0,1,0.023977456891681733,0,0,0,0,0,0,0,0,0,0,0,0,0,1,0,1,0.49976190476190474,0
2023-11-04,MI,449,2023-44,Region 5,10.05,269048.55000000005,2026-05-06T19:11:09Z,1.59,0,0,0,0,0,0,0,0,0,0,0,0,1,0,1,0.023977456891681733,0,0,0,0,0,0,0,0,0,0,0,0,0,1,0,1,0.49976190476190474,0
2023-11-11,MI,516,2023-45,Region 5,11.67,353052.51,2026-05-06T19:11:09Z,1.83,0,0,0,0,0,0,0,0,0,0,0,0,1,0,1,0.023977456891681733,0,0,0,0,0,0,0,0,0,0,0,0,0,1,0,1,0.49976190476190474,0
2023-11-18,MI,639,2023-46,Region 5,12.51,409639.95,2026-05-06T19:11:09Z,2.32,0,0,0,0,0,0,0,0,0,0,0,0,1,0,1,0.023977456891681733,0,0,0,0,0,0,0,0,0,0,0,0,0,1,0,1,0.49976190476190474,0
2023-11-25,MI,787,2023-47,Region 5,14.28,439424.16,2026-05-06T19:11:09Z,2.83,0,0,0,0,0,0,0,0,0,0,0,0,1,0,1,0.023977456891681733,0,0,0,0,0,0,0,0,0,0,0,0,0,1,0,1,0.49976190476190474,0
2023-12-02,MI,1048,2023-48,Region 5,14.35,553608.65,2026-05-06T19:11:09Z,3.3,0,0,0,0,0,0,0,0,0,0,0,0,1,0,1,0.023977456891681733,0,0,0,0,0,0,0,0,0,0,0,0,0,1,0,1,0.49976190476190474,0
2023-12-09,MI,980,2023-49,Region 5,14.19,567202.6799999999,2026-05-06T19:11:09Z,3.19,0,0,0,0,0,0,0,0,0,0,0,0,1,0,1,0.023977456891681733,0,0,0,0,0,0,0,0,0,0,0,0,0,1,0,1,0.49976190476190474,0
2023-12-16,MI,941,2023-50,Region 5,14.58,646375.14,2026-05-06T19:11:09Z,3.71,0,0,0,0,0,0,0,0,0,0,0,0,1,0,1,0.023977456891681733,0,0,0,0,0,0,0,0,0,0,0,0,0,1,0,1,0.49976190476190474,0
2023-12-23,MI,1097,2023-51,Region 5,14.54,685619.1599999999,2026-05-06T19:11:09Z,4.03,0,0,0,0,0,0,0,0,0,0,0,0,1,0,1,0.023977456891681733,0,0,0,0,0,0,0,0,0,0,0,0,0,1,0,1,0.49976190476190474,0
2023-12-30,MI,1284,2023-52,Region 5,15.08,705683.68,2026-05-06T19:11:09Z,4.79,0,0,0,0,0,0,0,0,0,0,0,0,1,0,1,0.023977456891681733,0,0,0,0,0,0,0,0,0,0,0,0,0,1,0,1,0.49976190476190474,0
2024-01-06,MI,1233,2024-01,Region 5,13.94,626798.16,2026-05-06T19:11:09Z,4.01,0,0,0,0,0,0,0,0,0,0,0,0,1,0,1,0.023977456891681733,0,0,0,0,0,0,0,0,0,0,0,0,0,1,0,1,0.49976190476190474,0
2024-01-13,MI,1049,2024-02,Region 5,12.12,499331.87999999995,2026-05-06T19:11:09Z,3.08,0,0,0,0,0,0,0,0,0,0,0,0,1,0,1,0.023977456891681733,0,0,0,0,0,0,0,0,0,0,0,0,0,1,0,1,0.49976190476190474,0
2024-01-20,MI,719,2024-03,Region 5,10.92,374938.2,2026-05-06T19:11:09Z,2.3,0,0,0,0,0,0,0,0,0,0,0,0,1,0,1,0.023977456891681733,0,0,0,0,0,0,0,0,0,0,0,0,0,1,0,1,0.49976190476190474,0
2024-01-27,MI,628,2024-04,Region 5,10.04,338960.43999999994,2026-05-06T19:11:09Z,1.92,0,0,0,0,0,0,0,0,0,0,0,0,1,0,1,0.023977456891681733,0,0,0,0,0,0,0,0,0,0,0,0,0,1,0,1,0.49976190476190474,0
2024-02-03,MI,624,2024-05,Region 5,9.39,343523.76,2026-05-06T19:11:09Z,1.87,0,0,0,0,0,0,0,0,0,0,0,0,1,0,1,0.023977456891681733,0,0,0,0,0,0,0,0,0,0,0,0,0,1,0,1,0.49976190476190474,0
2024-02-10,MI,575,2024-06,Region 5,9.18,360122.22,2026-05-06T19:11:09Z,2,0,0,0,0,0,0,0,0,0,0,0,0,1,0,1,0.023977456891681733,0,0,0,0,0,0,0,0,0,0,0,0,0,1,0,1,0.49976190476190474,0
2024-02-17,MI,542,2024-07,Region 5,8.56,320315.2,2026-05-06T19:11:09Z,1.94,0,0,0,0,0,0,0,0,0,0,0,0,1,0,1,0.023977456891681733,0,0,0,0,0,0,0,0,0,0,0,0,0,1,0,1,0.49976190476190474,0
2024-02-24,MI,542,2024-08,Region 5,7.42,279852.72,2026-05-06T19:11:09Z,1.81,0,0,0,0,0,0,0,0,0,0,0,0,1,0,1,0.023977456891681733,0,0,0,0,0,0,0,0,0,0,0,0,0,1,0,1,0.49976190476190474,0
2024-03-02,MI,533,2024-09,Region 5,6.57,237584.34,2026-05-06T19:11:09Z,1.52,0,0,0,0,0,0,0,0,0,0,0,0,1,0,1,0.023977456891681733,0,0,0,0,0,0,0,0,0,0,0,0,0,1,0,1,0.49976190476190474,0
2024-03-09,MI,466,2024-10,Region 5,5.33,189961.2,2026-05-06T19:11:09Z,1.24,0,0,0,0,0,0,0,0,0,0,0,0,1,0,1,0.023977456891681733,0,0,0,0,0,0,0,0,0,0,0,0,0,1,0,1,0.49976190476190474,0
2024-03-16,MI,390,2024-11,Region 5,4.62,143252.34,2026-05-06T19:11:09Z,0.88,0,0,0,0,0,0,0,0,0,0,0,0,1,0,1,0.023977456891681733,0,0,0,0,0,0,0,0,0,0,0,0,0,1,0,1,0.49976190476190474,0
2024-03-23,MI,304,2024-12,Region 5,3.94,114791.9,2026-05-06T19:11:09Z,0.73,0,0,0,0,0,0,0,0,0,0,0,0,1,0,1,0.023977456891681733,0,0,0,0,0,0,0,0,0,0,0,0,0,1,0,1,0.49976190476190474,0
2024-03-30,MI,257,2024-13,Region 5,3.66,95902.98000000001,2026-05-06T19:11:09Z,0.67,0,0,0,0,0,0,0,0,0,0,0,0,0.9693235960954554,0,1,0.14012449168044105,0,0,0,0,0,0,0,0,0,0,0,0,0,0.8898701298701299,0,1,0.6363492063492063,0
2024-04-06,MI,256,2024-14,Region 5,3.42,86926.14,2026-05-06T19:11:09Z,0.59,0,0,0,0,0,0,0,0,0,0,0,0,0.9168829934368236,0,1,0.32982314653802247,0,0,0,0,0,0,0,0,0,0,0,0,0,0.8894805194805195,0,1,0.5915873015873016,0
2024-04-13,MI,196,2024-15,Region 5,3.8,89961.2,2026-05-06T19:11:09Z,0.47,0,0,0,0,0,0,0,0,0,0,0,0,0.8488864295643999,0,1,0.42698743576814685,0,0,0,0,0,0,0,0,0,0,0,0,0,0.8050649350649351,0,1,0.4219047619047619,0
2024-04-20,MI,175,2024-16,Region 5,3.14,67726.66,2026-05-06T19:11:09Z,0.43,0,0,0,0,0,0,0,0,0,0,0,0,0.8106570259226414,0,1,0.3100441862460781,0,0,0,0,0,0,0,0,0,0,0,0,0,0.7157142857142857,0,1,0.3634920634920635,0
2024-04-27,MI,134,2024-17,Region 5,3.43,69927.41,2026-05-06T19:11:09Z,0.36,0,0,0,0,0,0,0,0,0,0,0,0,0.8168082559646548,0,1,0.25134608481829895,0,0,0,0,0,0,0,0,0,0,0,0,0,0.7251948051948053,0,1,0.35063492063492063,0
2022-10-01,MN,433,2022-39,Region 5,7.12,439937.68,2026-05-06T19:11:09Z,2.3,0,0,0,0,0,0,0,0,0,0,0,0,1,0,1,1,0,0,0,0,0,0,0,0,0,0,0,0,0,1,0,1,1,0
2022-10-08,MN,466,2022-40,Region 5,7.56,456495.48,2026-05-06T19:11:09Z,2.09,0,0,0,0,0,0,0,0,0,0,0,0,1,0,1,1,0,0,0,0,0,0,0,0,0,0,0,0,0,1,0,1,1,0
2022-10-15,MN,392,2022-41,Region 5,7.77,492944.33999999997,2026-05-06T19:11:09Z,1.83,0,0,0,0,0,0,0,0,0,0,0,0,1,0,1,1,0,0,0,0,0,0,0,0,0,0,0,0,0,1,0,1,1,0
2022-10-22,MN,483,2022-42,Region 5,7.78,501319.86000000004,2026-05-06T19:11:09Z,2.48,0,0,0,0,0,0,0,0,0,0,0,0,1,0,1,1,0,0,0,0,0,0,0,0,0,0,0,0,0,1,0,1,1,0
2022-10-29,MN,505,2022-43,Region 5,7.81,510078.91,2026-05-06T19:11:09Z,2.34,0,0,0,0,0,0,0,0,0,0,0,0,1,0,1,1,0,0,0,0,0,0,0,0,0,0,0,0,0,1,0,1,1,0
2022-11-05,MN,455,2022-44,Region 5,6.44,519308.72000000003,2026-05-06T19:11:09Z,2.47,0,0,0,0,0,0,0,0,0,0,0,0,1,0,1,1,0,0,0,0,0,0,0,0,0,0,0,0,0,1,0,1,1,0
2022-11-12,MN,463,2022-45,Region 5,6.86,460477.5,2026-05-06T19:11:09Z,2.39,0,0,0,0,0,0,0,0,0,0,0,0,1,0,1,1,0,0,0,0,0,0,0,0,0,0,0,0,0,1,0,1,1,0
2022-11-19,MN,503,2022-46,Region 5,6.64,463711.04,2026-05-06T19:11:09Z,2.66,0,0,0,0,0,0,0,0,0,0,0,0,1,0,1,1,0,0,0,0,0,0,0,0,0,0,0,0,0,1,0,1,1,0
2022-11-26,MN,500,2022-47,Region 5,7.36,483345.92000000004,2026-05-06T19:11:09Z,2.14,0,0,0,0,0,0,0,0,0,0,0,0,1,0,1,1,0,0,0,0,0,0,0,0,0,0,0,0,0,1,0,1,1,0
2022-12-03,MN,581,2022-48,Region 5,8.35,671323.2999999999,2026-05-06T19:11:09Z,2.6,0,0,0,0,0,0,0,0,0,0,0,0,1,0,1,1,0,0,0,0,0,0,0,0,0,0,0,0,0,1,0,1,1,0
2022-12-10,MN,555,2022-49,Region 5,8.8,680407.2000000001,2026-05-06T19:11:09Z,2.73,0,0,0,0,0,0,0,0,0,0,0,0,1,0,1,1,0,0,0,0,0,0,0,0,0,0,0,0,0,1,0,1,1,0
2022-12-17,MN,530,2022-50,Region 5,9.49,736604.31,2026-05-06T19:11:09Z,2.74,0,0,0,0,0,0,0,0,0,0,0,0,1,0,1,1,0,0,0,0,0,0,0,0,0,0,0,0,0,1,0,1,1,0
2022-12-24,MN,545,2022-51,Region 5,9.75,634110.75,2026-05-06T19:11:09Z,2.96,0,0,0,0,0,0,0,0,0,0,0,0,1,0,1,1,0,0,0,0,0,0,0,0,0,0,0,0,0,1,0,1,1,0
2022-12-31,MN,559,2022-52,Region 5,9.79,556776.88,2026-05-06T19:11:09Z,2.9,0,0,0,0,0,0,0,0,0,0,0,0,1,0,1,1,0,0,0,0,0,0,0,0,0,0,0,0,0,1,0,1,1,0
2023-01-07,MN,541,2023-01,Region 5,8.95,493350.85,2026-05-06T19:11:09Z,2.33,0,0,0,0,0,0,0,0,0,0,0,0,1,0,1,1,0,0,0,0,0,0,0,0,0,0,0,0,0,1,0,1,1,0
2023-01-14,MN,427,2023-02,Region 5,7.63,392769.51,2026-05-06T19:11:09Z,2.17,0,0,0,0,0,0,0,0,0,0,0,0,1,0,1,1,0,0,0,0,0,0,0,0,0,0,0,0,0,1,0,1,1,0
2023-01-21,MN,370,2023-03,Region 5,7.45,363783.5,2026-05-06T19:11:09Z,2.26,0,0,0,0,0,0,0,0,0,0,0,0,1,0,1,1,0,0,0,0,0,0,0,0,0,0,0,0,0,1,0,1,1,0
2023-01-28,MN,401,2023-04,Region 5,7.35,362884.19999999995,2026-05-06T19:11:09Z,2.48,0,0,0,0,0,0,0,0,0,0,0,0,1,0,1,1,0,0,0,0,0,0,0,0,0,0,0,0,0,1,0,1,1,0
2023-02-04,MN,353,2023-05,Region 5,7.33,344143.5,2026-05-06T19:11:09Z,2.57,0,0,0,0,0,0,0,0,0,0,0,0,1,0,1,1,0,0,0,0,0,0,0,0,0,0,0,0,0,1,0,1,1,0
2023-02-11,MN,394,2023-06,Region 5,7.79,374410.77,2026-05-06T19:11:09Z,2.82,0,0,0,0,0,0,0,0,0,0,0,0,1,0,1,1,0,0,0,0,0,0,0,0,0,0,0,0,0,1,0,1,1,0
2023-02-18,MN,396,2023-07,Region 5,8.77,383783.97,2026-05-06T19:11:09Z,2.59,0,0,0,0,0,0,0,0,0,0,0,0,1,0,1,1,0,0,0,0,0,0,0,0,0,0,0,0,0,1,0,1,1,0
2023-02-25,MN,336,2023-08,Region 5,8.64,363890.88,2026-05-06T19:11:09Z,2.59,0,0,0,0,0,0,0,0,0,0,0,0,1,0,1,1,0,0,0,0,0,0,0,0,0,0,0,0,0,1,0,1,1,0
2023-03-04,MN,364,2023-09,Region 5,8.54,363043.93999999994,2026-05-06T19:11:09Z,2.18,0,0,0,0,0,0,0,0,0,0,0,0,1,0,1,1,0,0,0,0,0,0,0,0,0,0,0,0,0,1,0,1,1,0
2023-03-11,MN,336,2023-10,Region 5,7.76,300661.2,2026-05-06T19:11:09Z,2.15,0,0,0,0,0,0,0,0,0,0,0,0,1,0,1,1,0,0,0,0,0,0,0,0,0,0,0,0,0,1,0,1,1,0
2023-03-18,MN,257,2023-11,Region 5,7.74,284127.66000000003,2026-05-06T19:11:09Z,1.72,0,0,0,0,0,0,0,0,0,0,0,0,1,0,1,1,0,0,0,0,0,0,0,0,0,0,0,0,0,1,0,1,1,0
2023-03-25,MN,242,2023-12,Region 5,7.89,278958.83999999997,2026-05-06T19:11:09Z,1.46,0,0,0,0,0,0,0,0,0,0,0,0,1,0,1,1,0,0,0,0,0,0,0,0,0,0,0,0,0,1,0,1,1,0
2023-04-01,MN,256,2023-13,Region 5,7.83,262273.68,2026-05-06T19:11:09Z,1.67,0,0,0,0,0,0,0,0,0,0,0,0,1,0,1,1,0,0,0,0,0,0,0,0,0,0,0,0,0,1,0,1,1,0
2023-04-08,MN,220,2023-14,Region 5,7.12,228025.12,2026-05-06T19:11:09Z,1.39,0,0,0,0,0,0,0,0,0,0,0,0,1,0,1,1,0,0,0,0,0,0,0,0,0,0,0,0,0,1,0,1,1,0
2023-04-15,MN,196,2023-15,Region 5,6.73,195876.65000000002,2026-05-06T19:11:09Z,1.08,0,0,0,0,0,0,0,0,0,0,0,0,1,0,1,1,0,0,0,0,0,0,0,0,0,0,0,0,0,1,0,1,1,0
2023-04-22,MN,168,2023-16,Region 5,5.27,137525.91999999998,2026-05-06T19:11:09Z,1.02,0,0,0,0,0,0,0,0,0,0,0,0,1,0,1,0.9994215866404478,0,0,0,0,0,0,0,0,0,0,0,0,0,1,0,1,0.9945714285714286,0
2023-04-29,MN,137,2023-17,Region 5,4.91,121316.28,2026-05-06T19:11:09Z,0.84,0,0,0,0,0,0,0,0,0,0,0,0,1,0,1,0.9989953873228831,0,0,0,0,0,0,0,0,0,0,0,0,0,1,0,1,0.9905714285714287,0
2023-05-06,MN,128,2023-18,Region 5,5.48,129437.6,2026-05-06T19:11:09Z,0.85,0,0,0,0,0,0,0,0,0,0,0,0,1,0,1,0.9848754125816107,0,0,0,0,0,0,0,0,0,0,0,0,0,1,0,1,0.9497142857142857,0
2023-05-13,MN,153,2023-19,Region 5,5.24,112880.08,2026-05-06T19:11:09Z,0.74,0,0,0,0,0,0,0,0,0,0,0,0,1,0,1,0.9729564996482623,0,0,0,0,0,0,0,0,0,0,0,0,0,1,0,1,0.9146857142857142,0
2023-05-20,MN,78,2023-20,Region 5,4.86,93341.16,2026-05-06T19:11:09Z,0.45,0,0,0,0,0,0,0,0,0,0,0,0,1,0,1,0.982576535112696,0,0,0,0,0,0,0,0,0,0,0,0,0,1,0,1,0.9436571428571429,0
2023-05-27,MN,78,2023-21,Region 5,5.01,85600.86,2026-05-06T19:11:09Z,0.42,0,0,0,0,0,0,0,0,0,0,0,0,1,0,1,1,0,0,0,0,0,0,0,0,0,0,0,0,0,1,0,1,1,0
2023-06-03,MN,67,2023-22,Region 5,4.97,74470.48,2026-05-06T19:11:09Z,0.33,0,0,0,0,0,0,0,0,0,0,0,0,1,0,1,0.9896269393761556,0,0,0,0,0,0,0,0,0,0,0,0,0,1,0,1,0.9390857142857143,0
2023-06-10,MN,40,2023-23,Region 5,4.16,60648.64,2026-05-06T19:11:09Z,0.31,0,0,0,0,0,0,0,0,0,0,0,0,1,0,1,0.9750468305978347,0,0,0,0,0,0,0,0,0,0,0,0,0,1,0,1,0.8493714285714286,0
2023-06-17,MN,41,2023-24,Region 5,4.05,52613.549999999996,2026-05-06T19:11:09Z,0.41,0,0,0,0,0,0,0,0,0,0,0,0,1,0,1,0.981666839366909,0,0,0,0,0,0,0,0,0,0,0,0,0,1,0,1,0.8824571428571428,0
2023-06-24,MN,47,2023-25,Region 5,4.2,51126.6,2026-05-06T19:11:09Z,0.29,0,0,0,0,0,0,0,0,0,0,0,0,1,0,1,0.9944839211830048,0,0,0,0,0,0,0,0,0,0,0,0,0,1,0,1,0.9381714285714285,0
2023-07-01,MN,34,2023-26,Region 5,4.15,47193.8,2026-05-06T19:11:09Z,0.37,0,0,0,0,0,0,0,0,0,0,0,0,1,0,1,0.9900072433116052,0,0,0,0,0,0,0,0,0,0,0,0,0,1,0,1,0.8929142857142857,0
2023-07-08,MN,49,2023-27,Region 5,5.01,55099.979999999996,2026-05-06T19:11:09Z,0.32,0,0,0,0,0,0,0,0,0,0,0,0,1,0,1,0.9830940637335902,0,0,0,0,0,0,0,0,0,0,0,0,0,1,0,1,0.8434857142857143,0
2023-07-15,MN,52,2023-28,Region 5,5.18,58425.219999999994,2026-05-06T19:11:09Z,0.35,0,0,0,0,0,0,0,0,0,0,0,0,1,0,1,0.9866809791260729,0,0,0,0,0,0,0,0,0,0,0,0,0,1,0,1,0.8709142857142856,0
2023-07-22,MN,77,2023-29,Region 5,6.18,69129.48,2026-05-06T19:11:09Z,0.54,0,0,0,0,0,0,0,0,0,0,0,0,1,0,1,0.99568363215305,0,0,0,0,0,0,0,0,0,0,0,0,0,1,0,1,0.9276000000000001,0
2023-07-29,MN,60,2023-30,Region 5,7.58,86343.78,2026-05-06T19:11:09Z,0.64,0,0,0,0,0,0,0,0,0,0,0,0,1,0,1,0.9969750724177487,0,0,0,0,0,0,0,0,0,0,0,0,0,1,0,1,0.9382285714285714,0
2023-08-05,MN,76,2023-31,Region 5,8.83,109147.63,2026-05-06T19:11:09Z,0.8,0,0,0,0,0,0,0,0,0,0,0,0,1,0,1,0.9906655750255077,0,0,0,0,0,0,0,0,0,0,0,0,0,1,0,1,0.9675428571428571,0
2023-08-12,MN,103,2023-32,Region 5,9.87,133156.16999999998,2026-05-06T19:11:09Z,0.94,0,0,0,0,0,0,0,0,0,0,0,0,1,0,1,0.9776741659258851,0,0,0,0,0,0,0,0,0,0,0,0,0,1,0,1,0.9620000000000001,0
2023-08-19,MN,116,2023-33,Region 5,11.21,168329.36000000002,2026-05-06T19:11:09Z,1.19,0,0,0,0,0,0,0,0,0,0,0,0,1,0,1,0.9863416863757161,0,0,0,0,0,0,0,0,0,0,0,0,0,1,0,1,0.9431428571428572,0
2023-08-26,MN,174,2023-34,Region 5,12.5,214487.5,2026-05-06T19:11:09Z,1.53,0,0,0,0,0,0,0,0,0,0,0,0,1,0,1,0.9960372337039101,0,0,0,0,0,0,0,0,0,0,0,0,0,1,0,1,0.9466285714285715,0
2023-09-02,MN,170,2023-35,Region 5,12.58,248429.84,2026-05-06T19:11:09Z,1.56,0,0,0,0,0,0,0,0,0,0,0,0,1,0,1,0.9984582226844344,0,0,0,0,0,0,0,0,0,0,0,0,0,1,0,1,0.9818857142857143,0
2023-09-09,MN,174,2023-36,Region 5,12.46,285271.7,2026-05-06T19:11:09Z,1.71,0,0,0,0,0,0,0,0,0,0,0,0,1,0,1,1,0,0,0,0,0,0,0,0,0,0,0,0,0,1,0,1,1,0
2023-09-16,MN,207,2023-37,Region 5,12.2,323141.39999999997,2026-05-06T19:11:09Z,2.02,0,0,0,0,0,0,0,0,0,0,0,0,1,0,1,0.994935642230197,0,0,0,0,0,0,0,0,0,0,0,0,0,1,0,1,0.9957142857142857,0
2023-09-23,MN,251,2023-38,Region 5,12.25,359476.25,2026-05-06T19:11:09Z,2.43,0,0,0,0,0,0,0,0,0,0,0,0,1,0,1,0.9879170972098343,0,0,0,0,0,0,0,0,0,0,0,0,0,1,0,1,0.9769142857142857,0
2023-09-30,MN,259,2023-39,Region 5,10.63,286829.29000000004,2026-05-06T19:11:09Z,2.22,0,0,0,0,0,0,0,0,0,0,0,0,1,0,1,0.9858548613698566,0,0,0,0,0,0,0,0,0,0,0,0,0,1,0,1,0.9665142857142857,0
2023-10-07,MN,255,2023-40,Region 5,10.05,244034.1,2026-05-06T19:11:09Z,1.63,0,0,0,0,0,0,0,0,0,0,0,0,1,0,1,0.9898552079704617,0,0,0,0,0,0,0,0,0,0,0,0,0,1,0,1,0.9706857142857143,0
2023-10-14,MN,271,2023-41,Region 5,8.45,218086.05,2026-05-06T19:11:09Z,1.83,0,0,0,0,0,0,0,0,0,0,0,0,1,0,1,0.9947694359560324,0,0,0,0,0,0,0,0,0,0,0,0,0,1,0,1,0.9825142857142858,0
2023-10-21,MN,283,2023-42,Region 5,9.47,254998.69000000003,2026-05-06T19:11:09Z,1.93,0,0,0,0,0,0,0,0,0,0,0,0,1,0,1,0.9986796545444854,0,0,0,0,0,0,0,0,0,0,0,0,0,1,0,1,0.9876571428571428,0
2023-10-28,MN,266,2023-43,Region 5,10.51,283896.12,2026-05-06T19:11:09Z,1.9,0,0,0,0,0,0,0,0,0,0,0,0,1,0,1,0.9984106952850287,0,0,0,0,0,0,0,0,0,0,0,0,0,1,0,1,0.9851428571428572,0
2023-11-04,MN,213,2023-44,Region 5,10.05,269048.55000000005,2026-05-06T19:11:09Z,2,0,0,0,0,0,0,0,0,0,0,0,0,1,0,1,0.9862740048580286,0,0,0,0,0,0,0,0,0,0,0,0,0,1,0,1,0.9761714285714285,0
2023-11-11,MN,286,2023-45,Region 5,11.67,353052.51,2026-05-06T19:11:09Z,2.5,0,0,0,0,0,0,0,0,0,0,0,0,1,0,1,0.9857694024112057,0,0,0,0,0,0,0,0,0,0,0,0,0,1,0,1,0.9792000000000001,0
2023-11-18,MN,377,2023-46,Region 5,12.51,409639.95,2026-05-06T19:11:09Z,2.83,0,0,0,0,0,0,0,0,0,0,0,0,1,0,1,0.9947386124753211,0,0,0,0,0,0,0,0,0,0,0,0,0,1,0,1,0.9865714285714285,0
2023-11-25,MN,348,2023-47,Region 5,14.28,439424.16,2026-05-06T19:11:09Z,2.79,0,0,0,0,0,0,0,0,0,0,0,0,1,0,1,0.9996111610136755,0,0,0,0,0,0,0,0,0,0,0,0,0,1,0,1,0.9931428571428572,0
2023-12-02,MN,441,2023-48,Region 5,14.35,553608.65,2026-05-06T19:11:09Z,3.53,0,0,0,0,0,0,0,0,0,0,0,0,1,0,1,1,0,0,0,0,0,0,0,0,0,0,0,0,0,1,0,1,1,0
2023-12-09,MN,440,2023-49,Region 5,14.19,567202.6799999999,2026-05-06T19:11:09Z,3.85,0,0,0,0,0,0,0,0,0,0,0,0,1,0,1,1,0,0,0,0,0,0,0,0,0,0,0,0,0,1,0,1,1,0
2023-12-16,MN,496,2023-50,Region 5,14.58,646375.14,2026-05-06T19:11:09Z,4.27,0,0,0,0,0,0,0,0,0,0,0,0,1,0,1,0.9990892061441126,0,0,0,0,0,0,0,0,0,0,0,0,0,1,0,1,0.9914857142857143,0
2023-12-23,MN,523,2023-51,Region 5,14.54,685619.1599999999,2026-05-06T19:11:09Z,4.5,0,0,0,0,0,0,0,0,0,0,0,0,1,0,1,0.9985879638878525,0,0,0,0,0,0,0,0,0,0,0,0,0,1,0,1,0.9868000000000001,0
2023-12-30,MN,582,2023-52,Region 5,15.08,705683.68,2026-05-06T19:11:09Z,4.55,0,0,0,0,0,0,0,0,0,0,0,0,1,0,1,0.9993948416662225,0,0,0,0,0,0,0,0,0,0,0,0,0,1,0,1,0.9943428571428572,0
2024-01-06,MN,528,2024-01,Region 5,13.94,626798.16,2026-05-06T19:11:09Z,3.51,0,0,0,0,0,0,0,0,0,0,0,0,1,0,1,0.9988813739890778,0,0,0,0,0,0,0,0,0,0,0,0,0,1,0,1,0.9895428571428572,0
2024-01-13,MN,468,2024-02,Region 5,12.12,499331.87999999995,2026-05-06T19:11:09Z,3.19,0,0,0,0,0,0,0,0,0,0,0,0,1,0,1,0.9984290334163554,0,0,0,0,0,0,0,0,0,0,0,0,0,1,0,1,0.9853142857142858,0
2024-01-20,MN,338,2024-03,Region 5,10.92,374938.2,2026-05-06T19:11:09Z,2.57,0,0,0,0,0,0,0,0,0,0,0,0,1,0,1,0.9993214891409161,0,0,0,0,0,0,0,0,0,0,0,0,0,1,0,1,0.9936571428571429,0
2024-01-27,MN,296,2024-04,Region 5,10.04,338960.43999999994,2026-05-06T19:11:09Z,2.23,0,0,0,0,0,0,0,0,0,0,0,0,1,0,1,1,0,0,0,0,0,0,0,0,0,0,0,0,0,1,0,1,1,0
2024-02-03,MN,265,2024-05,Region 5,9.39,343523.76,2026-05-06T19:11:09Z,2.01,0,0,0,0,0,0,0,0,0,0,0,0,1,0,1,1,0,0,0,0,0,0,0,0,0,0,0,0,0,1,0,1,1,0
2024-02-10,MN,215,2024-06,Region 5,9.18,360122.22,2026-05-06T19:11:09Z,1.87,0,0,0,0,0,0,0,0,0,0,0,0,1,0,1,1,0,0,0,0,0,0,0,0,0,0,0,0,0,1,0,1,1,0
2024-02-17,MN,239,2024-07,Region 5,8.56,320315.2,2026-05-06T19:11:09Z,1.4,0,0,0,0,0,0,0,0,0,0,0,0,1,0,1,1,0,0,0,0,0,0,0,0,0,0,0,0,0,1,0,1,1,0
2024-02-24,MN,187,2024-08,Region 5,7.42,279852.72,2026-05-06T19:11:09Z,1.2,0,0,0,0,0,0,0,0,0,0,0,0,1,0,1,1,0,0,0,0,0,0,0,0,0,0,0,0,0,1,0,1,1,0
2024-03-02,MN,166,2024-09,Region 5,6.57,237584.34,2026-05-06T19:11:09Z,1.12,0,0,0,0,0,0,0,0,0,0,0,0,1,0,1,1,0,0,0,0,0,0,0,0,0,0,0,0,0,1,0,1,1,0
2024-03-09,MN,162,2024-10,Region 5,5.33,189961.2,2026-05-06T19:11:09Z,0.96,0,0,0,0,0,0,0,0,0,0,0,0,1,0,1,1,0,0,0,0,0,0,0,0,0,0,0,0,0,1,0,1,1,0
2024-03-16,MN,124,2024-11,Region 5,4.62,143252.34,2026-05-06T19:11:09Z,0.67,0,0,0,0,0,0,0,0,0,0,0,0,1,0,1,1,0,0,0,0,0,0,0,0,0,0,0,0,0,1,0,1,1,0
2024-03-23,MN,120,2024-12,Region 5,3.94,114791.9,2026-05-06T19:11:09Z,0.64,0,0,0,0,0,0,0,0,0,0,0,0,1,0,1,0.9998812715105103,0,0,0,0,0,0,0,0,0,0,0,0,0,1,0,1,0.996,0
2024-03-30,MN,103,2024-13,Region 5,3.66,95902.98000000001,2026-05-06T19:11:09Z,0.54,0,0,0,0,0,0,0,0,0,0,0,0,1,0,1,0.9996014114995707,0,0,0,0,0,0,0,0,0,0,0,0,0,1,0,1,0.9865714285714285,0
2024-04-06,MN,94,2024-14,Region 5,3.42,86926.14,2026-05-06T19:11:09Z,0.57,0,0,0,0,0,0,0,0,0,0,0,0,1,0,1,0.9994809868888025,0,0,0,0,0,0,0,0,0,0,0,0,0,1,0,1,0.9825142857142858,0
2024-04-13,MN,86,2024-15,Region 5,3.8,89961.2,2026-05-06T19:11:09Z,0.53,0,0,0,0,0,0,0,0,0,0,0,0,1,0,1,0.9947588328929331,0,0,0,0,0,0,0,0,0,0,0,0,0,1,0,1,0.9766285714285715,0
2024-04-20,MN,61,2024-16,Region 5,3.14,67726.66,2026-05-06T19:11:09Z,0.46,0,0,0,0,0,0,0,0,0,0,0,0,1,0,1,0.9925614315983661,0,0,0,0,0,0,0,0,0,0,0,0,0,1,0,1,0.9792000000000001,0
2024-04-27,MN,59,2024-17,Region 5,3.43,69927.41,2026-05-06T19:11:09Z,0.4,0,0,0,0,0,0,0,0,0,0,0,0,1,0,1,0.9968602283665067,0,0,0,0,0,0,0,0,0,0,0,0,0,1,0,1,0.9917142857142858,0
2022-10-01,MO,592,2022-39,Region 7,8.99,88344.73,2026-05-06T19:11:09Z,0,0,0,0,0,0,0,0,0,0,0,0,0,1,0,0,0.9370981183624477,0,0,0,0,0,0,0,0,0,0,0,0,0,1,0,0,0.93,0
2022-10-08,MO,500,2022-40,Region 7,9.66,80661,2026-05-06T19:11:09Z,0,0,0,0,0,0,0,0,0,0,0,0,0,1,0,0,0.9272874968735912,0,0,0,0,0,0,0,0,0,0,0,0,0,1,0,0,0.9005602240896359,0
2022-10-15,MO,520,2022-41,Region 7,8.68,83388.76,2026-05-06T19:11:09Z,0,0,0,0,0,0,0,0,0,0,0,0,0,1,0,0,0.8128544318390185,0,0,0,0,0,0,0,0,0,0,0,0,0,1,0,0,0.8828291316526611,0
2022-10-22,MO,511,2022-42,Region 7,8.99,95159.15000000001,2026-05-06T19:11:09Z,0,0,0,0,0,0,0,0,0,0,0,0,0,1,0,0,0.7718536787984465,0,0,0,0,0,0,0,0,0,0,0,0,0,1,0,0,0.8809803921568627,0
2022-10-29,MO,531,2022-43,Region 7,9.68,104998.95999999999,2026-05-06T19:11:09Z,0,0,0,0,0,0,0,0,0,0,0,0,0,1,0,0,0.8974722397644428,0,0,0,0,0,0,0,0,0,0,0,0,0,1,0,0,0.9122689075630253,0
2022-11-05,MO,547,2022-44,Region 7,8.94,111562.26,2026-05-06T19:11:09Z,0,0,0,0,0,0,0,0,0,0,0,0,0,1,0,0,0.9369266256346108,0,0,0,0,0,0,0,0,0,0,0,0,0,1,0,0,0.9379271708683473,0
2022-11-12,MO,492,2022-45,Region 7,8.62,113232.31999999999,2026-05-06T19:11:09Z,0,0,0,0,0,0,0,0,0,0,0,0,0,1,0,0,0.9096922438172325,0,0,0,0,0,0,0,0,0,0,0,0,0,1,0,0,0.9687114845938375,0
2022-11-19,MO,520,2022-46,Region 7,9.15,130469.85,2026-05-06T19:11:09Z,0,0,0,0,0,0,0,0,0,0,0,0,0,1,0,0,0.9312130164362286,0,0,0,0,0,0,0,0,0,0,0,0,0,1,0,0,0.9477030812324929,0
2022-11-26,MO,612,2022-47,Region 7,9.77,145426.44999999998,2026-05-06T19:11:09Z,0,0,0,0,0,0,0,0,0,0,0,0,0,1,0,0,0.975342436180611,0,0,0,0,0,0,0,0,0,0,0,0,0,1,0,0,0.9514565826330532,0
2022-12-03,MO,767,2022-48,Region 7,11.34,203156.1,2026-05-06T19:11:09Z,0,0,0,0,0,0,0,0,0,0,0,0,0,1,0,0,0.9876817804313136,0,0,0,0,0,0,0,0,0,0,0,0,0,1,0,0,0.9584593837535015,0
2022-12-10,MO,811,2022-49,Region 7,11.4,212895,2026-05-06T19:11:09Z,0,0,0,0,0,0,0,0,0,0,0,0,0,1,0,0,0.9892318966648833,0,0,0,0,0,0,0,0,0,0,0,0,0,1,0,0,0.9673202614379085,0
2022-12-17,MO,842,2022-50,Region 7,14.72,294193.92,2026-05-06T19:11:09Z,0,0,0,0,0,0,0,0,0,0,0,0,0,1,0,0,0.9871729221642029,0,0,0,0,0,0,0,0,0,0,0,0,0,1,0,0,0.9659290382819795,0
2022-12-24,MO,815,2022-51,Region 7,11.01,158136.63,2026-05-06T19:11:09Z,0,0,0,0,0,0,0,0,0,0,0,0,0,1,0,0,0.9830234819931241,0,0,0,0,0,0,0,0,0,0,0,0,0,1,0,0,0.9477310924369747,0
2022-12-31,MO,936,2022-52,Region 7,10.86,138866.82,2026-05-06T19:11:09Z,0,0,0,0,0,0,0,0,0,0,0,0,0,1,0,0,0.9864368019967219,0,0,0,0,0,0,0,0,0,0,0,0,0,1,0,0,0.9575350140056023,0
2023-01-07,MO,813,2023-01,Region 7,11.02,121804.06,2026-05-06T19:11:09Z,0,0,0,0,0,0,0,0,0,0,0,0,0,1,0,0,0.9907929135724808,0,0,0,0,0,0,0,0,0,0,0,0,0,1,0,0,0.9468067226890756,0
2023-01-14,MO,726,2023-02,Region 7,9.49,97424.34,2026-05-06T19:11:09Z,0,0,0,0,0,0,0,0,0,0,0,0,0,1,0,0,0.9531038004654627,0,0,0,0,0,0,0,0,0,0,0,0,0,1,0,0,0.9495798319327732,0
2023-01-21,MO,555,2023-03,Region 7,9.71,90380.68000000001,2026-05-06T19:11:09Z,0,0,0,0,0,0,0,0,0,0,0,0,0,1,0,0,0.9471548083232716,0,0,0,0,0,0,0,0,0,0,0,0,0,1,0,0,0.9650140056022408,0
2023-01-28,MO,456,2023-04,Region 7,9.58,87245.06,2026-05-06T19:11:09Z,0,0,0,0,0,0,0,0,0,0,0,0,0,1,0,0,0.9407983504722617,0,0,0,0,0,0,0,0,0,0,0,0,0,1,0,0,0.9701120448179271,0
2023-02-04,MO,487,2023-05,Region 7,9.02,73909.87999999999,2026-05-06T19:11:09Z,0,0,0,0,0,0,0,0,0,0,0,0,0,1,0,0,0.9062691273949259,0,0,0,0,0,0,0,0,0,0,0,0,0,1,0,0,0.963109243697479,0
2023-02-11,MO,452,2023-06,Region 7,10.47,85571.31000000001,2026-05-06T19:11:09Z,0,0,0,0,0,0,0,0,0,0,0,0,0,1,0,0,0.9252623334546888,0,0,0,0,0,0,0,0,0,0,0,0,0,1,0,0,0.9729131652661064,0
2023-02-18,MO,478,2023-07,Region 7,11.01,86967.99,2026-05-06T19:11:09Z,0,0,0,0,0,0,0,0,0,0,0,0,0,1,0,0,0.9817251975284559,0,0,0,0,0,0,0,0,0,0,0,0,0,1,0,0,0.9869187675070027,0
2023-02-25,MO,472,2023-08,Region 7,11.01,87210.20999999999,2026-05-06T19:11:09Z,0,0,0,0,0,0,0,0,0,0,0,0,0,1,0,0,0.9871182724107942,0,0,0,0,0,0,0,0,0,0,0,0,0,1,0,0,0.969187675070028,0
2023-03-04,MO,466,2023-09,Region 7,11.21,86911.13,2026-05-06T19:11:09Z,0,0,0,0,0,0,0,0,0,0,0,0,0,1,0,0,0.9906787548918474,0,0,0,0,0,0,0,0,0,0,0,0,0,1,0,0,0.9738655462184874,0
2023-03-11,MO,448,2023-10,Region 7,11.81,86425.58,2026-05-06T19:11:09Z,0,0,0,0,0,0,0,0,0,0,0,0,0,1,0,0,0.9969745866485579,0,0,0,0,0,0,0,0,0,0,0,0,0,1,0,0,0.9883473389355742,0
2023-03-18,MO,429,2023-11,Region 7,11.73,86825.46,2026-05-06T19:11:09Z,0,0,0,0,0,0,0,0,0,0,0,0,0,1,0,0,0.9994788665575082,0,0,0,0,0,0,0,0,0,0,0,0,0,1,0,0,0.9976750700280113,0
2023-03-25,MO,383,2023-12,Region 7,10.46,74067.26000000001,2026-05-06T19:11:09Z,0,0,0,0,0,0,0,0,0,0,0,0,0,1,0,0,1,0,0,0,0,0,0,0,0,0,0,0,0,0,1,0,0,1,0
2023-04-01,MO,358,2023-13,Region 7,9.76,64972.32,2026-05-06T19:11:09Z,0,0,0,0,0,0,0,0,0,0,0,0,0,1,0,0,0.9981438570081396,0,0,0,0,0,0,0,0,0,0,0,0,0,1,0,0,0.9841456582633054,0
2023-04-08,MO,347,2023-14,Region 7,9.67,58687.23,2026-05-06T19:11:09Z,0,0,0,0,0,0,0,0,0,0,0,0,0,1,0,0,0.9976033649414595,0,0,0,0,0,0,0,0,0,0,0,0,0,1,0,0,0.9813445378151261,0
2023-04-15,MO,284,2023-15,Region 7,7.31,41513.49,2026-05-06T19:11:09Z,0,0,0,0,0,0,0,0,0,0,0,0,0,1,0,0,0.9948862062265796,0,0,0,0,0,0,0,0,0,0,0,0,0,1,0,0,0.9720354808590104,0
2023-04-22,MO,259,2023-16,Region 7,5.99,30884.440000000002,2026-05-06T19:11:09Z,0,0,0,0,0,0,0,0,0,0,0,0,0,1,0,0,0.9939659615812534,0,0,0,0,0,0,0,0,0,0,0,0,0,1,0,0,0.967796451914099,0
2023-04-29,MO,197,2023-17,Region 7,5.77,27805.629999999997,2026-05-06T19:11:09Z,0,0,0,0,0,0,0,0,0,0,0,0,0,1,0,0,0.9896206124036353,0,0,0,0,0,0,0,0,0,0,0,0,0,1,0,0,0.9421288515406162,0
2023-05-06,MO,194,2023-18,Region 7,5.98,27890.72,2026-05-06T19:11:09Z,0,0,0,0,0,0,0,0,0,0,0,0,0,1,0,0,0.9879874030216479,0,0,0,0,0,0,0,0,0,0,0,0,0,1,0,0,0.9430812324929972,0
2023-05-13,MO,175,2023-19,Region 7,5.12,21990.4,2026-05-06T19:11:09Z,0,0,0,0,0,0,0,0,0,0,0,0,0,1,0,0,0.9905292083939679,0,0,0,0,0,0,0,0,0,0,0,0,0,1,0,0,0.96406162464986,0
2023-05-20,MO,131,2023-20,Region 7,3.92,15487.92,2026-05-06T19:11:09Z,0,0,0,0,0,0,0,0,0,0,0,0,0,1,0,0,0.9566642036743461,0,0,0,0,0,0,0,0,0,0,0,0,0,1,0,0,0.942156862745098,0
2023-05-27,MO,110,2023-21,Region 7,3.25,11202.75,2026-05-06T19:11:09Z,0,0,0,0,0,0,0,0,0,0,0,0,0,1,0,0,0.9341860624121503,0,0,0,0,0,0,0,0,0,0,0,0,0,1,0,0,0.8786274509803921,0
2023-06-03,MO,113,2023-22,Region 7,3.59,11502.359999999999,2026-05-06T19:11:09Z,0,0,0,0,0,0,0,0,0,0,0,0,0,1,0,0,0.9575629798246473,0,0,0,0,0,0,0,0,0,0,0,0,0,1,0,0,0.832436974789916,0
2023-06-10,MO,95,2023-23,Region 7,3.99,11395.44,2026-05-06T19:11:09Z,0,0,0,0,0,0,0,0,0,0,0,0,0,1,0,0,0.9541173334409513,0,0,0,0,0,0,0,0,0,0,0,0,0,1,0,0,0.7684873949579831,0
2023-06-17,MO,76,2023-24,Region 7,3.31,8788.05,2026-05-06T19:11:09Z,0,0,0,0,0,0,0,0,0,0,0,0,0,1,0,0,0.9493928166172124,0,0,0,0,0,0,0,0,0,0,0,0,0,1,0,0,0.7418207282913165,0
2023-06-24,MO,86,2023-25,Region 7,4.38,10888.68,2026-05-06T19:11:09Z,0,0,0,0,0,0,0,0,0,0,0,0,0,1,0,0,0.894717610235947,0,0,0,0,0,0,0,0,0,0,0,0,0,1,0,0,0.7764145658263305,0
2023-07-08,MO,109,2023-27,Region 7,5.33,12701.39,2026-05-06T19:11:09Z,0,0,0,0,0,0,0,0,0,0,0,0,0,1,0,0,0.9533639618176586,0,0,0,0,0,0,0,0,0,0,0,0,0,1,0,0,0.8852380952380952,0
2023-07-15,MO,98,2023-28,Region 7,5.64,13891.32,2026-05-06T19:11:09Z,0,0,0,0,0,0,0,0,0,0,0,0,0,1,0,0,0.9978792640714069,0,0,0,0,0,0,0,0,0,0,0,0,0,1,0,0,0.9799719887955182,0
2023-07-22,MO,98,2023-29,Region 7,5.85,14098.5,2026-05-06T19:11:09Z,0,0,0,0,0,0,0,0,0,0,0,0,0,1,0,0,0.9928476234406183,0,0,0,0,0,0,0,0,0,0,0,0,0,1,0,0,0.9505602240896358,0
2023-07-29,MO,116,2023-30,Region 7,8.78,22810.44,2026-05-06T19:11:09Z,0,0,0,0,0,0,0,0,0,0,0,0,0,1,0,0,0.9258877701553884,0,0,0,0,0,0,0,0,0,0,0,0,0,1,0,0,0.9103921568627452,0
2023-08-05,MO,123,2023-31,Region 7,10.31,30589.77,2026-05-06T19:11:09Z,0,0,0,0,0,0,0,0,0,0,0,0,0,1,0,0,0.9106620915214314,0,0,0,0,0,0,0,0,0,0,0,0,0,1,0,0,0.8851820728291316,0
2023-08-12,MO,175,2023-32,Region 7,13.34,43408.36,2026-05-06T19:11:09Z,0,0,0,0,0,0,0,0,0,0,0,0,0,1,0,0,0.9677105337084408,0,0,0,0,0,0,0,0,0,0,0,0,0,1,0,0,0.917843137254902,0
2023-08-19,MO,241,2023-33,Region 7,13.88,52008.36,2026-05-06T19:11:09Z,0,0,0,0,0,0,0,0,0,0,0,0,0,1,0,0,0.9882050560240294,0,0,0,0,0,0,0,0,0,0,0,0,0,1,0,0,0.9436134453781513,0
2023-08-26,MO,278,2023-34,Region 7,16.68,72207.72,2026-05-06T19:11:09Z,0,0,0,0,0,0,0,0,0,0,0,0,0,1,0,0,0.9914605829720406,0,0,0,0,0,0,0,0,0,0,0,0,0,1,0,0,0.9612885154061626,0
2023-09-02,MO,341,2023-35,Region 7,15.95,91600.84999999999,2026-05-06T19:11:09Z,0,0,0,0,0,0,0,0,0,0,0,0,0,1,0,0,0.9980565905102834,0,0,0,0,0,0,0,0,0,0,0,0,0,1,0,0,0.9921008403361344,0
2023-09-09,MO,404,2023-36,Region 7,17.14,110518.72,2026-05-06T19:11:09Z,0,0,0,0,0,0,0,0,0,0,0,0,0,1,0,0,0.998770380548303,0,0,0,0,0,0,0,0,0,0,0,0,0,1,0,0,0.9915966386554622,0
2023-09-16,MO,442,2023-37,Region 7,15.19,103367.95,2026-05-06T19:11:09Z,0,0,0,0,0,0,0,0,0,0,0,0,0,1,0,0,0.9986351224086164,0,0,0,0,0,0,0,0,0,0,0,0,0,1,0,0,0.990672268907563,0
2023-09-23,MO,406,2023-38,Region 7,15.11,94996.56999999999,2026-05-06T19:11:09Z,0,0,0,0,0,0,0,0,0,0,0,0,0,1,0,0,0.9997294837206268,0,0,0,0,0,0,0,0,0,0,0,0,0,1,0,0,0.9981512605042017,0
2023-09-30,MO,409,2023-39,Region 7,12.86,66704.81999999999,2026-05-06T19:11:09Z,0,0,0,0,0,0,0,0,0,0,0,0,0,1,0,0,1,0,0,0,0,0,0,0,0,0,0,0,0,0,1,0,0,1,0
2023-10-07,MO,277,2023-40,Region 7,10.68,60299.28,2026-05-06T19:11:09Z,0,0,0,0,0,0,0,0,0,0,0,0,0,1,0,0,1,0,0,0,0,0,0,0,0,0,0,0,0,0,1,0,0,1,0
2023-10-14,MO,320,2023-41,Region 7,10.25,58179,2026-05-06T19:11:09Z,0,0,0,0,0,0,0,0,0,0,0,0,0,1,0,0,0.9983614239822006,0,0,0,0,0,0,0,0,0,0,0,0,0,1,0,0,0.9920728291316527,0
2023-10-21,MO,304,2023-42,Region 7,11.2,64971.2,2026-05-06T19:11:09Z,0,0,0,0,0,0,0,0,0,0,0,0,0,1,0,0,0.998071922918985,0,0,0,0,0,0,0,0,0,0,0,0,0,1,0,0,0.990672268907563,0
2023-10-28,MO,353,2023-43,Region 7,11.47,67718.88,2026-05-06T19:11:09Z,0,0,0,0,0,0,0,0,0,0,0,0,0,1,0,0,0.9990987902841687,0,0,0,0,0,0,0,0,0,0,0,0,0,1,0,0,0.9897478991596639,0
2023-11-04,MO,323,2023-44,Region 7,10.52,56808,2026-05-06T19:11:09Z,0,0,0,0,0,0,0,0,0,0,0,0,0,1,0,0,0.9982456978745735,0,0,0,0,0,0,0,0,0,0,0,0,0,1,0,0,0.9841456582633054,0
2023-11-11,MO,364,2023-45,Region 7,13.42,89471.14,2026-05-06T19:11:09Z,0,0,0,0,0,0,0,0,0,0,0,0,0,1,0,0,0.998076794103736,0,0,0,0,0,0,0,0,0,0,0,0,0,1,0,0,0.9883473389355742,0
2023-11-18,MO,466,2023-46,Region 7,14.78,99868.45999999999,2026-05-06T19:11:09Z,0,0,0,0,0,0,0,0,0,0,0,0,0,1,0,0,0.9975957561643909,0,0,0,0,0,0,0,0,0,0,0,0,0,1,0,0,0.9817927170868347,0
2023-11-25,MO,506,2023-47,Region 7,16.67,115923.18000000001,2026-05-06T19:11:09Z,0,0,0,0,0,0,0,0,0,0,0,0,0,1,0,0,0.9395293784804951,0,0,0,0,0,0,0,0,0,0,0,0,0,1,0,0,0.9666208791208791,0
2023-12-02,MO,659,2023-48,Region 7,18,167022,2026-05-06T19:11:09Z,0,0,0,0,0,0,0,0,0,0,0,0,0,1,0,0,0.9305871818390925,0,0,0,0,0,0,0,0,0,0,0,0,0,1,0,0,0.9757692307692308,0
2023-12-09,MO,668,2023-49,Region 7,17.31,194685.56999999998,2026-05-06T19:11:09Z,0,0,0,0,0,0,0,0,0,0,0,0,0,1,0,0,0.9823138548807411,0,0,0,0,0,0,0,0,0,0,0,0,0,1,0,0,0.9862912087912088,0
2023-12-16,MO,682,2023-50,Region 7,18.49,225799.87999999998,2026-05-06T19:11:09Z,0,0,0,0,0,0,0,0,0,0,0,0,0,1,0,0,0.9646113395571819,0,0,0,0,0,0,0,0,0,0,0,0,0,1,0,0,0.9753021978021978,0
2023-12-23,MO,750,2023-51,Region 7,18.09,238353.84,2026-05-06T19:11:09Z,0,0,0,0,0,0,0,0,0,0,0,0,0,1,0,0,0.9541343783211282,0,0,0,0,0,0,0,0,0,0,0,0,0,1,0,0,0.989478021978022,0
2023-12-30,MO,753,2023-52,Region 7,17.65,214853.44999999998,2026-05-06T19:11:09Z,0,0,0,0,0,0,0,0,0,0,0,0,0,1,0,0,0.9885902580944242,0,0,0,0,0,0,0,0,0,0,0,0,0,1,0,0,0.9977197802197801,0
2024-01-06,MO,823,2024-01,Region 7,15.01,163894.19,2026-05-06T19:11:09Z,0,0,0,0,0,0,0,0,0,0,0,0,0,1,0,0,1,0,0,0,0,0,0,0,0,0,0,0,0,0,1,0,0,1,0
2024-01-13,MO,729,2024-02,Region 7,13.38,122319.96,2026-05-06T19:11:09Z,0,0,0,0,0,0,0,0,0,0,0,0,0,1,0,0,0.9982314871602361,0,0,0,0,0,0,0,0,0,0,0,0,0,1,0,0,0.9922252747252748,0
2024-01-20,MO,517,2024-03,Region 7,10.69,88609.40999999999,2026-05-06T19:11:09Z,0,0,0,0,0,0,0,0,0,0,0,0,0,1,0,0,0.9458874484685093,0,0,0,0,0,0,0,0,0,0,0,0,0,1,0,0,0.9821703296703297,0
2024-01-27,MO,463,2024-04,Region 7,9.13,78234.97,2026-05-06T19:11:09Z,0,0,0,0,0,0,0,0,0,0,0,0,0,1,0,0,0.9446505716526268,0,0,0,0,0,0,0,0,0,0,0,0,0,1,0,0,0.9885714285714287,0
2024-02-03,MO,408,2024-05,Region 7,8.81,82479.22,2026-05-06T19:11:09Z,0,0,0,0,0,0,0,0,0,0,0,0,0,1,0,0,0.9945663222798629,0,0,0,0,0,0,0,0,0,0,0,0,0,1,0,0,0.9990934065934066,0
2024-02-10,MO,412,2024-06,Region 7,8.55,86449.05,2026-05-06T19:11:09Z,0,0,0,0,0,0,0,0,0,0,0,0,0,1,0,0,1,0,0,0,0,0,0,0,0,0,0,0,0,0,1,0,0,1,0
2024-02-17,MO,391,2024-07,Region 7,8.11,80929.68999999999,2026-05-06T19:11:09Z,0,0,0,0,0,0,0,0,0,0,0,0,0,1,0,0,1,0,0,0,0,0,0,0,0,0,0,0,0,0,1,0,0,1,0
2024-02-24,MO,400,2024-08,Region 7,6.8,73270,2026-05-06T19:11:09Z,0,0,0,0,0,0,0,0,0,0,0,0,0,1,0,0,0.972506646010661,0,0,0,0,0,0,0,0,0,0,0,0,0,1,0,0,0.9945054945054944,0
2024-03-02,MO,376,2024-09,Region 7,5.8,55558.2,2026-05-06T19:11:09Z,0,0,0,0,0,0,0,0,0,0,0,0,0,1,0,0,0.9542235656077505,0,0,0,0,0,0,0,0,0,0,0,0,0,1,0,0,0.9908516483516483,0
2024-03-09,MO,326,2024-10,Region 7,4.93,46130.009999999995,2026-05-06T19:11:09Z,0,0,0,0,0,0,0,0,0,0,0,0,0,1,0,0,0.9795174512779425,0,0,0,0,0,0,0,0,0,0,0,0,0,1,0,0,0.9959065934065934,0
2024-03-16,MO,243,2024-11,Region 7,4.4,36977.600000000006,2026-05-06T19:11:09Z,0,0,0,0,0,0,0,0,0,0,0,0,0,1,0,0,0.9994925357705126,0,0,0,0,0,0,0,0,0,0,0,0,0,1,0,0,0.9922252747252748,0
2024-03-23,MO,217,2024-12,Region 7,3.81,27721.56,2026-05-06T19:11:09Z,0,0,0,0,0,0,0,0,0,0,0,0,0,1,0,0,0.9988304581285752,0,0,0,0,0,0,0,0,0,0,0,0,0,1,0,0,0.9830769230769231,0
2024-03-30,MO,147,2024-13,Region 7,3.41,22570.79,2026-05-06T19:11:09Z,0,0,0,0,0,0,0,0,0,0,0,0,0,0.8357142857142857,0,0,0.998603171534879,0,0,0,0,0,0,0,0,0,0,0,0,0,0.8357142857142857,0,0,0.9807692307692308,0
2024-04-06,MO,136,2024-14,Region 7,3.33,22297.68,2026-05-06T19:11:09Z,0,0,0,0,0,0,0,0,0,0,0,0,0,0.6,0,0,0.9727936363089043,0,0,0,0,0,0,0,0,0,0,0,0,0,0.6,0,0,0.9743681318681319,0
2024-04-13,MO,128,2024-15,Region 7,3.07,19199.78,2026-05-06T19:11:09Z,0,0,0,0,0,0,0,0,0,0,0,0,0,0.5,0,0,0.9409721364929945,0,0,0,0,0,0,0,0,0,0,0,0,0,0.5,0,0,0.9546978021978022,0
2024-04-20,MO,107,2024-16,Region 7,2.64,12405.36,2026-05-06T19:11:09Z,0,0,0,0,0,0,0,0,0,0,0,0,0,0.5642857142857143,0,0,0.9678001811181077,0,0,0,0,0,0,0,0,0,0,0,0,0,0.5642857142857143,0,0,0.9395879120879121,0
2024-04-27,MO,109,2024-17,Region 7,2.63,13594.47,2026-05-06T19:11:09Z,0,0,0,0,0,0,0,0,0,0,0,0,0,0.5,0,0,0.989070504399271,0,0,0,0,0,0,0,0,0,0,0,0,0,0.5,0,0,0.9203571428571429,0
2022-10-01,MP,0,2022-39,Region 9,6.08,96860.48,2026-05-06T19:11:09Z,0,0,0,0,0,0,0,0,0,0,0,0,0,0,0,0,0,0,0,0,0,0,0,0,0,0,0,0,0,0,0,0,0,0,0
2022-10-08,MP,0,2022-40,Region 9,5.25,75379.5,2026-05-06T19:11:09Z,0,0,0,0,0,0,0,0,0,0,0,0,0,0,0,0,0,0,0,0,0,0,0,0,0,0,0,0,0,0,0,0,0,0,0
2022-10-15,MP,0,2022-41,Region 9,5.88,82860.95999999999,2026-05-06T19:11:09Z,0,0,0,0,0,0,0,0,0,0,0,0,0,0,0,0,0,0,0,0,0,0,0,0,0,0,0,0,0,0,0,0,0,0,0
2022-10-22,MP,0,2022-42,Region 9,6.06,89603.15999999999,2026-05-06T19:11:09Z,0,0,0,0,0,0,0,0,0,0,0,0,0,0,0,0,0,0,0,0,0,0,0,0,0,0,0,0,0,0,0,0,0,0,0
2022-10-29,MP,0,2022-43,Region 9,6.57,95652.63,2026-05-06T19:11:09Z,0,0,0,0,0,0,0,0,0,0,0,0,0,0,0,0,0,0,0,0,0,0,0,0,0,0,0,0,0,0,0,0,0,0,0
2022-11-05,MP,0,2022-44,Region 9,7.23,110055.06000000001,2026-05-06T19:11:09Z,0,0,0,0,0,0,0,0,0,0,0,0,0,0,0,0,0,0,0,0,0,0,0,0,0,0,0,0,0,0,0,0,0,0,0
2022-11-12,MP,0,2022-45,Region 9,7.34,105013.38,2026-05-06T19:11:09Z,0,0,0,0,0,0,0,0,0,0,0,0,0,0,0,0,0,0,0,0,0,0,0,0,0,0,0,0,0,0,0,0,0,0,0
2022-11-19,MP,0,2022-46,Region 9,7.6,127718,2026-05-06T19:11:09Z,0,0,0,0,0,0,0,0,0,0,0,0,0,0,0,0,0,0,0,0,0,0,0,0,0,0,0,0,0,0,0,0,0,0,0
2022-11-26,MP,0,2022-47,Region 9,8.87,118245.96999999999,2026-05-06T19:11:09Z,0,0,0,0,0,0,0,0,0,0,0,0,0,0,0,0,0,0,0,0,0,0,0,0,0,0,0,0,0,0,0,0,0,0,0
2022-12-03,MP,0,2022-48,Region 9,10.19,188790.13,2026-05-06T19:11:09Z,0,0,0,0,0,0,0,0,0,0,0,0,0,0,0,0,0,0,0,0,0,0,0,0,0,0,0,0,0,0,0,0,0,0,0
2022-12-10,MP,0,2022-49,Region 9,9.84,164977.44,2026-05-06T19:11:09Z,0,0,0,0,0,0,0,0,0,0,0,0,0,0,0,0,0,0,0,0,0,0,0,0,0,0,0,0,0,0,0,0,0,0,0
2022-12-17,MP,0,2022-50,Region 9,8.86,142761.18,2026-05-06T19:11:09Z,0,0,0,0,0,0,0,0,0,0,0,0,0,0,0,0,0,0,0,0,0,0,0,0,0,0,0,0,0,0,0,0,0,0,0
2022-12-24,MP,0,2022-51,Region 9,8.76,120344.87999999999,2026-05-06T19:11:09Z,0,0,0,0,0,0,0,0,0,0,0,0,0,0,0,0,0,0,0,0,0,0,0,0,0,0,0,0,0,0,0,0,0,0,0
2022-12-31,MP,0,2022-52,Region 9,9.78,115648.49999999999,2026-05-06T19:11:09Z,0,0,0,0,0,0,0,0,0,0,0,0,0,0,0,0,0,0,0,0,0,0,0,0,0,0,0,0,0,0,0,0,0,0,0
2023-01-07,MP,0,2023-01,Region 9,9.1,124378.79999999999,2026-05-06T19:11:09Z,0,0,0,0,0,0,0,0,0,0,0,0,0,0,0,0,0,0,0,0,0,0,0,0,0,0,0,0,0,0,0,0,0,0,0
2023-01-14,MP,0,2023-02,Region 9,7.09,87752.93,2026-05-06T19:11:09Z,0,0,0,0,0,0,0,0,0,0,0,0,0,0,0,0,0,0,0,0,0,0,0,0,0,0,0,0,0,0,0,0,0,0,0
2023-01-21,MP,0,2023-03,Region 9,6.08,69743.68000000001,2026-05-06T19:11:09Z,0,0,0,0,0,0,0,0,0,0,0,0,0,0,0,0,0,0,0,0,0,0,0,0,0,0,0,0,0,0,0,0,0,0,0
2023-01-28,MP,0,2023-04,Region 9,5.85,64548.899999999994,2026-05-06T19:11:09Z,0,0,0,0,0,0,0,0,0,0,0,0,0,0,0,0,0,0,0,0,0,0,0,0,0,0,0,0,0,0,0,0,0,0,0
2023-02-04,MP,0,2023-05,Region 9,6.37,69114.5,2026-05-06T19:11:09Z,0,0,0,0,0,0,0,0,0,0,0,0,0,0,0,0,0,0,0,0,0,0,0,0,0,0,0,0,0,0,0,0,0,0,0
2023-02-11,MP,0,2023-06,Region 9,6.61,71460.71,2026-05-06T19:11:09Z,0,0,0,0,0,0,0,0,0,0,0,0,0,0,0,0,0,0,0,0,0,0,0,0,0,0,0,0,0,0,0,0,0,0,0
2023-02-18,MP,0,2023-07,Region 9,7.13,65417.75,2026-05-06T19:11:09Z,0,0,0,0,0,0,0,0,0,0,0,0,0,0,0,0,0,0,0,0,0,0,0,0,0,0,0,0,0,0,0,0,0,0,0
2023-02-25,MP,0,2023-08,Region 9,6.55,61720.65,2026-05-06T19:11:09Z,0,0,0,0,0,0,0,0,0,0,0,0,0,0,0,0,0,0,0,0,0,0,0,0,0,0,0,0,0,0,0,0,0,0,0
2023-03-04,MP,0,2023-09,Region 9,7.35,62533.799999999996,2026-05-06T19:11:09Z,0,0,0,0,0,0,0,0,0,0,0,0,0,0,0,0,0,0,0,0,0,0,0,0,0,0,0,0,0,0,0,0,0,0,0
2023-03-11,MP,0,2023-10,Region 9,6.27,58085.28,2026-05-06T19:11:09Z,0,0,0,0,0,0,0,0,0,0,0,0,0,0,0,0,0,0,0,0,0,0,0,0,0,0,0,0,0,0,0,0,0,0,0
2023-03-18,MP,0,2023-11,Region 9,7.39,65519.74,2026-05-06T19:11:09Z,0,0,0,0,0,0,0,0,0,0,0,0,0,0,0,0,0,0,0,0,0,0,0,0,0,0,0,0,0,0,0,0,0,0,0
2023-03-25,MP,0,2023-12,Region 9,6.92,59366.68,2026-05-06T19:11:09Z,0,0,0,0,0,0,0,0,0,0,0,0,0,0,0,0,0,0,0,0,0,0,0,0,0,0,0,0,0,0,0,0,0,0,0
2023-04-01,MP,0,2023-13,Region 9,7.22,57788.88,2026-05-06T19:11:09Z,0,0,0,0,0,0,0,0,0,0,0,0,0,0,0,0,0,0,0,0,0,0,0,0,0,0,0,0,0,0,0,0,0,0,0
2023-04-08,MP,0,2023-14,Region 9,7.72,64392.52,2026-05-06T19:11:09Z,0,0,0,0,0,0,0,0,0,0,0,0,0,0,0,0,0,0,0,0,0,0,0,0,0,0,0,0,0,0,0,0,0,0,0
2023-04-15,MP,0,2023-15,Region 9,6.97,57788.27,2026-05-06T19:11:09Z,0,0,0,0,0,0,0,0,0,0,0,0,0,0,0,0,0,0,0,0,0,0,0,0,0,0,0,0,0,0,0,0,0,0,0
2023-04-22,MP,0,2023-16,Region 9,6.46,51027.54,2026-05-06T19:11:09Z,0,0,0,0,0,0,0,0,0,0,0,0,0,0,0,0,0,0,0,0,0,0,0,0,0,0,0,0,0,0,0,0,0,0,0
2023-04-29,MP,0,2023-17,Region 9,6.03,47612.880000000005,2026-05-06T19:11:09Z,0,0,0,0,0,0,0,0,0,0,0,0,0,0,0,0,0,0,0,0,0,0,0,0,0,0,0,0,0,0,0,0,0,0,0
2023-05-06,MP,0,2023-18,Region 9,6.11,48097.920000000006,2026-05-06T19:11:09Z,0,0,0,0,0,0,0,0,0,0,0,0,0,0,0,0,0,0,0,0,0,0,0,0,0,0,0,0,0,0,0,0,0,0,0
2023-05-13,MP,0,2023-19,Region 9,6.22,50388.22,2026-05-06T19:11:09Z,0,0,0,0,0,0,0,0,0,0,0,0,0,0,0,0,0,0,0,0,0,0,0,0,0,0,0,0,0,0,0,0,0,0,0
2023-05-20,MP,0,2023-20,Region 9,6.9,47085.600000000006,2026-05-06T19:11:09Z,0,0,0,0,0,0,0,0,0,0,0,0,0,0,0,0,0,0,0,0,0,0,0,0,0,0,0,0,0,0,0,0,0,0,0
2023-05-27,MP,0,2023-21,Region 9,6.23,39024.72,2026-05-06T19:11:09Z,0,0,0,0,0,0,0,0,0,0,0,0,0,0,0,0,0,0,0,0,0,0,0,0,0,0,0,0,0,0,0,0,0,0,0
2023-06-03,MP,0,2023-22,Region 9,5.51,34889.32,2026-05-06T19:11:09Z,0,0,0,0,0,0,0,0,0,0,0,0,0,0,0,0,0,0,0,0,0,0,0,0,0,0,0,0,0,0,0,0,0,0,0
2023-06-10,MP,0,2023-23,Region 9,5.26,33474.64,2026-05-06T19:11:09Z,0,0,0,0,0,0,0,0,0,0,0,0,0,0,0,0,0,0,0,0,0,0,0,0,0,0,0,0,0,0,0,0,0,0,0
2023-06-17,MP,0,2023-24,Region 9,6.08,36279.36,2026-05-06T19:11:09Z,0,0,0,0,0,0,0,0,0,0,0,0,0,0,0,0,0,0,0,0,0,0,0,0,0,0,0,0,0,0,0,0,0,0,0
2023-06-24,MP,0,2023-25,Region 9,5.51,32597.16,2026-05-06T19:11:09Z,0,0,0,0,0,0,0,0,0,0,0,0,0,0,0,0,0,0,0,0,0,0,0,0,0,0,0,0,0,0,0,0,0,0,0
2023-07-01,MP,0,2023-26,Region 9,6.32,37597.68,2026-05-06T19:11:09Z,0,0,0,0,0,0,0,0,0,0,0,0,0,0,0,0,0,0,0,0,0,0,0,0,0,0,0,0,0,0,0,0,0,0,0
2023-07-08,MP,0,2023-27,Region 9,9,44802,2026-05-06T19:11:09Z,0,0,0,0,0,0,0,0,0,0,0,0,0,0,0,0,0,0,0,0,0,0,0,0,0,0,0,0,0,0,0,0,0,0,0
2023-07-15,MP,0,2023-28,Region 9,9.5,49780,2026-05-06T19:11:09Z,0,0,0,0,0,0,0,0,0,0,0,0,0,0,0,0,0,0,0,0,0,0,0,0,0,0,0,0,0,0,0,0,0,0,0
2023-07-22,MP,0,2023-29,Region 9,9.64,54726.280000000006,2026-05-06T19:11:09Z,0,0,0,0,0,0,0,0,0,0,0,0,0,0,0,0,0,0,0,0,0,0,0,0,0,0,0,0,0,0,0,0,0,0,0
2023-07-29,MP,0,2023-30,Region 9,10.51,62429.4,2026-05-06T19:11:09Z,0,0,0,0,0,0,0,0,0,0,0,0,0,0,0,0,0,0,0,0,0,0,0,0,0,0,0,0,0,0,0,0,0,0,0
2023-08-05,MP,0,2023-31,Region 9,12.32,63386.4,2026-05-06T19:11:09Z,0,0,0,0,0,0,0,0,0,0,0,0,0,0,0,0,0,0,0,0,0,0,0,0,0,0,0,0,0,0,0,0,0,0,0
2023-08-12,MP,0,2023-32,Region 9,16.28,82979.16,2026-05-06T19:11:09Z,0,0,0,0,0,0,0,0,0,0,0,0,0,0,0,0,0,0,0,0,0,0,0,0,0,0,0,0,0,0,0,0,0,0,0
2023-08-19,MP,0,2023-33,Region 9,15.98,92476.26000000001,2026-05-06T19:11:09Z,0,0,0,0,0,0,0,0,0,0,0,0,0,0,0,0,0,0,0,0,0,0,0,0,0,0,0,0,0,0,0,0,0,0,0
2023-08-26,MP,0,2023-34,Region 9,16.22,103402.5,2026-05-06T19:11:09Z,0,0,0,0,0,0,0,0,0,0,0,0,0,0,0,0,0,0,0,0,0,0,0,0,0,0,0,0,0,0,0,0,0,0,0
2023-09-02,MP,0,2023-35,Region 9,15.37,101626.43999999999,2026-05-06T19:11:09Z,0,0,0,0,0,0,0,0,0,0,0,0,0,0,0,0,0,0,0,0,0,0,0,0,0,0,0,0,0,0,0,0,0,0,0
2023-09-09,MP,0,2023-36,Region 9,14.71,92025.76000000001,2026-05-06T19:11:09Z,0,0,0,0,0,0,0,0,0,0,0,0,0,0,0,0,0,0,0,0,0,0,0,0,0,0,0,0,0,0,0,0,0,0,0
2023-09-16,MP,0,2023-37,Region 9,12.72,84028.32,2026-05-06T19:11:09Z,0,0,0,0,0,0,0,0,0,0,0,0,0,0,0,0,0,0,0,0,0,0,0,0,0,0,0,0,0,0,0,0,0,0,0
2023-09-23,MP,0,2023-38,Region 9,12.95,83320.29999999999,2026-05-06T19:11:09Z,0,0,0,0,0,0,0,0,0,0,0,0,0,0,0,0,0,0,0,0,0,0,0,0,0,0,0,0,0,0,0,0,0,0,0
2023-09-30,MP,0,2023-39,Region 9,12.06,75326.76000000001,2026-05-06T19:11:09Z,0,0,0,0,0,0,0,0,0,0,0,0,0,0,0,0,0,0,0,0,0,0,0,0,0,0,0,0,0,0,0,0,0,0,0
2023-10-07,MP,0,2023-40,Region 9,11.38,70271.5,2026-05-06T19:11:09Z,0,0,0,0,0,0,0,0,0,0,0,0,0,0,0,0,0,0,0,0,0,0,0,0,0,0,0,0,0,0,0,0,0,0,0
2023-10-14,MP,0,2023-41,Region 9,10.94,66011.95999999999,2026-05-06T19:11:09Z,0,0,0,0,0,0,0,0,0,0,0,0,0,0,0,0,0,0,0,0,0,0,0,0,0,0,0,0,0,0,0,0,0,0,0
2023-10-21,MP,0,2023-42,Region 9,10.97,67476.47,2026-05-06T19:11:09Z,0,0,0,0,0,0,0,0,0,0,0,0,0,0,0,0,0,0,0,0,0,0,0,0,0,0,0,0,0,0,0,0,0,0,0
2023-10-28,MP,0,2023-43,Region 9,10.46,65197.18000000001,2026-05-06T19:11:09Z,0,0,0,0,0,0,0,0,0,0,0,0,0,0,0,0,0,0,0,0,0,0,0,0,0,0,0,0,0,0,0,0,0,0,0
2023-11-04,MP,0,2023-44,Region 9,11.23,69277.87000000001,2026-05-06T19:11:09Z,0,0,0,0,0,0,0,0,0,0,0,0,0,0,0,0,0,0,0,0,0,0,0,0,0,0,0,0,0,0,0,0,0,0,0
2023-11-11,MP,0,2023-45,Region 9,9.95,60774.6,2026-05-06T19:11:09Z,0,0,0,0,0,0,0,0,0,0,0,0,0,0,0,0,0,0,0,0,0,0,0,0,0,0,0,0,0,0,0,0,0,0,0
2023-11-18,MP,0,2023-46,Region 9,9.76,65030.88,2026-05-06T19:11:09Z,0,0,0,0,0,0,0,0,0,0,0,0,0,0,0,0,0,0,0,0,0,0,0,0,0,0,0,0,0,0,0,0,0,0,0
2023-11-25,MP,0,2023-47,Region 9,10,56300,2026-05-06T19:11:09Z,0,0,0,0,0,0,0,0,0,0,0,0,0,0,0,0,0,0,0,0,0,0,0,0,0,0,0,0,0,0,0,0,0,0,0
2023-12-02,MP,0,2023-48,Region 9,11.01,76123.14,2026-05-06T19:11:09Z,0,0,0,0,0,0,0,0,0,0,0,0,0,0,0,0,0,0,0,0,0,0,0,0,0,0,0,0,0,0,0,0,0,0,0
2023-12-09,MP,0,2023-49,Region 9,10.44,76295.51999999999,2026-05-06T19:11:09Z,0,0,0,0,0,0,0,0,0,0,0,0,0,0,0,0,0,0,0,0,0,0,0,0,0,0,0,0,0,0,0,0,0,0,0
2023-12-16,MP,0,2023-50,Region 9,11.53,86774.78,2026-05-06T19:11:09Z,0,0,0,0,0,0,0,0,0,0,0,0,0,0,0,0,0,0,0,0,0,0,0,0,0,0,0,0,0,0,0,0,0,0,0
2023-12-23,MP,0,2023-51,Region 9,12.1,99195.8,2026-05-06T19:11:09Z,0,0,0,0,0,0,0,0,0,0,0,0,0,0,0,0,0,0,0,0,0,0,0,0,0,0,0,0,0,0,0,0,0,0,0
2023-12-30,MP,0,2023-52,Region 9,12.69,98131.76999999999,2026-05-06T19:11:09Z,0,0,0,0,0,0,0,0,0,0,0,0,0,0,0,0,0,0,0,0,0,0,0,0,0,0,0,0,0,0,0,0,0,0,0
2024-01-06,MP,0,2024-01,Region 9,10.39,81364.09000000001,2026-05-06T19:11:09Z,0,0,0,0,0,0,0,0,0,0,0,0,0,0,0,0,0,0,0,0,0,0,0,0,0,0,0,0,0,0,0,0,0,0,0
2024-01-13,MP,0,2024-02,Region 9,12.58,97381.78,2026-05-06T19:11:09Z,0,0,0,0,0,0,0,0,0,0,0,0,0,0,0,0,0,0,0,0,0,0,0,0,0,0,0,0,0,0,0,0,0,0,0
2024-01-20,MP,0,2024-03,Region 9,11.62,81886.14,2026-05-06T19:11:09Z,0,0,0,0,0,0,0,0,0,0,0,0,0,0,0,0,0,0,0,0,0,0,0,0,0,0,0,0,0,0,0,0,0,0,0
2024-01-27,MP,0,2024-04,Region 9,10.52,70967.92,2026-05-06T19:11:09Z,0,0,0,0,0,0,0,0,0,0,0,0,0,0,0,0,0,0,0,0,0,0,0,0,0,0,0,0,0,0,0,0,0,0,0
2024-02-03,MP,0,2024-05,Region 9,9.66,61099.5,2026-05-06T19:11:09Z,0,0,0,0,0,0,0,0,0,0,0,0,0,0,0,0,0,0,0,0,0,0,0,0,0,0,0,0,0,0,0,0,0,0,0
2024-02-10,MP,0,2024-06,Region 9,8.86,54869.979999999996,2026-05-06T19:11:09Z,0,0,0,0,0,0,0,0,0,0,0,0,0,0,0,0,0,0,0,0,0,0,0,0,0,0,0,0,0,0,0,0,0,0,0
2024-02-17,MP,0,2024-07,Region 9,7.25,46313,2026-05-06T19:11:09Z,0,0,0,0,0,0,0,0,0,0,0,0,0,0,0,0,0,0,0,0,0,0,0,0,0,0,0,0,0,0,0,0,0,0,0
2024-02-24,MP,0,2024-08,Region 9,7.27,41991.52,2026-05-06T19:11:09Z,0,0,0,0,0,0,0,0,0,0,0,0,0,0,0,0,0,0,0,0,0,0,0,0,0,0,0,0,0,0,0,0,0,0,0
2024-03-02,MP,0,2024-09,Region 9,7.11,41003.37,2026-05-06T19:11:09Z,0,0,0,0,0,0,0,0,0,0,0,0,0,0,0,0,0,0,0,0,0,0,0,0,0,0,0,0,0,0,0,0,0,0,0
2024-03-09,MP,0,2024-10,Region 9,5.07,25816.440000000002,2026-05-06T19:11:09Z,0,0,0,0,0,0,0,0,0,0,0,0,0,0,0,0,0,0,0,0,0,0,0,0,0,0,0,0,0,0,0,0,0,0,0
2024-03-16,MP,0,2024-11,Region 9,4.51,22793.539999999997,2026-05-06T19:11:09Z,0,0,0,0,0,0,0,0,0,0,0,0,0,0,0,0,0,0,0,0,0,0,0,0,0,0,0,0,0,0,0,0,0,0,0
2024-03-23,MP,0,2024-12,Region 9,4.6,18004.399999999998,2026-05-06T19:11:09Z,0,0,0,0,0,0,0,0,0,0,0,0,0,0,0,0,0,0,0,0,0,0,0,0,0,0,0,0,0,0,0,0,0,0,0
2024-03-30,MP,0,2024-13,Region 9,4.47,17182.68,2026-05-06T19:11:09Z,0,0,0,0,0,0,0,0,0,0,0,0,0,0,0,0,0,0,0,0,0,0,0,0,0,0,0,0,0,0,0,0,0,0,0
2024-04-06,MP,0,2024-14,Region 9,3.71,13189.05,2026-05-06T19:11:09Z,0,0,0,0,0,0,0,0,0,0,0,0,0,0,0,0,0,0,0,0,0,0,0,0,0,0,0,0,0,0,0,0,0,0,0
2024-04-13,MP,0,2024-15,Region 9,3.67,13509.27,2026-05-06T19:11:09Z,0,0,0,0,0,0,0,0,0,0,0,0,0,0,0,0,0,0,0,0,0,0,0,0,0,0,0,0,0,0,0,0,0,0,0
2024-04-20,MP,0,2024-16,Region 9,4.36,16397.960000000003,2026-05-06T19:11:09Z,0,0,0,0,0,0,0,0,0,0,0,0,0,0,0,0,0,0,0,0,0,0,0,0,0,0,0,0,0,0,0,0,0,0,0
2024-04-27,MP,0,2024-17,Region 9,3.53,12513.849999999999,2026-05-06T19:11:09Z,0,0,0,0,0,0,0,0,0,0,0,0,0,0,0,0,0,0,0,0,0,0,0,0,0,0,0,0,0,0,0,0,0,0,0
2022-10-01,MS,120,2022-39,Region 4,5.27,64246.56999999999,2026-05-06T19:11:09Z,1.04,0,0,0,0,0,0,0,0,0,1,0,0,1,0,0,0,0,0,0,0,0,0,0,0,0,0,1,0,0,1,0,0,0,0
2022-10-08,MS,97,2022-40,Region 4,4.56,58564.079999999994,2026-05-06T19:11:09Z,0.88,0,0,0,0,0,0,0,0,0,1,0,0,1,0,0,0,0,0,0,0,0,0,0,0,0,0,1,0,0,1,0,0,0,0
2022-10-15,MS,87,2022-41,Region 4,4.85,56526.74999999999,2026-05-06T19:11:09Z,0.89,0,0,0,0,0,0,0,0,0,1,0,0,1,0,0,0,0,0,0,0,0,0,0,0,0,0,1,0,0,1,0,0,0,0
2022-10-22,MS,77,2022-42,Region 4,4.03,52394.030000000006,2026-05-06T19:11:09Z,0.74,0,0,0,0,0,0,0,0,0,1,0,0,1,0,0,0,0,0,0,0,0,0,0,0,0,0,1,0,0,1,0,0,0,0
2022-10-29,MS,68,2022-43,Region 4,4.31,58887.52999999999,2026-05-06T19:11:09Z,0.73,0,0,0,0,0,0,0,0,0,1,0,0,1,0,0,0,0,0,0,0,0,0,0,0,0,0,1,0,0,1,0,0,0,0
2022-11-05,MS,67,2022-44,Region 4,3.9,61230,2026-05-06T19:11:09Z,0.79,0,0,0,0,0,0,0,0,0,1,0,0,1,0,0,0,0,0,0,0,0,0,0,0,0,0,1,0,0,1,0,0,0,0
2022-11-12,MS,73,2022-45,Region 4,3.82,55321.24,2026-05-06T19:11:09Z,0.73,0,0,0,0,0,0,0,0,0,1,0,0,1,0,0,0,0,0,0,0,0,0,0,0,0,0,1,0,0,1,0,0,0,0
2022-11-19,MS,83,2022-46,Region 4,4.13,55288.31,2026-05-06T19:11:09Z,0.87,0,0,0,0,0,0,0,0,0,1,0,0,1,0,0,0,0,0,0,0,0,0,0,0,0,0,1,0,0,1,0,0,0,0
2022-11-26,MS,86,2022-47,Region 4,5.28,61644,2026-05-06T19:11:09Z,1.43,0,0,0,0,0,0,0,0,0,1,0,0,1,0,0,0,0,0,0,0,0,0,0,0,0,0,1,0,0,1,0,0,0,0
2022-12-03,MS,175,2022-48,Region 4,7.55,97455.4,2026-05-06T19:11:09Z,2.04,0,0,0,0,0,0,0,0,0,1,0,0,1,0,0,0,0,0,0,0,0,0,0,0,0,0,1,0,0,1,0,0,0,0
2022-12-10,MS,189,2022-49,Region 4,8.38,101909.18000000001,2026-05-06T19:11:09Z,2.13,0,0,0,0,0,0,0,0,0,1,0,0,1,0,0,0,0,0,0,0,0,0,0,0,0,0,1,0,0,1,0,0,0,0
2022-12-17,MS,207,2022-50,Region 4,10.21,118190.96,2026-05-06T19:11:09Z,2.56,0,0,0,0,0,0,0,0,0,1,0,0,1,0,0,0,0,0,0,0,0,0,0,0,0,0,1,0,0,1,0,0,0,0
2022-12-24,MS,248,2022-51,Region 4,11.52,119589.12,2026-05-06T19:11:09Z,3.34,0,0,0,0,0,0,0,0,0,1,0,0,1,0,0,0,0,0,0,0,0,0,0,0,0,0,1,0,0,1,0,0,0,0
2022-12-31,MS,451,2022-52,Region 4,14.04,149399.63999999998,2026-05-06T19:11:09Z,5.15,0,0,0,0,0,0,0,0,0,1,0,0,1,0,0,0,0,0,0,0,0,0,0,0,0,0,1,0,0,1,0,0,0,0
2023-01-07,MS,450,2023-01,Region 4,13.55,147139.45,2026-05-06T19:11:09Z,4.12,0,0,0,0,0,0,0,0,0,1,0,0,1,0,0,0,0,0,0,0,0,0,0,0,0,0,1,0,0,1,0,0,0,0
2023-01-14,MS,368,2023-02,Region 4,10.19,121373.09,2026-05-06T19:11:09Z,3.37,0,0,0,0,0,0,0,0,0,1,0,0,1,0,0,0,0,0,0,0,0,0,0,0,0,0,1,0,0,1,0,0,0,0
2023-01-21,MS,280,2023-03,Region 4,10.69,112565.7,2026-05-06T19:11:09Z,2.95,0,0,0,0,0,0,0,0,0,1,0,0,1,0,0,0,0,0,0,0,0,0,0,0,0,0,1,0,0,1,0,0,0,0
2023-01-28,MS,188,2023-04,Region 4,9.37,106461.93999999999,2026-05-06T19:11:09Z,2.4,0,0,0,0,0,0,0,0,0,1,0,0,1,0,0,0,0,0,0,0,0,0,0,0,0,0,1,0,0,1,0,0,0,0
2023-02-04,MS,168,2023-05,Region 4,9.03,104142.98999999999,2026-05-06T19:11:09Z,2.36,0,0,0,0,0,0,0,0,0,1,0,0,1,0,0,0,0,0,0,0,0,0,0,0,0,0,1,0,0,1,0,0,0,0
2023-02-11,MS,190,2023-06,Region 4,8.67,102514.08,2026-05-06T19:11:09Z,2.3,0,0,0,0,0,0,0,0,0,1,0,0,1,0,0,0,0,0,0,0,0,0,0,0,0,0,1,0,0,1,0,0,0,0
2023-02-18,MS,188,2023-07,Region 4,7.72,85136.16,2026-05-06T19:11:09Z,1.83,0,0,0,0,0,0,0,0,0,1,0,0,1,0,0,0,0,0,0,0,0,0,0,0,0,0,1,0,0,1,0,0,0,0
2023-02-25,MS,157,2023-08,Region 4,6.2,65069,2026-05-06T19:11:09Z,1.49,0,0,0,0,0,0,0,0,0,1,0,0,1,0,0,0,0,0,0,0,0,0,0,0,0,0,1,0,0,1,0,0,0,0
2023-03-04,MS,105,2023-09,Region 4,5.22,47945.7,2026-05-06T19:11:09Z,1.4,0,0,0,0,0,0,0,0,0,1,0,0,1,0,0,0,0,0,0,0,0,0,0,0,0,0,1,0,0,1,0,0,0,0
2023-03-11,MS,75,2023-10,Region 4,5.02,43116.78,2026-05-06T19:11:09Z,0.92,0,0,0,0,0,0,0,0,0,1,0,0,1,0,0,0,0,0,0,0,0,0,0,0,0,0,1,0,0,1,0,0,0,0
2023-03-18,MS,75,2023-11,Region 4,3.96,33184.8,2026-05-06T19:11:09Z,0.96,0,0,0,0,0,0,0,0,0,1,0,0,1,0,0,0,0,0,0,0,0,0,0,0,0,0,1,0,0,1,0,0,0,0
2023-03-25,MS,83,2023-12,Region 4,4.84,40670.52,2026-05-06T19:11:09Z,1.04,0,0,0,0,0,0,0,0,0,1,0,0,1,0,0,0,0,0,0,0,0,0,0,0,0,0,1,0,0,1,0,0,0,0
2023-04-01,MS,67,2023-13,Region 4,3.79,25897.07,2026-05-06T19:11:09Z,0.96,0,0,0,0,0,0,0,0,0,1,0,0,1,0,0,0,0,0,0,0,0,0,0,0,0,0,1,0,0,1,0,0,0,0
2023-04-08,MS,70,2023-14,Region 4,4.8,32630.399999999998,2026-05-06T19:11:09Z,0.95,0,0,0,0,0,0,0,0,0,1,0,0,1,0,0,0,0,0,0,0,0,0,0,0,0,0,1,0,0,1,0,0,0,0
2023-04-15,MS,79,2023-15,Region 4,4.62,30903.18,2026-05-06T19:11:09Z,1.07,0,0,0,0,0,0,0,0,0,1,0,0,1,0,0,0,0,0,0,0,0,0,0,0,0,0,1,0,0,1,0,0,0,0
2023-04-22,MS,80,2023-16,Region 4,4.32,26676,2026-05-06T19:11:09Z,0.83,0,0,0,0,0,0,0,0,0,1,0,0,1,0,0,0,0,0,0,0,0,0,0,0,0,0,1,0,0,1,0,0,0,0
2023-04-29,MS,67,2023-17,Region 4,4.32,27591.84,2026-05-06T19:11:09Z,0.81,0,0,0,0,0,0,0,0,0,1,0,0,1,0,0,0,0,0,0,0,0,0,0,0,0,0,1,0,0,1,0,0,0,0
2023-05-06,MS,46,2023-18,Region 4,4.56,25504.079999999998,2026-05-06T19:11:09Z,0.7,0,0,0,0,0,0,0,0,0,1,0,0,1,0,0,0,0,0,0,0,0,0,0,0,0,0,1,0,0,1,0,0,0,0
2023-05-13,MS,45,2023-19,Region 4,3.72,24697.08,2026-05-06T19:11:09Z,0.68,0,0,0,0,0,0,0,0,0,1,0,0,1,0,0,0,0,0,0,0,0,0,0,0,0,0,1,0,0,1,0,0,0,0
2023-05-20,MS,48,2023-20,Region 4,3.64,22389.64,2026-05-06T19:11:09Z,0.65,0,0,0,0,0,0,0,0,0,1,0,0,1,0,0,0,0,0,0,0,0,0,0,0,0,0,1,0,0,1,0,0,0,0
2023-05-27,MS,47,2023-21,Region 4,4.3,22394.399999999998,2026-05-06T19:11:09Z,0.61,0,0,0,0,0,0,0,0,0,1,0,0,1,0,0,0,0,0,0,0,0,0,0,0,0,0,1,0,0,1,0,0,0,0
2023-06-03,MS,43,2023-22,Region 4,3.4,17724.2,2026-05-06T19:11:09Z,0.57,0,0,0,0,0,0,0,0,0,1,0,0,1,0,0,0,0,0,0,0,0,0,0,0,0,0,1,0,0,1,0,0,0,0
2023-06-10,MS,31,2023-23,Region 4,4.08,20102.16,2026-05-06T19:11:09Z,0.51,0,0,0,0,0,0,0,0,0,1,0,0,1,0,0,0,0,0,0,0,0,0,0,0,0,0,1,0,0,1,0,0,0,0
2023-06-17,MS,17,2023-24,Region 4,4.07,17692.29,2026-05-06T19:11:09Z,0.36,0,0,0,0,0,0,0,0,0,1,0,0,1,0,0,0,0,0,0,0,0,0,0,0,0,0,1,0,0,1,0,0,0,0
2023-06-24,MS,39,2023-25,Region 4,4.27,18100.53,2026-05-06T19:11:09Z,0.56,0,0,0,0,0,0,0,0,0,1,0,0,1,0,0,0,0,0,0,0,0,0,0,0,0,0,1,0,0,1,0,0,0,0
2023-07-01,MS,35,2023-26,Region 4,5,18195,2026-05-06T19:11:09Z,0.48,0,0,0,0,0,0,0,0,0,1,0,0,1,0,0,0,0,0,0,0,0,0,0,0,0,0,1,0,0,1,0,0,0,0
2023-07-08,MS,27,2023-27,Region 4,5.97,20089.05,2026-05-06T19:11:09Z,0.59,0,0,0,0,0,0,0,0,0,1,0,0,1,0,0,0,0,0,0,0,0,0,0,0,0,0,1,0,0,1,0,0,0,0
2023-07-15,MS,45,2023-28,Region 4,6.38,21806.84,2026-05-06T19:11:09Z,0.71,0,0,0,0,0,0,0,0,0,1,0,0,1,0,0,0,0,0,0,0,0,0,0,0,0,0,1,0,0,1,0,0,0,0
2023-07-22,MS,56,2023-29,Region 4,8.78,33609.84,2026-05-06T19:11:09Z,1.13,0,0,0,0,0,0,0,0,0,1,0,0,1,0,0,0,0,0,0,0,0,0,0,0,0,0,1,0,0,1,0,0,0,0
2023-07-29,MS,75,2023-30,Region 4,10.16,51612.8,2026-05-06T19:11:09Z,1.62,0,0,0,0,0,0,0,0,0,1,0,0,1,0,0,0,0,0,0,0,0,0,0,0,0,0,1,0,0,1,0,0,0,0
2023-08-05,MS,101,2023-31,Region 4,11,52019,2026-05-06T19:11:09Z,2.11,0,0,0,0,0,0,0,0,0,1,0,0,1,0,0,0,0,0,0,0,0,0,0,0,0,0,1,0,0,1,0,0,0,0
2023-08-12,MS,126,2023-32,Region 4,12.55,60478.450000000004,2026-05-06T19:11:09Z,2.9,0,0,0,0,0,0,0,0,0,1,0,0,1,0,0,0,0,0,0,0,0,0,0,0,0,0,1,0,0,1,0,0,0,0
2023-08-19,MS,170,2023-33,Region 4,14.32,78917.52,2026-05-06T19:11:09Z,3.72,0,0,0,0,0,0,0,0,0,1,0,0,1,0,0,0,0,0,0,0,0,0,0,0,0,0,1,0,0,1,0,0,0,0
2023-08-26,MS,175,2023-34,Region 4,16.17,136992.24000000002,2026-05-06T19:11:09Z,3.7,0,0,0,0,0,0,0,0,0,1,0,0,1,0,0,0,0,0,0,0,0,0,0,0,0,0,1,0,0,1,0,0,0,0
2023-09-02,MS,133,2023-35,Region 4,12.35,96120.05,2026-05-06T19:11:09Z,3.17,0,0,0,0,0,0,0,0,0,1,0,0,1,0,0,0,0,0,0,0,0,0,0,0,0,0,1,0,0,1,0,0,0,0
2023-09-09,MS,148,2023-36,Region 4,13.49,104088.84,2026-05-06T19:11:09Z,2.81,0,0,0,0,0,0,0,0,0,1,0,0,1,0,0,0,0,0,0,0,0,0,0,0,0,0,1,0,0,1,0,0,0,0
2023-09-16,MS,159,2023-37,Region 4,11.63,92307.31000000001,2026-05-06T19:11:09Z,1.98,0,0,0,0,0,0,0,0,0,1,0,0,1,0,0,0,0,0,0,0,0,0,0,0,0,0,1,0,0,1,0,0,0,0
2023-09-23,MS,110,2023-38,Region 4,9.42,80465.64,2026-05-06T19:11:09Z,1.86,0,0,0,0,0,0,0,0,0,1,0,0,1,0,0,0,0,0,0,0,0,0,0,0,0,0,1,0,0,1,0,0,0,0
2023-09-30,MS,101,2023-39,Region 4,8.57,71208.13,2026-05-06T19:11:09Z,1.53,0,0,0,0,0,0,0,0,0,1,0,0,1,0,0,0,0,0,0,0,0,0,0,0,0,0,1,0,0,1,0,0,0,0
2023-10-07,MS,78,2023-40,Region 4,7.52,56994.079999999994,2026-05-06T19:11:09Z,1.32,0,0,0,0,0,0,0,0,0,1,0,0,1,0,0,0,0,0,0,0,0,0,0,0,0,0,1,0,0,1,0,0,0,0
2023-10-14,MS,49,2023-41,Region 4,7.03,51972.79,2026-05-06T19:11:09Z,1.18,0,0,0,0,0,0,0,0,0,1,0,0,1,0,0,0,0,0,0,0,0,0,0,0,0,0,1,0,0,1,0,0,0,0
2023-10-21,MS,67,2023-42,Region 4,7.86,56371.920000000006,2026-05-06T19:11:09Z,1.12,0,0,0,0,0,0,0,0,0,1,0,0,1,0,0,0,0,0,0,0,0,0,0,0,0,0,1,0,0,1,0,0,0,0
2023-10-28,MS,82,2023-43,Region 4,6.94,54895.4,2026-05-06T19:11:09Z,1.42,0,0,0,0,0,0,0,0,0,1,0,0,1,0,0,0,0,0,0,0,0,0,0,0,0,0,1,0,0,1,0,0,0,0
2023-11-04,MS,76,2023-44,Region 4,6.71,54478.49,2026-05-06T19:11:09Z,1.16,0,0,0,0,0,0,0,0,0,1,0,0,1,0,0,0,0,0,0,0,0,0,0,0,0,0,1,0,0,1,0,0,0,0
2023-11-11,MS,88,2023-45,Region 4,6.93,62065.079999999994,2026-05-06T19:11:09Z,1.44,0,0,0,0,0,0,0,0,0,1,0,0,1,0,0,0,0,0,0,0,0,0,0,0,0,0,1,0,0,1,0,0,0,0
2023-11-18,MS,72,2023-46,Region 4,7.42,60806.9,2026-05-06T19:11:09Z,1.37,0,0,0,0,0,0,0,0,0,1,0,0,1,0,0,0,0,0,0,0,0,0,0,0,0,0,1,0,0,1,0,0,0,0
2023-11-25,MS,102,2023-47,Region 4,7.28,60809.840000000004,2026-05-06T19:11:09Z,1.57,0,0,0,0,0,0,0,0,0,1,0,0,1,0,0,0,0,0,0,0,0,0,0,0,0,0,1,0,0,1,0,0,0,0
2023-12-02,MS,97,2023-48,Region 4,7.1,69466.4,2026-05-06T19:11:09Z,1.67,0,0,0,0,0,0,0,0,0,1,0,0,1,0,0,0,0,0,0,0,0,0,0,0,0,0,1,0,0,1,0,0,0,0
2023-12-09,MS,121,2023-49,Region 4,7.24,77815.52,2026-05-06T19:11:09Z,1.69,0,0,0,0,0,0,0,0,0,1,0,0,1,0,0,0,0,0,0,0,0,0,0,0,0,0,1,0,0,1,0,0,0,0
2023-12-16,MS,122,2023-50,Region 4,7.39,88546.98,2026-05-06T19:11:09Z,2.1,0,0,0,0,0,0,0,0,0,1,0,0,1,0,0,0,0,0,0,0,0,0,0,0,0,0,1,0,0,1,0,0,0,0
2023-12-23,MS,147,2023-51,Region 4,8.73,104725.08,2026-05-06T19:11:09Z,2.51,0,0,0,0,0,0,0,0,0,1,0,0,1,0,0,0,0,0,0,0,0,0,0,0,0,0,1,0,0,1,0,0,0,0
2023-12-30,MS,184,2023-52,Region 4,9.71,134901.03,2026-05-06T19:11:09Z,3.01,0,0,0,0,0,0,0,0,0,1,0,0,1,0,0,0,0,0,0,0,0,0,0,0,0,0,1,0,0,1,0,0,0,0
2024-01-06,MS,207,2024-01,Region 4,10.68,130605.72,2026-05-06T19:11:09Z,2.79,0,0,0,0,0,0,0,0,0,1,0,0,1,0,0,0,0,0,0,0,0,0,0,0,0,0,1,0,0,1,0,0,0,0
2024-01-13,MS,211,2024-02,Region 4,11.05,119549.95000000001,2026-05-06T19:11:09Z,2.74,0,0,0,0,0,0,0,0,0,1,0,0,1,0,0,0,0,0,0,0,0,0,0,0,0,0,1,0,0,1,0,0,0,0
2024-01-20,MS,146,2024-03,Region 4,11.23,107392.49,2026-05-06T19:11:09Z,2.62,0,0,0,0,0,0,0,0,0,1,0,0,1,0,0,0,0,0,0,0,0,0,0,0,0,0,1,0,0,1,0,0,0,0
2024-01-27,MS,135,2024-04,Region 4,11.38,120810.08,2026-05-06T19:11:09Z,2.44,0,0,0,0,0,0,0,0,0,1,0,0,1,0,0,0,0,0,0,0,0,0,0,0,0,0,1,0,0,1,0,0,0,0
2024-02-03,MS,150,2024-05,Region 4,11.9,121451.40000000001,2026-05-06T19:11:09Z,2.46,0,0,0,0,0,0,0,0,0,1,0,0,1,0,0,0,0,0,0,0,0,0,0,0,0,0,1,0,0,1,0,0,0,0
2024-02-10,MS,171,2024-06,Region 4,12.1,125682.7,2026-05-06T19:11:09Z,2.77,0,0,0,0,0,0,0,0,0,1,0,0,1,0,0,0,0,0,0,0,0,0,0,0,0,0,1,0,0,1,0,0,0,0
2024-02-17,MS,132,2024-07,Region 4,11.13,111133.05,2026-05-06T19:11:09Z,2.7,0,0,0,0,0,0,0,0,0,1,0,0,1,0,0,0,0,0,0,0,0,0,0,0,0,0,1,0,0,1,0,0,0,0
2024-02-24,MS,129,2024-08,Region 4,10.37,102580.04,2026-05-06T19:11:09Z,2.7,0,0,0,0,0,0,0,0,0,1,0,0,1,0,0,0,0,0,0,0,0,0,0,0,0,0,1,0,0,1,0,0,0,0
2024-03-02,MS,117,2024-09,Region 4,9.47,88184.64,2026-05-06T19:11:09Z,2.14,0,0,0,0,0,0,0,0,0,1,0,0,1,0,0,0,0,0,0,0,0,0,0,0,0,0,1,0,0,1,0,0,0,0
2024-03-09,MS,126,2024-10,Region 4,7.9,66265.2,2026-05-06T19:11:09Z,1.5,0,0,0,0,0,0,0,0,0,1,0,0,1,0,0,0,0,0,0,0,0,0,0,0,0,0,1,0,0,1,0,0,0,0
2024-03-16,MS,81,2024-11,Region 4,5.68,43202.079999999994,2026-05-06T19:11:09Z,1.05,0,0,0,0,0,0,0,0,0,1,0,0,1,0,0,0,0,0,0,0,0,0,0,0,0,0,1,0,0,1,0,0,0,0
2024-03-23,MS,76,2024-12,Region 4,4.9,36015,2026-05-06T19:11:09Z,0.77,0,0,0,0,0,0,0,0,0,1,0,0,1,0,0,0,0,0,0,0,0,0,0,0,0,0,1,0,0,1,0,0,0,0
2024-03-30,MS,42,2024-13,Region 4,5.39,34269.619999999995,2026-05-06T19:11:09Z,0.68,0,0,0,0,0,0,0,0,0,1,0,0,1,0,0,0,0,0,0,0,0,0,0,0,0,0,1,0,0,1,0,0,0,0
2024-04-06,MS,46,2024-14,Region 4,4.37,27115.850000000002,2026-05-06T19:11:09Z,0.59,0,0,0,0,0,0,0,0,0,1,0,0,1,0,0,0,0,0,0,0,0,0,0,0,0,0,1,0,0,1,0,0,0,0
2024-04-13,MS,33,2024-15,Region 4,3.76,21522.239999999998,2026-05-06T19:11:09Z,0.58,0,0,0,0,0,0,0,0,0,1,0,0,1,0,0,0,0,0,0,0,0,0,0,0,0,0,1,0,0,1,0,0,0,0
2024-04-20,MS,34,2024-16,Region 4,3.36,16615.2,2026-05-06T19:11:09Z,0.42,0,0,0,0,0,0,0,0,0,1,0,0,0.9582562863731197,0,0,0,0,0,0,0,0,0,0,0,0,0,1,0,0,0.9414285714285714,0,0,0,0
2024-04-27,MS,31,2024-17,Region 4,3.1,15190,2026-05-06T19:11:09Z,0.38,0,0,0,0,0,0,0,0,0,1,0,0,0.944002335378575,0,0,0,0,0,0,0,0,0,0,0,0,0,1,0,0,0.9214285714285714,0,0,0,0
2022-10-01,MT,133,2022-39,Region 8,6.41,100752.38,2026-05-06T19:11:09Z,2.94,0,0,0,0,0,0,0,0,0,0,0,0,0,0,0,1,0,0,0,0,0,0,0,0,0,0,0,0,0,0,0,0,1,0
2022-10-08,MT,101,2022-40,Region 8,6.19,88331.3,2026-05-06T19:11:09Z,2.58,0,0,0,0,0,0,0,0,0,0,0,0,0,0,0,1,0,0,0,0,0,0,0,0,0,0,0,0,0,0,0,0,1,0
2022-10-15,MT,100,2022-41,Region 8,8.49,114648.96,2026-05-06T19:11:09Z,2.47,0,0,0,0,0,0,0,0,0,0,0,0,0,0,0,1,0,0,0,0,0,0,0,0,0,0,0,0,0,0,0,0,1,0
2022-10-22,MT,118,2022-42,Region 8,7.33,91559.03,2026-05-06T19:11:09Z,2.39,0,0,0,0,0,0,0,0,0,0,0,0,0,0,0,1,0,0,0,0,0,0,0,0,0,0,0,0,0,0,0,0,1,0
2022-10-29,MT,101,2022-43,Region 8,8.14,93325.1,2026-05-06T19:11:09Z,2.03,0,0,0,0,0,0,0,0,0,0,0,0,0,0,0,1,0,0,0,0,0,0,0,0,0,0,0,0,0,0,0,0,1,0
2022-11-05,MT,104,2022-44,Region 8,9.67,106360.33,2026-05-06T19:11:09Z,2.37,0,0,0,0,0,0,0,0,0,0,0,0,0,0,0,1,0,0,0,0,0,0,0,0,0,0,0,0,0,0,0,0,1,0
2022-11-12,MT,87,2022-45,Region 8,10.76,118994.84,2026-05-06T19:11:09Z,2.14,0,0,0,0,0,0,0,0,0,0,0,0,0,0,0,1,0,0,0,0,0,0,0,0,0,0,0,0,0,0,0,0,1,0
2022-11-19,MT,107,2022-46,Region 8,9.69,126939,2026-05-06T19:11:09Z,2.27,0,0,0,0,0,0,0,0,0,0,0,0,0,0,0,1,0,0,0,0,0,0,0,0,0,0,0,0,0,0,0,0,1,0
2022-11-26,MT,93,2022-47,Region 8,10.66,122952.44,2026-05-06T19:11:09Z,2.66,0,0,0,0,0,0,0,0,0,0,0,0,0,0,0,1,0,0,0,0,0,0,0,0,0,0,0,0,0,0,0,0,1,0
2022-12-03,MT,113,2022-48,Region 8,10.39,145304.15,2026-05-06T19:11:09Z,2.61,0,0,0,0,0,0,0,0,0,0,0,0,0,0,0,1,0,0,0,0,0,0,0,0,0,0,0,0,0,0,0,0,1,0
2022-12-10,MT,121,2022-49,Region 8,8.69,116915.26,2026-05-06T19:11:09Z,2.85,0,0,0,0,0,0,0,0,0,0,0,0,0,0,0,1,0,0,0,0,0,0,0,0,0,0,0,0,0,0,0,0,1,0
2022-12-17,MT,98,2022-50,Region 8,7.94,100441,2026-05-06T19:11:09Z,2.84,0,0,0,0,0,0,0,0,0,0,0,0,0,0,0,1,0,0,0,0,0,0,0,0,0,0,0,0,0,0,0,0,1,0
2022-12-24,MT,105,2022-51,Region 8,8.56,83297.36,2026-05-06T19:11:09Z,2.68,0,0,0,0,0,0,0,0,0,0,0,0,0,0,0,1,0,0,0,0,0,0,0,0,0,0,0,0,0,0,0,0,1,0
2022-12-31,MT,120,2022-52,Region 8,7.72,75123.31999999999,2026-05-06T19:11:09Z,2.88,0,0,0,0,0,0,0,0,0,0,0,0,0,0,0,1,0,0,0,0,0,0,0,0,0,0,0,0,0,0,0,0,1,0
2023-01-07,MT,97,2023-01,Region 8,7.05,61158.75,2026-05-06T19:11:09Z,1.81,0,0,0,0,0,0,0,0,0,0,0,0,0,0,0,1,0,0,0,0,0,0,0,0,0,0,0,0,0,0,0,0,1,0
2023-01-14,MT,88,2023-02,Region 8,5.74,47263.16,2026-05-06T19:11:09Z,1.58,0,0,0,0,0,0,0,0,0,0,0,0,0,0,0,1,0,0,0,0,0,0,0,0,0,0,0,0,0,0,0,0,1,0
2023-01-21,MT,73,2023-03,Region 8,6.57,52185.51,2026-05-06T19:11:09Z,1.63,0,0,0,0,0,0,0,0,0,0,0,0,0,0,0,1,0,0,0,0,0,0,0,0,0,0,0,0,0,0,0,0,1,0
2023-01-28,MT,60,2023-04,Region 8,7.26,52206.659999999996,2026-05-06T19:11:09Z,1.58,0,0,0,0,0,0,0,0,0,0,0,0,0,0,0,1,0,0,0,0,0,0,0,0,0,0,0,0,0,0,0,0,1,0
2023-02-04,MT,70,2023-05,Region 8,7.67,51028.51,2026-05-06T19:11:09Z,2.05,0,0,0,0,0,0,0,0,0,0,0,0,0,0,0,1,0,0,0,0,0,0,0,0,0,0,0,0,0,0,0,0,1,0
2023-02-11,MT,102,2023-06,Region 8,9.34,62587.34,2026-05-06T19:11:09Z,2.37,0,0,0,0,0,0,0,0,0,0,0,0,0,0,0,1,0,0,0,0,0,0,0,0,0,0,0,0,0,0,0,0,1,0
2023-02-18,MT,95,2023-07,Region 8,8.49,56483.97,2026-05-06T19:11:09Z,2.21,0,0,0,0,0,0,0,0,0,0,0,0,0,0,0,1,0,0,0,0,0,0,0,0,0,0,0,0,0,0,0,0,1,0
2023-02-25,MT,143,2023-08,Region 8,8.89,53082.19,2026-05-06T19:11:09Z,2.91,0,0,0,0,0,0,0,0,0,0,0,0,0,0,0,1,0,0,0,0,0,0,0,0,0,0,0,0,0,0,0,0,1,0
2023-03-04,MT,117,2023-09,Region 8,7.73,45722.950000000004,2026-05-06T19:11:09Z,2.24,0,0,0,0,0,0,0,0,0,0,0,0,0,0,0,1,0,0,0,0,0,0,0,0,0,0,0,0,0,0,0,0,1,0
2023-03-11,MT,76,2023-10,Region 8,7.84,44695.84,2026-05-06T19:11:09Z,2.43,0,0,0,0,0,0,0,0,0,0,0,0,0,0,0,1,0,0,0,0,0,0,0,0,0,0,0,0,0,0,0,0,1,0
2023-03-18,MT,136,2023-11,Region 8,7.15,40898,2026-05-06T19:11:09Z,2.27,0,0,0,0,0,0,0,0,0,0,0,0,0,0,0,1,0,0,0,0,0,0,0,0,0,0,0,0,0,0,0,0,1,0
2023-03-25,MT,87,2023-12,Region 8,6.9,41496.6,2026-05-06T19:11:09Z,2.13,0,0,0,0,0,0,0,0,0,0,0,0,0,0,0,1,0,0,0,0,0,0,0,0,0,0,0,0,0,0,0,0,1,0
2023-04-01,MT,64,2023-13,Region 8,6.42,33191.4,2026-05-06T19:11:09Z,2.01,0,0,0,0,0,0,0,0,0,0,0,0,0,0,0,1,0,0,0,0,0,0,0,0,0,0,0,0,0,0,0,0,1,0
2023-04-08,MT,56,2023-14,Region 8,6.63,27892.41,2026-05-06T19:11:09Z,1.34,0,0,0,0,0,0,0,0,0,0,0,0,0,0,0,1,0,0,0,0,0,0,0,0,0,0,0,0,0,0,0,0,1,0
2023-04-15,MT,50,2023-15,Region 8,5.56,24792.039999999997,2026-05-06T19:11:09Z,1.12,0,0,0,0,0,0,0,0,0,0,0,0,0,0,0,1,0,0,0,0,0,0,0,0,0,0,0,0,0,0,0,0,1,0
2023-04-22,MT,44,2023-16,Region 8,4.68,17718.48,2026-05-06T19:11:09Z,0.99,0,0,0,0,0,0,0,0,0,0,0,0,0,0,0,1,0,0,0,0,0,0,0,0,0,0,0,0,0,0,0,0,1,0
2023-04-29,MT,43,2023-17,Region 8,5.06,19900.98,2026-05-06T19:11:09Z,0.79,0,0,0,0,0,0,0,0,0,0,0,0,0,0,0,1,0,0,0,0,0,0,0,0,0,0,0,0,0,0,0,0,1,0
2023-05-06,MT,43,2023-18,Region 8,5.05,16513.5,2026-05-06T19:11:09Z,0.9,0,0,0,0,0,0,0,0,0,0,0,0,0,0,0,1,0,0,0,0,0,0,0,0,0,0,0,0,0,0,0,0,1,0
2023-05-13,MT,26,2023-19,Region 8,4.16,12105.6,2026-05-06T19:11:09Z,0.56,0,0,0,0,0,0,0,0,0,0,0,0,0,0,0,1,0,0,0,0,0,0,0,0,0,0,0,0,0,0,0,0,1,0
2023-05-20,MT,23,2023-20,Region 8,4.82,11404.12,2026-05-06T19:11:09Z,0.43,0,0,0,0,0,0,0,0,0,0,0,0,0,0,0,1,0,0,0,0,0,0,0,0,0,0,0,0,0,0,0,0,1,0
2023-05-27,MT,20,2023-21,Region 8,4.68,10796.76,2026-05-06T19:11:09Z,0.49,0,0,0,0,0,0,0,0,0,0,0,0,0,0,0,1,0,0,0,0,0,0,0,0,0,0,0,0,0,0,0,0,1,0
2023-06-03,MT,18,2023-22,Region 8,3.55,8101.0999999999995,2026-05-06T19:11:09Z,0.36,0,0,0,0,0,0,0,0,0,0,0,0,0,0,0,0.9849173272029763,0,0,0,0,0,0,0,0,0,0,0,0,0,0,0,0,0.8692857142857143,0
2023-06-10,MT,15,2023-23,Region 8,3.32,6500.5599999999995,2026-05-06T19:11:09Z,0.32,0,0,0,0,0,0,0,0,0,0,0,0,0,0,0,0.9725544806480387,0,0,0,0,0,0,0,0,0,0,0,0,0,0,0,0,0.7621428571428572,0
2023-06-17,MT,16,2023-24,Region 8,3.47,6707.51,2026-05-06T19:11:09Z,0.3,0,0,0,0,0,0,0,0,0,0,0,0,0,0,0,0.723406336797372,0,0,0,0,0,0,0,0,0,0,0,0,0,0,0,0,0.6071428571428572,0
2023-06-24,MT,16,2023-25,Region 8,3.81,7490.46,2026-05-06T19:11:09Z,0.48,0,0,0,0,0,0,0,0,0,0,0,0,0,0,0,0.5242857142857144,0,0,0,0,0,0,0,0,0,0,0,0,0,0,0,0,0.5242857142857144,0
2023-07-01,MT,19,2023-26,Region 8,4.77,8891.279999999999,2026-05-06T19:11:09Z,0.4,0,0,0,0,0,0,0,0,0,0,0,0,0,0,0,0.49087937748834243,0,0,0,0,0,0,0,0,0,0,0,0,0,0,0,0,0.6071428571428572,0
2023-07-08,MT,15,2023-27,Region 8,6.36,9692.640000000001,2026-05-06T19:11:09Z,0.54,0,0,0,0,0,0,0,0,0,0,0,0,0,0,0,0.5517312336376756,0,0,0,0,0,0,0,0,0,0,0,0,0,0,0,0,0.7621428571428572,0
2023-07-15,MT,26,2023-28,Region 8,7.12,11306.56,2026-05-06T19:11:09Z,0.53,0,0,0,0,0,0,0,0,0,0,0,0,0,0,0,0.7385714285714287,0,0,0,0,0,0,0,0,0,0,0,0,0,0,0,0,0.7385714285714287,0
2023-07-22,MT,18,2023-29,Region 8,7.07,10795.890000000001,2026-05-06T19:11:09Z,0.51,0,0,0,0,0,0,0,0,0,0,0,0,0,0,0,0.9725544806480387,0,0,0,0,0,0,0,0,0,0,0,0,0,0,0,0,0.7621428571428572,0
2023-07-29,MT,26,2023-30,Region 8,8.06,12992.720000000001,2026-05-06T19:11:09Z,0.68,0,0,0,0,0,0,0,0,0,0,0,0,0,0,0,0.9849173272029763,0,0,0,0,0,0,0,0,0,0,0,0,0,0,0,0,0.8692857142857143,0
2023-08-05,MT,34,2023-31,Region 8,9.38,15008.000000000002,2026-05-06T19:11:09Z,0.73,0,0,0,0,0,0,0,0,0,0,0,0,0,0,0,1,0,0,0,0,0,0,0,0,0,0,0,0,0,0,0,0,1,0
2023-08-12,MT,23,2023-32,Region 8,12.72,22298.16,2026-05-06T19:11:09Z,0.98,0,0,0,0,0,0,0,0,0,0,0,0,0,0,0,1,0,0,0,0,0,0,0,0,0,0,0,0,0,0,0,0,1,0
2023-08-19,MT,41,2023-33,Region 8,13.11,27399.899999999998,2026-05-06T19:11:09Z,1.22,0,0,0,0,0,0,0,0,0,0,0,0,0,0,0,1,0,0,0,0,0,0,0,0,0,0,0,0,0,0,0,0,1,0
2023-08-26,MT,53,2023-34,Region 8,14.91,33010.74,2026-05-06T19:11:09Z,1.51,0,0,0,0,0,0,0,0,0,0,0,0,0,0,0,1,0,0,0,0,0,0,0,0,0,0,0,0,0,0,0,0,1,0
2023-09-02,MT,59,2023-35,Region 8,12.78,35694.54,2026-05-06T19:11:09Z,1.75,0,0,0,0,0,0,0,0,0,0,0,0,0,0,0,1,0,0,0,0,0,0,0,0,0,0,0,0,0,0,0,0,1,0
2023-09-09,MT,66,2023-36,Region 8,13.18,42202.36,2026-05-06T19:11:09Z,1.97,0,0,0,0,0,0,0,0,0,0,0,0,0,0,0,1,0,0,0,0,0,0,0,0,0,0,0,0,0,0,0,0,1,0
2023-09-16,MT,85,2023-37,Region 8,14.09,45186.63,2026-05-06T19:11:09Z,2.4,0,0,0,0,0,0,0,0,0,0,0,0,0,0,0,1,0,0,0,0,0,0,0,0,0,0,0,0,0,0,0,0,1,0
2023-09-23,MT,110,2023-38,Region 8,11.96,42792.880000000005,2026-05-06T19:11:09Z,2.82,0,0,0,0,0,0,0,0,0,0,0,0,0,0,0,1,0,0,0,0,0,0,0,0,0,0,0,0,0,0,0,0,1,0
2023-09-30,MT,120,2023-39,Region 8,13.59,46803.96,2026-05-06T19:11:09Z,3.07,0,0,0,0,0,0,0,0,0,0,0,0,0,0,0,1,0,0,0,0,0,0,0,0,0,0,0,0,0,0,0,0,1,0
2023-10-07,MT,78,2023-40,Region 8,14.66,47996.840000000004,2026-05-06T19:11:09Z,2.98,0,0,0,0,0,0,0,0,0,0,0,0,0,0,0,1,0,0,0,0,0,0,0,0,0,0,0,0,0,0,0,0,1,0
2023-10-14,MT,91,2023-41,Region 8,14.53,50288.329999999994,2026-05-06T19:11:09Z,2.73,0,0,0,0,0,0,0,0,0,0,0,0,0,0,0,1,0,0,0,0,0,0,0,0,0,0,0,0,0,0,0,0,1,0
2023-10-21,MT,102,2023-42,Region 8,14.43,44805.15,2026-05-06T19:11:09Z,2.55,0,0,0,0,0,0,0,0,0,0,0,0,0,0,0,1,0,0,0,0,0,0,0,0,0,0,0,0,0,0,0,0,1,0
2023-10-28,MT,60,2023-43,Region 8,13.03,37787,2026-05-06T19:11:09Z,2.11,0,0,0,0,0,0,0,0,0,0,0,0,0,0,0,1,0,0,0,0,0,0,0,0,0,0,0,0,0,0,0,0,1,0
2023-11-04,MT,63,2023-44,Region 8,12.65,36292.85,2026-05-06T19:11:09Z,2.27,0,0,0,0,0,0,0,0,0,0,0,0,0,0,0,1,0,0,0,0,0,0,0,0,0,0,0,0,0,0,0,0,1,0
2023-11-11,MT,90,2023-45,Region 8,14.2,46789,2026-05-06T19:11:09Z,2.91,0,0,0,0,0,0,0,0,0,0,0,0,0,0,0,1,0,0,0,0,0,0,0,0,0,0,0,0,0,0,0,0,1,0
2023-11-18,MT,90,2023-46,Region 8,14,60718,2026-05-06T19:11:09Z,2.9,0,0,0,0,0,0,0,0,0,0,0,0,0,0,0,1,0,0,0,0,0,0,0,0,0,0,0,0,0,0,0,0,1,0
2023-11-25,MT,87,2023-47,Region 8,12.63,54498.450000000004,2026-05-06T19:11:09Z,2.79,0,0,0,0,0,0,0,0,0,0,0,0,0,0,0,1,0,0,0,0,0,0,0,0,0,0,0,0,0,0,0,0,1,0
2023-12-02,MT,102,2023-48,Region 8,12.63,62518.50000000001,2026-05-06T19:11:09Z,2.85,0,0,0,0,0,0,0,0,0,0,0,0,0,0,0,1,0,0,0,0,0,0,0,0,0,0,0,0,0,0,0,0,1,0
2023-12-09,MT,102,2023-49,Region 8,11.07,49704.3,2026-05-06T19:11:09Z,2.71,0,0,0,0,0,0,0,0,0,0,0,0,0,0,0,1,0,0,0,0,0,0,0,0,0,0,0,0,0,0,0,0,1,0
2023-12-16,MT,107,2023-50,Region 8,10.76,56274.799999999996,2026-05-06T19:11:09Z,2.87,0,0,0,0,0,0,0,0,0,0,0,0,0,0,0,1,0,0,0,0,0,0,0,0,0,0,0,0,0,0,0,0,1,0
2023-12-23,MT,102,2023-51,Region 8,9.78,53701.979999999996,2026-05-06T19:11:09Z,2.74,0,0,0,0,0,0,0,0,0,0,0,0,0,0,0,1,0,0,0,0,0,0,0,0,0,0,0,0,0,0,0,0,1,0
2023-12-30,MT,95,2023-52,Region 8,11.09,57789.99,2026-05-06T19:11:09Z,3.01,0,0,0,0,0,0,0,0,0,0,0,0,0,0,0,1,0,0,0,0,0,0,0,0,0,0,0,0,0,0,0,0,1,0
2024-01-06,MT,124,2024-01,Region 8,9.77,51399.97,2026-05-06T19:11:09Z,3.09,0,0,0,0,0,0,0,0,0,0,0,0,0,0,0,1,0,0,0,0,0,0,0,0,0,0,0,0,0,0,0,0,1,0
2024-01-13,MT,109,2024-02,Region 8,9.44,45208.159999999996,2026-05-06T19:11:09Z,2.27,0,0,0,0,0,0,0,0,0,0,0,0,0,0,0,1,0,0,0,0,0,0,0,0,0,0,0,0,0,0,0,0,1,0
2024-01-20,MT,58,2024-03,Region 8,9.17,38816.61,2026-05-06T19:11:09Z,1.82,0,0,0,0,0,0,0,0,0,0,0,0,0,0,0,1,0,0,0,0,0,0,0,0,0,0,0,0,0,0,0,0,1,0
2024-01-27,MT,55,2024-04,Region 8,8.24,35720.4,2026-05-06T19:11:09Z,1.53,0,0,0,0,0,0,0,0,0,0,0,0,0,0,0,1,0,0,0,0,0,0,0,0,0,0,0,0,0,0,0,0,1,0
2024-02-03,MT,34,2024-05,Region 8,9.33,39913.74,2026-05-06T19:11:09Z,1.28,0,0,0,0,0,0,0,0,0,0,0,0,0,0,0,1,0,0,0,0,0,0,0,0,0,0,0,0,0,0,0,0,1,0
2024-02-10,MT,47,2024-06,Region 8,7.18,30787.84,2026-05-06T19:11:09Z,1.26,0,0,0,0,0,0,0,0,0,0,0,0,0,0,0,1,0,0,0,0,0,0,0,0,0,0,0,0,0,0,0,0,1,0
2024-02-17,MT,40,2024-07,Region 8,6.89,26485.16,2026-05-06T19:11:09Z,1.3,0,0,0,0,0,0,0,0,0,0,0,0,0,0,0,1,0,0,0,0,0,0,0,0,0,0,0,0,0,0,0,0,1,0
2024-02-24,MT,41,2024-08,Region 8,6.79,25102.63,2026-05-06T19:11:09Z,1.32,0,0,0,0,0,0,0,0,0,0,0,0,0,0,0,1,0,0,0,0,0,0,0,0,0,0,0,0,0,0,0,0,1,0
2024-03-02,MT,45,2024-09,Region 8,5.03,18495.31,2026-05-06T19:11:09Z,1.16,0,0,0,0,0,0,0,0,0,0,0,0,0,0,0,1,0,0,0,0,0,0,0,0,0,0,0,0,0,0,0,0,1,0
2024-03-09,MT,44,2024-10,Region 8,4.71,16216.53,2026-05-06T19:11:09Z,1.3,0,0,0,0,0,0,0,0,0,0,0,0,0,0,0,1,0,0,0,0,0,0,0,0,0,0,0,0,0,0,0,0,1,0
2024-03-16,MT,22,2024-11,Region 8,5,16410,2026-05-06T19:11:09Z,0.79,0,0,0,0,0,0,0,0,0,0,0,0,0,0,0,1,0,0,0,0,0,0,0,0,0,0,0,0,0,0,0,0,1,0
2024-03-23,MT,34,2024-12,Region 8,3.65,10902.55,2026-05-06T19:11:09Z,0.77,0,0,0,0,0,0,0,0,0,0,0,0,0,0,0,1,0,0,0,0,0,0,0,0,0,0,0,0,0,0,0,0,1,0
2024-03-30,MT,27,2024-13,Region 8,3.47,9608.43,2026-05-06T19:11:09Z,0.52,0,0,0,0,0,0,0,0,0,0,0,0,0,0,0,0.9317610024697356,0,0,0,0,0,0,0,0,0,0,0,0,0,0,0,0,0.8019047619047619,0
2024-04-06,MT,17,2024-14,Region 8,4.33,11703.99,2026-05-06T19:11:09Z,0.49,0,0,0,0,0,0,0,0,0,0,0,0,0,0,0,0.9308225144130023,0,0,0,0,0,0,0,0,0,0,0,0,0,0,0,0,0.7621428571428572,0
2024-04-13,MT,17,2024-15,Region 8,3,8187,2026-05-06T19:11:09Z,0.53,0,0,0,0,0,0,0,0,0,0,0,0,0,0,0,0.9639072523722635,0,0,0,0,0,0,0,0,0,0,0,0,0,0,0,0,0.8871428571428572,0
2024-04-20,MT,13,2024-16,Region 8,3.11,7597.73,2026-05-06T19:11:09Z,0.46,0,0,0,0,0,0,0,0,0,0,0,0,0,0,0,1,0,0,0,0,0,0,0,0,0,0,0,0,0,0,0,0,1,0
2024-04-27,MT,10,2024-17,Region 8,2.72,5989.4400000000005,2026-05-06T19:11:09Z,0.26,0,0,0,0,0,0,0,0,0,0,0,0,0,0,0,1,0,0,0,0,0,0,0,0,0,0,0,0,0,0,0,0,1,0
2022-10-01,NC,751,2022-39,Region 4,5.27,64246.56999999999,2026-05-06T19:11:09Z,2.65,0,0,0,0,0,0,0,0,0,0,0,0,1,0,1,1,0,0,0,0,0,0,0,0,0,0,0,0,0,1,0,1,1,0
2022-10-08,NC,677,2022-40,Region 4,4.56,58564.079999999994,2026-05-06T19:11:09Z,2.18,0,0,0,0,0,0,0,0,0,0,0,0,1,0,1,1,0,0,0,0,0,0,0,0,0,0,0,0,0,1,0,1,1,0
2022-10-15,NC,534,2022-41,Region 4,4.85,56526.74999999999,2026-05-06T19:11:09Z,1.85,0,0,0,0,0,0,0,0,0,0,0,0,1,0,1,1,0,0,0,0,0,0,0,0,0,0,0,0,0,1,0,1,1,0
2022-10-22,NC,565,2022-42,Region 4,4.03,52394.030000000006,2026-05-06T19:11:09Z,1.72,0,0,0,0,0,0,0,0,0,0,0,0,1,0,1,1,0,0,0,0,0,0,0,0,0,0,0,0,0,1,0,1,1,0
2022-10-29,NC,557,2022-43,Region 4,4.31,58887.52999999999,2026-05-06T19:11:09Z,1.71,0,0,0,0,0,0,0,0,0,0,0,0,1,0,1,1,0,0,0,0,0,0,0,0,0,0,0,0,0,1,0,1,1,0
2022-11-05,NC,536,2022-44,Region 4,3.9,61230,2026-05-06T19:11:09Z,1.69,0,0,0,0,0,0,0,0,0,0,0,0,1,0,1,1,0,0,0,0,0,0,0,0,0,0,0,0,0,1,0,1,1,0
2022-11-12,NC,515,2022-45,Region 4,3.82,55321.24,2026-05-06T19:11:09Z,1.55,0,0,0,0,0,0,0,0,0,0,0,0,1,0,1,1,0,0,0,0,0,0,0,0,0,0,0,0,0,1,0,1,1,0
2022-11-19,NC,444,2022-46,Region 4,4.13,55288.31,2026-05-06T19:11:09Z,1.43,0,0,0,0,0,0,0,0,0,0,0,0,1,0,1,1,0,0,0,0,0,0,0,0,0,0,0,0,0,1,0,1,1,0
2022-11-26,NC,466,2022-47,Region 4,5.28,61644,2026-05-06T19:11:09Z,1.87,0,0,0,0,0,0,0,0,0,0,0,0,1,0,1,1,0,0,0,0,0,0,0,0,0,0,0,0,0,1,0,1,1,0
2022-12-03,NC,589,2022-48,Region 4,7.55,97455.4,2026-05-06T19:11:09Z,2.23,0,0,0,0,0,0,0,0,0,0,0,0,1,0,1,1,0,0,0,0,0,0,0,0,0,0,0,0,0,1,0,1,1,0
2022-12-10,NC,632,2022-49,Region 4,8.38,101909.18000000001,2026-05-06T19:11:09Z,2.86,0,0,0,0,0,0,0,0,0,0,0,0,1,0,1,1,0,0,0,0,0,0,0,0,0,0,0,0,0,1,0,1,1,0
2022-12-17,NC,789,2022-50,Region 4,10.21,118190.96,2026-05-06T19:11:09Z,3.61,0,0,0,0,0,0,0,0,0,0,0,0,1,0,1,1,0,0,0,0,0,0,0,0,0,0,0,0,0,1,0,1,1,0
2022-12-24,NC,1036,2022-51,Region 4,11.52,119589.12,2026-05-06T19:11:09Z,4.8,0,0,0,0,0,0,0,0,0,0,0,0,1,0,1,1,0,0,0,0,0,0,0,0,0,0,0,0,0,1,0,1,1,0
2022-12-31,NC,1626,2022-52,Region 4,14.04,149399.63999999998,2026-05-06T19:11:09Z,6.14,0,0,0,0,0,0,0,0,0,0,0,0,1,0,1,1,0,0,0,0,0,0,0,0,0,0,0,0,0,1,0,1,1,0
2023-01-07,NC,1601,2023-01,Region 4,13.55,147139.45,2026-05-06T19:11:09Z,5.38,0,0,0,0,0,0,0,0,0,0,0,0,1,0,1,1,0,0,0,0,0,0,0,0,0,0,0,0,0,1,0,1,1,0
2023-01-14,NC,1271,2023-02,Region 4,10.19,121373.09,2026-05-06T19:11:09Z,3.99,0,0,0,0,0,0,0,0,0,0,0,0,1,0,1,1,0,0,0,0,0,0,0,0,0,0,0,0,0,1,0,1,1,0
2023-01-21,NC,1040,2023-03,Region 4,10.69,112565.7,2026-05-06T19:11:09Z,3.44,0,0,0,0,0,0,0,0,0,0,0,0,1,0,1,1,0,0,0,0,0,0,0,0,0,0,0,0,0,1,0,1,1,0
2023-01-28,NC,951,2023-04,Region 4,9.37,106461.93999999999,2026-05-06T19:11:09Z,3.09,0,0,0,0,0,0,0,0,0,0,0,0,1,0,1,1,0,0,0,0,0,0,0,0,0,0,0,0,0,1,0,1,1,0
2023-02-04,NC,779,2023-05,Region 4,9.03,104142.98999999999,2026-05-06T19:11:09Z,2.89,0,0,0,0,0,0,0,0,0,0,0,0,1,0,1,1,0,0,0,0,0,0,0,0,0,0,0,0,0,1,0,1,1,0
2023-02-11,NC,784,2023-06,Region 4,8.67,102514.08,2026-05-06T19:11:09Z,2.75,0,0,0,0,0,0,0,0,0,0,0,0,1,0,1,1,0,0,0,0,0,0,0,0,0,0,0,0,0,1,0,1,1,0
2023-02-18,NC,722,2023-07,Region 4,7.72,85136.16,2026-05-06T19:11:09Z,2.43,0,0,0,0,0,0,0,0,0,0,0,0,1,0,1,1,0,0,0,0,0,0,0,0,0,0,0,0,0,1,0,1,1,0
2023-02-25,NC,682,2023-08,Region 4,6.2,65069,2026-05-06T19:11:09Z,2.09,0,0,0,0,0,0,0,0,0,0,0,0,1,0,1,1,0,0,0,0,0,0,0,0,0,0,0,0,0,1,0,1,1,0
2023-03-04,NC,599,2023-09,Region 4,5.22,47945.7,2026-05-06T19:11:09Z,1.65,0,0,0,0,0,0,0,0,0,0,0,0,1,0,1,1,0,0,0,0,0,0,0,0,0,0,0,0,0,1,0,1,1,0
2023-03-11,NC,483,2023-10,Region 4,5.02,43116.78,2026-05-06T19:11:09Z,1.25,0,0,0,0,0,0,0,0,0,0,0,0,1,0,1,1,0,0,0,0,0,0,0,0,0,0,0,0,0,1,0,1,1,0
2023-03-18,NC,393,2023-11,Region 4,3.96,33184.8,2026-05-06T19:11:09Z,1.19,0,0,0,0,0,0,0,0,0,0,0,0,1,0,1,1,0,0,0,0,0,0,0,0,0,0,0,0,0,1,0,1,1,0
2023-03-25,NC,364,2023-12,Region 4,4.84,40670.52,2026-05-06T19:11:09Z,1.07,0,0,0,0,0,0,0,0,0,0,0,0,1,0,1,0.9808624039320515,0,0,0,0,0,0,0,0,0,0,0,0,0,1,0,1,0.9794642857142857,0
2023-04-01,NC,335,2023-13,Region 4,3.79,25897.07,2026-05-06T19:11:09Z,1.04,0,0,0,0,0,0,0,0,0,0,0,0,1,0,1,0.9725417099894653,0,0,0,0,0,0,0,0,0,0,0,0,0,1,0,1,0.9705357142857143,0
2023-04-08,NC,288,2023-14,Region 4,4.8,32630.399999999998,2026-05-06T19:11:09Z,0.9,0,0,0,0,0,0,0,0,0,0,0,0,1,0,1,0.9883510284803791,0,0,0,0,0,0,0,0,0,0,0,0,0,1,0,1,0.9875,0
2023-04-15,NC,219,2023-15,Region 4,4.62,30903.18,2026-05-06T19:11:09Z,0.75,0,0,0,0,0,0,0,0,0,0,0,0,1,0,1,0.9827118707592333,0,0,0,0,0,0,0,0,0,0,0,0,0,1,0,1,0.8461538461538461,0
2023-04-22,NC,224,2023-16,Region 4,4.32,26676,2026-05-06T19:11:09Z,0.72,0,0,0,0,0,0,0,0,0,0,0,0,1,0,1,0.9880274448614094,0,0,0,0,0,0,0,0,0,0,0,0,0,1,0,1,0.9010989010989011,0
2023-04-29,NC,147,2023-17,Region 4,4.32,27591.84,2026-05-06T19:11:09Z,0.65,0,0,0,0,0,0,0,0,0,0,0,0,0.9731379731379731,0,1,0.9939783547786643,0,0,0,0,0,0,0,0,0,0,0,0,0,0.9371428571428573,0,1,0.9527472527472527,0
2023-05-06,NC,188,2023-18,Region 4,4.56,25504.079999999998,2026-05-06T19:11:09Z,0.63,0,0,0,0,0,0,0,0,0,0,0,0,0.9557387057387058,0,1,0.9928667752885044,0,0,0,0,0,0,0,0,0,0,0,0,0,0.8964285714285714,0,1,0.9461538461538461,0
2023-05-13,NC,164,2023-19,Region 4,3.72,24697.08,2026-05-06T19:11:09Z,0.62,0,0,0,0,0,0,0,0,0,0,0,0,0.9771062271062272,0,1,0.9931865246455357,0,0,0,0,0,0,0,0,0,0,0,0,0,0.9464285714285714,0,1,0.9483516483516483,0
2023-05-20,NC,175,2023-20,Region 4,3.64,22389.64,2026-05-06T19:11:09Z,0.62,0,0,0,0,0,0,0,0,0,0,0,0,1,0,1,0.9901330542004712,0,0,0,0,0,0,0,0,0,0,0,0,0,1,0,1,0.9697802197802197,0
2023-05-27,NC,148,2023-21,Region 4,4.3,22394.399999999998,2026-05-06T19:11:09Z,0.57,0,0,0,0,0,0,0,0,0,0,0,0,0.967948717948718,0,1,0.9700241104235984,0,0,0,0,0,0,0,0,0,0,0,0,0,0.925,0,1,0.9274725274725274,0
2023-06-03,NC,152,2023-22,Region 4,3.4,17724.2,2026-05-06T19:11:09Z,0.63,0,0,0,0,0,0,0,0,0,0,0,0,0.9358974358974359,0,1,0.9726163475179423,0,0,0,0,0,0,0,0,0,0,0,0,0,0.85,0,1,0.9201098901098901,0
2023-06-10,NC,114,2023-23,Region 4,4.08,20102.16,2026-05-06T19:11:09Z,0.53,0,0,0,0,0,0,0,0,0,0,0,0,0.9038461538461539,0,1,0.9948288598557946,0,0,0,0,0,0,0,0,0,0,0,0,0,0.775,0,1,0.957032967032967,0
2023-06-17,NC,140,2023-24,Region 4,4.07,17692.29,2026-05-06T19:11:09Z,0.55,0,0,0,0,0,0,0,0,0,0,0,0,0.747106227106227,0,1,0.9924606069080442,0,0,0,0,0,0,0,0,0,0,0,0,0,0.6207142857142857,0,1,0.9401098901098901,0
2023-06-24,NC,115,2023-25,Region 4,4.27,18100.53,2026-05-06T19:11:09Z,0.52,0,0,0,0,0,0,0,0,0,0,0,0,0.695958485958486,0,1,0.9855330920094374,0,0,0,0,0,0,0,0,0,0,0,0,0,0.5335714285714286,0,1,0.8813186813186813,0
2023-07-01,NC,145,2023-26,Region 4,5,18195,2026-05-06T19:11:09Z,0.53,0,0,0,0,0,0,0,0,0,0,0,0,0.8198534798534799,0,1,0.9710216633852349,0,0,0,0,0,0,0,0,0,0,0,0,0,0.6492857142857144,0,1,0.8636363636363636,0
2023-07-08,NC,124,2023-27,Region 4,5.97,20089.05,2026-05-06T19:11:09Z,0.67,0,0,0,0,0,0,0,0,0,0,0,0,0.909035409035409,0,1,0.9745038365743836,0,0,0,0,0,0,0,0,0,0,0,0,0,0.7871428571428573,0,1,0.8660204081632653,0
2023-07-15,NC,172,2023-28,Region 4,6.38,21806.84,2026-05-06T19:11:09Z,0.73,0,0,0,0,0,0,0,0,0,0,0,0,0.9716117216117215,0,1,0.9843017851446949,0,0,0,0,0,0,0,0,0,0,0,0,0,0.9335714285714286,0,1,0.8921428571428571,0
2023-07-22,NC,188,2023-29,Region 4,8.78,33609.84,2026-05-06T19:11:09Z,0.97,0,0,0,0,0,0,0,0,0,0,0,0,1,0,1,0.9918900591135467,0,0,0,0,0,0,0,0,0,0,0,0,0,1,0,1,0.9234693877551021,0
2023-07-29,NC,219,2023-30,Region 4,10.16,51612.8,2026-05-06T19:11:09Z,1.21,0,0,0,0,0,0,0,0,0,0,0,0,1,0,1,0.9945944156796734,0,0,0,0,0,0,0,0,0,0,0,0,0,1,0,1,0.947704081632653,0
2023-08-05,NC,253,2023-31,Region 4,11,52019,2026-05-06T19:11:09Z,1.46,0,0,0,0,0,0,0,0,0,0,0,0,1,0,1,0.9970984679110938,0,0,0,0,0,0,0,0,0,0,0,0,0,1,0,1,0.9714285714285714,0
2023-08-12,NC,314,2023-32,Region 4,12.55,60478.450000000004,2026-05-06T19:11:09Z,1.98,0,0,0,0,0,0,0,0,0,0,0,0,1,0,1,0.9990665614839892,0,0,0,0,0,0,0,0,0,0,0,0,0,1,0,1,0.9931122448979592,0
2023-08-19,NC,408,2023-33,Region 4,14.32,78917.52,2026-05-06T19:11:09Z,2.48,0,0,0,0,0,0,0,0,0,0,0,0,1,0,1,1,0,0,0,0,0,0,0,0,0,0,0,0,0,1,0,1,1,0
2023-08-26,NC,459,2023-34,Region 4,16.17,136992.24000000002,2026-05-06T19:11:09Z,2.99,0,0,0,0,0,0,0,0,0,0,0,0,1,0,1,0.9995781327334413,0,0,0,0,0,0,0,0,0,0,0,0,0,1,0,1,0.9951530612244898,0
2023-09-02,NC,470,2023-35,Region 4,12.35,96120.05,2026-05-06T19:11:09Z,3.23,0,0,0,0,0,0,0,0,0,0,0,0,1,0,1,0.9992672831686087,0,0,0,0,0,0,0,0,0,0,0,0,0,1,0,1,0.9915816326530613,0
2023-09-09,NC,605,2023-36,Region 4,13.49,104088.84,2026-05-06T19:11:09Z,3.57,0,0,0,0,0,0,0,0,0,0,0,0,1,0,1,0.999520403528544,0,0,0,0,0,0,0,0,0,0,0,0,0,1,0,1,0.9944897959183673,0
2023-09-16,NC,585,2023-37,Region 4,11.63,92307.31000000001,2026-05-06T19:11:09Z,3.41,0,0,0,0,0,0,0,0,0,0,0,0,1,0,1,1,0,0,0,0,0,0,0,0,0,0,0,0,0,1,0,1,1,0
2023-09-23,NC,585,2023-38,Region 4,9.42,80465.64,2026-05-06T19:11:09Z,3,0,0,0,0,0,0,0,0,0,0,0,0,1,0,1,0.9988180781703211,0,0,0,0,0,0,0,0,0,0,0,0,0,1,0,1,0.9926020408163265,0
2023-09-30,NC,553,2023-39,Region 4,8.57,71208.13,2026-05-06T19:11:09Z,2.48,0,0,0,0,0,0,0,0,0,0,0,0,1,0,1,0.9986550544696757,0,0,0,0,0,0,0,0,0,0,0,0,0,1,0,1,0.9915816326530613,0
2023-10-07,NC,559,2023-40,Region 4,7.52,56994.079999999994,2026-05-06T19:11:09Z,2.12,0,0,0,0,0,0,0,0,0,0,0,0,1,0,1,0.9992113294069894,0,0,0,0,0,0,0,0,0,0,0,0,0,1,0,1,0.9928571428571429,0
2023-10-14,NC,439,2023-41,Region 4,7.03,51972.79,2026-05-06T19:11:09Z,1.82,0,0,0,0,0,0,0,0,0,0,0,0,1,0,1,0.9992672831686087,0,0,0,0,0,0,0,0,0,0,0,0,0,1,0,1,0.9915816326530613,0
2023-10-21,NC,412,2023-42,Region 4,7.86,56371.920000000006,2026-05-06T19:11:09Z,1.56,0,0,0,0,0,0,0,0,0,0,0,0,1,0,1,0.997763379818239,0,0,0,0,0,0,0,0,0,0,0,0,0,1,0,1,0.9915816326530613,0
2023-10-28,NC,407,2023-43,Region 4,6.94,54895.4,2026-05-06T19:11:09Z,1.6,0,0,0,0,0,0,0,0,0,0,0,0,1,0,1,0.9947116211844507,0,0,0,0,0,0,0,0,0,0,0,0,0,1,0,1,0.9852551020408162,0
2023-11-04,NC,369,2023-44,Region 4,6.71,54478.49,2026-05-06T19:11:09Z,1.49,0,0,0,0,0,0,0,0,0,0,0,0,1,0,1,0.9955677092749954,0,0,0,0,0,0,0,0,0,0,0,0,0,1,0,1,0.9850510204081633,0
2023-11-11,NC,381,2023-45,Region 4,6.93,62065.079999999994,2026-05-06T19:11:09Z,1.53,0,0,0,0,0,0,0,0,0,0,0,0,1,0,1,0.9992663933470959,0,0,0,0,0,0,0,0,0,0,0,0,0,1,0,1,0.9954081632653061,0
2023-11-18,NC,380,2023-46,Region 4,7.42,60806.9,2026-05-06T19:11:09Z,1.61,0,0,0,0,0,0,0,0,0,0,0,0,1,0,1,0.999917317470047,0,0,0,0,0,0,0,0,0,0,0,0,0,1,0,1,0.997704081632653,0
2023-11-25,NC,407,2023-47,Region 4,7.28,60809.840000000004,2026-05-06T19:11:09Z,1.86,0,0,0,0,0,0,0,0,0,0,0,0,1,0,1,0.9997060176712778,0,0,0,0,0,0,0,0,0,0,0,0,0,1,0,1,0.9918367346938776,0
2023-12-02,NC,447,2023-48,Region 4,7.1,69466.4,2026-05-06T19:11:09Z,1.98,0,0,0,0,0,0,0,0,0,0,0,0,1,0,1,0.9997427654623681,0,0,0,0,0,0,0,0,0,0,0,0,0,1,0,1,0.9928571428571429,0
2023-12-09,NC,536,2023-49,Region 4,7.24,77815.52,2026-05-06T19:11:09Z,2.13,0,0,0,0,0,0,0,0,0,0,0,0,1,0,1,0.998055621876569,0,0,0,0,0,0,0,0,0,0,0,0,0,1,0,1,0.9961734693877551,0
2023-12-16,NC,534,2023-50,Region 4,7.39,88546.98,2026-05-06T19:11:09Z,2.35,0,0,0,0,0,0,0,0,0,0,0,0,1,0,1,0.9957223681284519,0,0,0,0,0,0,0,0,0,0,0,0,0,1,0,1,0.9915816326530613,0
2023-12-23,NC,676,2023-51,Region 4,8.73,104725.08,2026-05-06T19:11:09Z,2.92,0,0,0,0,0,0,0,0,0,0,0,0,1,0,1,0.9970186202107391,0,0,0,0,0,0,0,0,0,0,0,0,0,1,0,1,0.9941326530612246,0
2023-12-30,NC,874,2023-52,Region 4,9.71,134901.03,2026-05-06T19:11:09Z,3.78,0,0,0,0,0,0,0,0,0,0,0,0,1,0,1,1,0,0,0,0,0,0,0,0,0,0,0,0,0,1,0,1,1,0
2024-01-06,NC,832,2024-01,Region 4,10.68,130605.72,2026-05-06T19:11:09Z,3.48,0,0,0,0,0,0,0,0,0,0,0,0,1,0,1,1,0,0,0,0,0,0,0,0,0,0,0,0,0,1,0,1,1,0
2024-01-13,NC,850,2024-02,Region 4,11.05,119549.95000000001,2026-05-06T19:11:09Z,3.18,0,0,0,0,0,0,0,0,0,0,0,0,1,0,1,1,0,0,0,0,0,0,0,0,0,0,0,0,0,1,0,1,1,0
2024-01-20,NC,693,2024-03,Region 4,11.23,107392.49,2026-05-06T19:11:09Z,2.86,0,0,0,0,0,0,0,0,0,0,0,0,1,0,1,1,0,0,0,0,0,0,0,0,0,0,0,0,0,1,0,1,1,0
2024-01-27,NC,657,2024-04,Region 4,11.38,120810.08,2026-05-06T19:11:09Z,3.07,0,0,0,0,0,0,0,0,0,0,0,0,1,0,1,1,0,0,0,0,0,0,0,0,0,0,0,0,0,1,0,1,1,0
2024-02-03,NC,664,2024-05,Region 4,11.9,121451.40000000001,2026-05-06T19:11:09Z,2.99,0,0,0,0,0,0,0,0,0,0,0,0,1,0,1,1,0,0,0,0,0,0,0,0,0,0,0,0,0,1,0,1,1,0
2024-02-10,NC,680,2024-06,Region 4,12.1,125682.7,2026-05-06T19:11:09Z,3.09,0,0,0,0,0,0,0,0,0,0,0,0,1,0,1,1,0,0,0,0,0,0,0,0,0,0,0,0,0,1,0,1,1,0
2024-02-17,NC,699,2024-07,Region 4,11.13,111133.05,2026-05-06T19:11:09Z,2.84,0,0,0,0,0,0,0,0,0,0,0,0,1,0,1,1,0,0,0,0,0,0,0,0,0,0,0,0,0,1,0,1,1,0
2024-02-24,NC,696,2024-08,Region 4,10.37,102580.04,2026-05-06T19:11:09Z,2.61,0,0,0,0,0,0,0,0,0,0,0,0,1,0,1,1,0,0,0,0,0,0,0,0,0,0,0,0,0,1,0,1,1,0
2024-03-02,NC,557,2024-09,Region 4,9.47,88184.64,2026-05-06T19:11:09Z,2.19,0,0,0,0,0,0,0,0,0,0,0,0,1,0,1,1,0,0,0,0,0,0,0,0,0,0,0,0,0,1,0,1,1,0
2024-03-09,NC,538,2024-10,Region 4,7.9,66265.2,2026-05-06T19:11:09Z,1.58,0,0,0,0,0,0,0,0,0,0,0,0,0.9767880165612455,0,1,1,0,0,0,0,0,0,0,0,0,0,0,0,0,0.9765306122448979,0,1,1,0
2024-03-16,NC,354,2024-11,Region 4,5.68,43202.079999999994,2026-05-06T19:11:09Z,1.16,0,0,0,0,0,0,0,0,0,0,0,0,0.9666958498487438,0,1,0.9988588340954826,0,0,0,0,0,0,0,0,0,0,0,0,0,0.9663265306122448,0,1,0.9928571428571429,0
2024-03-23,NC,339,2024-12,Region 4,4.9,36015,2026-05-06T19:11:09Z,0.93,0,0,0,0,0,0,0,0,0,0,0,0,0.9858709666024973,0,1,0.997667139978216,0,0,0,0,0,0,0,0,0,0,0,0,0,0.9857142857142857,0,1,0.9892857142857143,0
2024-03-30,NC,264,2024-13,Region 4,5.39,34269.619999999995,2026-05-06T19:11:09Z,0.79,0,0,0,0,0,0,0,0,0,0,0,0,0.9819113049928471,0,1,0.9948696776336774,0,0,0,0,0,0,0,0,0,0,0,0,0,0.9714285714285714,0,1,0.9821428571428571,0
2024-04-06,NC,267,2024-14,Region 4,4.37,27115.850000000002,2026-05-06T19:11:09Z,0.84,0,0,0,0,0,0,0,0,0,0,0,0,0.9728466470037618,0,1,0.9948071801404018,0,0,0,0,0,0,0,0,0,0,0,0,0,0.9587755102040816,0,1,0.9795918367346939,0
2024-04-13,NC,209,2024-15,Region 4,3.76,21522.239999999998,2026-05-06T19:11:09Z,0.63,0,0,0,0,0,0,0,0,0,0,0,0,0.9576016722720242,0,1,0.992482648742984,0,0,0,0,0,0,0,0,0,0,0,0,0,0.9434693877551021,0,1,0.9737244897959184,0
2024-04-20,NC,175,2024-16,Region 4,3.36,16615.2,2026-05-06T19:11:09Z,0.5,0,0,0,0,0,0,0,0,0,0,0,0,0.967988908708783,0,1,0.980888655032946,0,0,0,0,0,0,0,0,0,0,0,0,0,0.9585714285714286,0,1,0.940561224489796,0
2024-04-27,NC,141,2024-17,Region 4,3.1,15190,2026-05-06T19:11:09Z,0.39,0,0,0,0,0,0,0,0,0,0,0,0,0.9862809608751927,0,1,0.9812709375789421,0,0,0,0,0,0,0,0,0,0,0,0,0,0.9651020408163266,0,1,0.9208163265306122,0
2022-10-01,ND,67,2022-39,Region 8,6.41,100752.38,2026-05-06T19:11:09Z,2.51,0,0,0,0,0,0,0,0,0,0,0,0,0,0,0,0,0,0,0,0,0,0,0,0,0,0,0,0,0,0,0,0,0,0
2022-10-08,ND,67,2022-40,Region 8,6.19,88331.3,2026-05-06T19:11:09Z,2.82,0,0,0,0,0,0,0,0,0,0,0,0,0,0,0,0,0,0,0,0,0,0,0,0,0,0,0,0,0,0,0,0,0,0
2022-10-15,ND,47,2022-41,Region 8,8.49,114648.96,2026-05-06T19:11:09Z,2.27,0,0,0,0,0,0,0,0,0,0,0,0,0,0,0,0,0,0,0,0,0,0,0,0,0,0,0,0,0,0,0,0,0,0
2022-10-22,ND,47,2022-42,Region 8,7.33,91559.03,2026-05-06T19:11:09Z,2.44,0,0,0,0,0,0,0,0,0,0,0,0,0,0,0,0,0,0,0,0,0,0,0,0,0,0,0,0,0,0,0,0,0,0
2022-10-29,ND,83,2022-43,Region 8,8.14,93325.1,2026-05-06T19:11:09Z,2.73,0,0,0,0,0,0,0,0,0,0,0,0,0,0,0,0,0,0,0,0,0,0,0,0,0,0,0,0,0,0,0,0,0,0
2022-11-05,ND,60,2022-44,Region 8,9.67,106360.33,2026-05-06T19:11:09Z,3.24,0,0,0,0,0,0,0,0,0,0,0,0,0,0,0,0,0,0,0,0,0,0,0,0,0,0,0,0,0,0,0,0,0,0
2022-11-12,ND,69,2022-45,Region 8,10.76,118994.84,2026-05-06T19:11:09Z,2.99,0,0,0,0,0,0,0,0,0,0,0,0,0,0,0,0,0,0,0,0,0,0,0,0,0,0,0,0,0,0,0,0,0,0
2022-11-19,ND,68,2022-46,Region 8,9.69,126939,2026-05-06T19:11:09Z,2.6,0,0,0,0,0,0,0,0,0,0,0,0,0,0,0,0,0,0,0,0,0,0,0,0,0,0,0,0,0,0,0,0,0,0
2022-11-26,ND,89,2022-47,Region 8,10.66,122952.44,2026-05-06T19:11:09Z,3.61,0,0,0,0,0,0,0,0,0,0,0,0,0,0,0,0,0,0,0,0,0,0,0,0,0,0,0,0,0,0,0,0,0,0
2022-12-03,ND,85,2022-48,Region 8,10.39,145304.15,2026-05-06T19:11:09Z,3.87,0,0,0,0,0,0,0,0,0,0,0,0,0,0,0,0,0,0,0,0,0,0,0,0,0,0,0,0,0,0,0,0,0,0
2022-12-10,ND,51,2022-49,Region 8,8.69,116915.26,2026-05-06T19:11:09Z,3.25,0,0,0,0,0,0,0,0,0,0,0,0,0,0,0,0,0,0,0,0,0,0,0,0,0,0,0,0,0,0,0,0,0,0
2022-12-17,ND,62,2022-50,Region 8,7.94,100441,2026-05-06T19:11:09Z,3.58,0,0,0,0,0,0,0,0,0,0,0,0,0,0,0,0,0,0,0,0,0,0,0,0,0,0,0,0,0,0,0,0,0,0
2022-12-24,ND,76,2022-51,Region 8,8.56,83297.36,2026-05-06T19:11:09Z,2.9,0,0,0,0,0,0,0,0,0,0,0,0,0,0,0,0,0,0,0,0,0,0,0,0,0,0,0,0,0,0,0,0,0,0
2022-12-31,ND,68,2022-52,Region 8,7.72,75123.31999999999,2026-05-06T19:11:09Z,2.98,0,0,0,0,0,0,0,0,0,0,0,0,0,0,0,0,0,0,0,0,0,0,0,0,0,0,0,0,0,0,0,0,0,0
2023-01-07,ND,45,2023-01,Region 8,7.05,61158.75,2026-05-06T19:11:09Z,2.11,0,0,0,0,0,0,0,0,0,0,0,0,0,0,0,0,0,0,0,0,0,0,0,0,0,0,0,0,0,0,0,0,0,0
2023-01-14,ND,55,2023-02,Region 8,5.74,47263.16,2026-05-06T19:11:09Z,2.32,0,0,0,0,0,0,0,0,0,0,0,0,0,0,0,0,0,0,0,0,0,0,0,0,0,0,0,0,0,0,0,0,0,0
2023-01-21,ND,50,2023-03,Region 8,6.57,52185.51,2026-05-06T19:11:09Z,2.05,0,0,0,0,0,0,0,0,0,0,0,0,0,0,0,0,0,0,0,0,0,0,0,0,0,0,0,0,0,0,0,0,0,0
2023-01-28,ND,46,2023-04,Region 8,7.26,52206.659999999996,2026-05-06T19:11:09Z,2.64,0,0,0,0,0,0,0,0,0,0,0,0,0,0,0,0,0,0,0,0,0,0,0,0,0,0,0,0,0,0,0,0,0,0
2023-02-04,ND,63,2023-05,Region 8,7.67,51028.51,2026-05-06T19:11:09Z,3.61,0,0,0,0,0,0,0,0,0,0,0,0,0,0,0,0,0,0,0,0,0,0,0,0,0,0,0,0,0,0,0,0,0,0
2023-02-11,ND,67,2023-06,Region 8,9.34,62587.34,2026-05-06T19:11:09Z,3.27,0,0,0,0,0,0,0,0,0,0,0,0,0,0,0,0,0,0,0,0,0,0,0,0,0,0,0,0,0,0,0,0,0,0
2023-02-18,ND,63,2023-07,Region 8,8.49,56483.97,2026-05-06T19:11:09Z,3.44,0,0,0,0,0,0,0,0,0,0,0,0,0,0,0,0,0,0,0,0,0,0,0,0,0,0,0,0,0,0,0,0,0,0
2023-02-25,ND,63,2023-08,Region 8,8.89,53082.19,2026-05-06T19:11:09Z,2.53,0,0,0,0,0,0,0,0,0,0,0,0,0,0,0,0,0,0,0,0,0,0,0,0,0,0,0,0,0,0,0,0,0,0
2023-03-04,ND,62,2023-09,Region 8,7.73,45722.950000000004,2026-05-06T19:11:09Z,2.32,0,0,0,0,0,0,0,0,0,0,0,0,0,0,0,0,0,0,0,0,0,0,0,0,0,0,0,0,0,0,0,0,0,0
2023-03-11,ND,45,2023-10,Region 8,7.84,44695.84,2026-05-06T19:11:09Z,1.73,0,0,0,0,0,0,0,0,0,0,0,0,0,0,0,0,0,0,0,0,0,0,0,0,0,0,0,0,0,0,0,0,0,0
2023-03-18,ND,53,2023-11,Region 8,7.15,40898,2026-05-06T19:11:09Z,1.76,0,0,0,0,0,0,0,0,0,0,0,0,0,0,0,0,0,0,0,0,0,0,0,0,0,0,0,0,0,0,0,0,0,0
2023-03-25,ND,35,2023-12,Region 8,6.9,41496.6,2026-05-06T19:11:09Z,1.7,0,0,0,0,0,0,0,0,0,0,0,0,0,0,0,0,0,0,0,0,0,0,0,0,0,0,0,0,0,0,0,0,0,0
2023-04-01,ND,45,2023-13,Region 8,6.42,33191.4,2026-05-06T19:11:09Z,1.54,0,0,0,0,0,0,0,0,0,0,0,0,0,0,0,0,0,0,0,0,0,0,0,0,0,0,0,0,0,0,0,0,0,0
2023-04-08,ND,24,2023-14,Region 8,6.63,27892.41,2026-05-06T19:11:09Z,1.82,0,0,0,0,0,0,0,0,0,0,0,0,0,0,0,0,0,0,0,0,0,0,0,0,0,0,0,0,0,0,0,0,0,0
2023-04-15,ND,34,2023-15,Region 8,5.56,24792.039999999997,2026-05-06T19:11:09Z,1.64,0,0,0,0,0,0,0,0,0,0,0,0,0,0,0,0,0,0,0,0,0,0,0,0,0,0,0,0,0,0,0,0,0,0
2023-04-22,ND,30,2023-16,Region 8,4.68,17718.48,2026-05-06T19:11:09Z,1.08,0,0,0,0,0,0,0,0,0,0,0,0,0,0,0,0,0,0,0,0,0,0,0,0,0,0,0,0,0,0,0,0,0,0
2023-04-29,ND,31,2023-17,Region 8,5.06,19900.98,2026-05-06T19:11:09Z,1.25,0,0,0,0,0,0,0,0,0,0,0,0,0,0,0,0,0,0,0,0,0,0,0,0,0,0,0,0,0,0,0,0,0,0
2023-05-06,ND,22,2023-18,Region 8,5.05,16513.5,2026-05-06T19:11:09Z,0.73,0,0,0,0,0,0,0,0,0,0,0,0,0,0,0,0,0,0,0,0,0,0,0,0,0,0,0,0,0,0,0,0,0,0
2023-05-13,ND,31,2023-19,Region 8,4.16,12105.6,2026-05-06T19:11:09Z,0.86,0,0,0,0,0,0,0,0,0,0,0,0,0,0,0,0,0,0,0,0,0,0,0,0,0,0,0,0,0,0,0,0,0,0
2023-05-20,ND,17,2023-20,Region 8,4.82,11404.12,2026-05-06T19:11:09Z,0.56,0,0,0,0,0,0,0,0,0,0,0,0,0,0,0,0,0,0,0,0,0,0,0,0,0,0,0,0,0,0,0,0,0,0
2023-05-27,ND,11,2023-21,Region 8,4.68,10796.76,2026-05-06T19:11:09Z,0.55,0,0,0,0,0,0,0,0,0,0,0,0,0,0,0,0,0,0,0,0,0,0,0,0,0,0,0,0,0,0,0,0,0,0
2023-06-03,ND,14,2023-22,Region 8,3.55,8101.0999999999995,2026-05-06T19:11:09Z,0.44,0,0,0,0,0,0,0,0,0,0,0,0,0,0,0,0,0,0,0,0,0,0,0,0,0,0,0,0,0,0,0,0,0,0
2023-06-10,ND,12,2023-23,Region 8,3.32,6500.5599999999995,2026-05-06T19:11:09Z,0.4,0,0,0,0,0,0,0,0,0,0,0,0,0,0,0,0,0,0,0,0,0,0,0,0,0,0,0,0,0,0,0,0,0,0
2023-06-17,ND,17,2023-24,Region 8,3.47,6707.51,2026-05-06T19:11:09Z,0.13,0,0,0,0,0,0,0,0,0,0,0,0,0,0,0,0,0,0,0,0,0,0,0,0,0,0,0,0,0,0,0,0,0,0
2023-06-24,ND,5,2023-25,Region 8,3.81,7490.46,2026-05-06T19:11:09Z,0.23,0,0,0,0,0,0,0,0,0,0,0,0,0,0,0,0,0,0,0,0,0,0,0,0,0,0,0,0,0,0,0,0,0,0
2023-07-01,ND,8,2023-26,Region 8,4.77,8891.279999999999,2026-05-06T19:11:09Z,0.21,0,0,0,0,0,0,0,0,0,0,0,0,0,0,0,0,0,0,0,0,0,0,0,0,0,0,0,0,0,0,0,0,0,0
2023-07-08,ND,7,2023-27,Region 8,6.36,9692.640000000001,2026-05-06T19:11:09Z,0.29,0,0,0,0,0,0,0,0,0,0,0,0,0,0,0,0,0,0,0,0,0,0,0,0,0,0,0,0,0,0,0,0,0,0
2023-07-15,ND,10,2023-28,Region 8,7.12,11306.56,2026-05-06T19:11:09Z,0.28,0,0,0,0,0,0,0,0,0,0,0,0,0,0,0,0,0,0,0,0,0,0,0,0,0,0,0,0,0,0,0,0,0,0
2023-07-22,ND,19,2023-29,Region 8,7.07,10795.890000000001,2026-05-06T19:11:09Z,0.5,0,0,0,0,0,0,0,0,0,0,0,0,0,0,0,0,0,0,0,0,0,0,0,0,0,0,0,0,0,0,0,0,0,0
2023-07-29,ND,13,2023-30,Region 8,8.06,12992.720000000001,2026-05-06T19:11:09Z,0.53,0,0,0,0,0,0,0,0,0,0,0,0,0,0,0,0,0,0,0,0,0,0,0,0,0,0,0,0,0,0,0,0,0,0
2023-08-05,ND,14,2023-31,Region 8,9.38,15008.000000000002,2026-05-06T19:11:09Z,0.64,0,0,0,0,0,0,0,0,0,0,0,0,0,0,0,0,0,0,0,0,0,0,0,0,0,0,0,0,0,0,0,0,0,0
2023-08-12,ND,15,2023-32,Region 8,12.72,22298.16,2026-05-06T19:11:09Z,0.68,0,0,0,0,0,0,0,0,0,0,0,0,0,0,0,0,0,0,0,0,0,0,0,0,0,0,0,0,0,0,0,0,0,0
2023-08-19,ND,13,2023-33,Region 8,13.11,27399.899999999998,2026-05-06T19:11:09Z,1.09,0,0,0,0,0,0,0,0,0,0,0,0,0,0,0,0,0,0,0,0,0,0,0,0,0,0,0,0,0,0,0,0,0,0
2023-08-26,ND,19,2023-34,Region 8,14.91,33010.74,2026-05-06T19:11:09Z,0.86,0,0,0,0,0,0,0,0,0,0,0,0,0,0,0,0,0,0,0,0,0,0,0,0,0,0,0,0,0,0,0,0,0,0
2023-09-02,ND,20,2023-35,Region 8,12.78,35694.54,2026-05-06T19:11:09Z,1.06,0,0,0,0,0,0,0,0,0,0,0,0,0,0,0,0,0,0,0,0,0,0,0,0,0,0,0,0,0,0,0,0,0,0
2023-09-09,ND,24,2023-36,Region 8,13.18,42202.36,2026-05-06T19:11:09Z,1.43,0,0,0,0,0,0,0,0,0,0,0,0,0,0,0,0,0,0,0,0,0,0,0,0,0,0,0,0,0,0,0,0,0,0
2023-09-16,ND,26,2023-37,Region 8,14.09,45186.63,2026-05-06T19:11:09Z,1.66,0,0,0,0,0,0,0,0,0,0,0,0,0,0,0,0,0,0,0,0,0,0,0,0,0,0,0,0,0,0,0,0,0,0
2023-09-23,ND,33,2023-38,Region 8,11.96,42792.880000000005,2026-05-06T19:11:09Z,1.32,0,0,0,0,0,0,0,0,0,0,0,0,0,0,0,0,0,0,0,0,0,0,0,0,0,0,0,0,0,0,0,0,0,0
2023-09-30,ND,38,2023-39,Region 8,13.59,46803.96,2026-05-06T19:11:09Z,1.55,0,0,0,0,0,0,0,0,0,0,0,0,0,0,0,0,0,0,0,0,0,0,0,0,0,0,0,0,0,0,0,0,0,0
2023-10-07,ND,43,2023-40,Region 8,14.66,47996.840000000004,2026-05-06T19:11:09Z,1.08,0,0,0,0,0,0,0,0,0,0,0,0,0,0,0,0,0,0,0,0,0,0,0,0,0,0,0,0,0,0,0,0,0,0
2023-10-14,ND,58,2023-41,Region 8,14.53,50288.329999999994,2026-05-06T19:11:09Z,1.42,0,0,0,0,0,0,0,0,0,0,0,0,0,0,0,0,0,0,0,0,0,0,0,0,0,0,0,0,0,0,0,0,0,0
2023-10-21,ND,51,2023-42,Region 8,14.43,44805.15,2026-05-06T19:11:09Z,1.65,0,0,0,0,0,0,0,0,0,0,0,0,0,0,0,0,0,0,0,0,0,0,0,0,0,0,0,0,0,0,0,0,0,0
2023-10-28,ND,49,2023-43,Region 8,13.03,37787,2026-05-06T19:11:09Z,1.27,0,0,0,0,0,0,0,0,0,0,0,0,0,0,0,0,0,0,0,0,0,0,0,0,0,0,0,0,0,0,0,0,0,0
2023-11-04,ND,35,2023-44,Region 8,12.65,36292.85,2026-05-06T19:11:09Z,1.76,0,0,0,0,0,0,0,0,0,0,0,0,0,0,0,0,0,0,0,0,0,0,0,0,0,0,0,0,0,0,0,0,0,0
2023-11-11,ND,48,2023-45,Region 8,14.2,46789,2026-05-06T19:11:09Z,2.12,0,0,0,0,0,0,0,0,0,0,0,0,0,0,0,0,0,0,0,0,0,0,0,0,0,0,0,0,0,0,0,0,0,0
2023-11-18,ND,77,2023-46,Region 8,14,60718,2026-05-06T19:11:09Z,2.47,0,0,0,0,0,0,0,0,0,0,0,0,0,0,0,0,0,0,0,0,0,0,0,0,0,0,0,0,0,0,0,0,0,0
2023-11-25,ND,72,2023-47,Region 8,12.63,54498.450000000004,2026-05-06T19:11:09Z,2.93,0,0,0,0,0,0,0,0,0,0,0,0,0,0,0,0,0,0,0,0,0,0,0,0,0,0,0,0,0,0,0,0,0,0
2023-12-02,ND,85,2023-48,Region 8,12.63,62518.50000000001,2026-05-06T19:11:09Z,3.42,0,0,0,0,0,0,0,0,0,0,0,0,0,0,0,0,0,0,0,0,0,0,0,0,0,0,0,0,0,0,0,0,0,0
2023-12-09,ND,80,2023-49,Region 8,11.07,49704.3,2026-05-06T19:11:09Z,3.1,0,0,0,0,0,0,0,0,0,0,0,0,0,0,0,0,0,0,0,0,0,0,0,0,0,0,0,0,0,0,0,0,0,0
2023-12-16,ND,81,2023-50,Region 8,10.76,56274.799999999996,2026-05-06T19:11:09Z,2.82,0,0,0,0,0,0,0,0,0,0,0,0,0,0,0,0,0,0,0,0,0,0,0,0,0,0,0,0,0,0,0,0,0,0
2023-12-23,ND,89,2023-51,Region 8,9.78,53701.979999999996,2026-05-06T19:11:09Z,3.04,0,0,0,0,0,0,0,0,0,0,0,0,0,0,0,0,0,0,0,0,0,0,0,0,0,0,0,0,0,0,0,0,0,0
2023-12-30,ND,100,2023-52,Region 8,11.09,57789.99,2026-05-06T19:11:09Z,2.8,0,0,0,0,0,0,0,0,0,0,0,0,0,0,0,0,0,0,0,0,0,0,0,0,0,0,0,0,0,0,0,0,0,0
2024-01-06,ND,77,2024-01,Region 8,9.77,51399.97,2026-05-06T19:11:09Z,2.36,0,0,0,0,0,0,0,0,0,0,0,0,0,0,0,0,0,0,0,0,0,0,0,0,0,0,0,0,0,0,0,0,0,0
2024-01-13,ND,57,2024-02,Region 8,9.44,45208.159999999996,2026-05-06T19:11:09Z,1.94,0,0,0,0,0,0,0,0,0,0,0,0,0,0,0,0,0,0,0,0,0,0,0,0,0,0,0,0,0,0,0,0,0,0
2024-01-20,ND,53,2024-03,Region 8,9.17,38816.61,2026-05-06T19:11:09Z,1.77,0,0,0,0,0,0,0,0,0,0,0,0,0,0,0,0,0,0,0,0,0,0,0,0,0,0,0,0,0,0,0,0,0,0
2024-01-27,ND,39,2024-04,Region 8,8.24,35720.4,2026-05-06T19:11:09Z,1.38,0,0,0,0,0,0,0,0,0,0,0,0,0,0,0,0,0,0,0,0,0,0,0,0,0,0,0,0,0,0,0,0,0,0
2024-02-03,ND,31,2024-05,Region 8,9.33,39913.74,2026-05-06T19:11:09Z,1.42,0,0,0,0,0,0,0,0,0,0,0,0,0,0,0,0,0,0,0,0,0,0,0,0,0,0,0,0,0,0,0,0,0,0
2024-02-10,ND,44,2024-06,Region 8,7.18,30787.84,2026-05-06T19:11:09Z,1.51,0,0,0,0,0,0,0,0,0,0,0,0,0,0,0,0,0,0,0,0,0,0,0,0,0,0,0,0,0,0,0,0,0,0
2024-02-17,ND,40,2024-07,Region 8,6.89,26485.16,2026-05-06T19:11:09Z,1.05,0,0,0,0,0,0,0,0,0,0,0,0,0,0,0,0,0,0,0,0,0,0,0,0,0,0,0,0,0,0,0,0,0,0
2024-02-24,ND,38,2024-08,Region 8,6.79,25102.63,2026-05-06T19:11:09Z,1.38,0,0,0,0,0,0,0,0,0,0,0,0,0,0,0,0,0,0,0,0,0,0,0,0,0,0,0,0,0,0,0,0,0,0
2024-03-02,ND,36,2024-09,Region 8,5.03,18495.31,2026-05-06T19:11:09Z,0.82,0,0,0,0,0,0,0,0,0,0,0,0,0,0,0,0,0,0,0,0,0,0,0,0,0,0,0,0,0,0,0,0,0,0
2024-03-09,ND,35,2024-10,Region 8,4.71,16216.53,2026-05-06T19:11:09Z,0.88,0,0,0,0,0,0,0,0,0,0,0,0,0,0,0,0,0,0,0,0,0,0,0,0,0,0,0,0,0,0,0,0,0,0
2024-03-16,ND,30,2024-11,Region 8,5,16410,2026-05-06T19:11:09Z,0.94,0,0,0,0,0,0,0,0,0,0,0,0,0,0,0,0,0,0,0,0,0,0,0,0,0,0,0,0,0,0,0,0,0,0
2024-03-23,ND,23,2024-12,Region 8,3.65,10902.55,2026-05-06T19:11:09Z,0.44,0,0,0,0,0,0,0,0,0,0,0,0,0,0,0,0,0,0,0,0,0,0,0,0,0,0,0,0,0,0,0,0,0,0
2024-03-30,ND,17,2024-13,Region 8,3.47,9608.43,2026-05-06T19:11:09Z,0.53,0,0,0,0,0,0,0,0,0,0,0,0,0,0,0,0,0,0,0,0,0,0,0,0,0,0,0,0,0,0,0,0,0,0
2024-04-06,ND,20,2024-14,Region 8,4.33,11703.99,2026-05-06T19:11:09Z,0.45,0,0,0,0,0,0,0,0,0,0,0,0,0,0,0,0,0,0,0,0,0,0,0,0,0,0,0,0,0,0,0,0,0,0
2024-04-13,ND,24,2024-15,Region 8,3,8187,2026-05-06T19:11:09Z,0.38,0,0,0,0,0,0,0,0,0,0,0,0,0,0,0,0,0,0,0,0,0,0,0,0,0,0,0,0,0,0,0,0,0,0
2024-04-20,ND,11,2024-16,Region 8,3.11,7597.73,2026-05-06T19:11:09Z,0.47,0,0,0,0,0,0,0,0,0,0,0,0,0,0,0,0,0,0,0,0,0,0,0,0,0,0,0,0,0,0,0,0,0,0
2024-04-27,ND,15,2024-17,Region 8,2.72,5989.4400000000005,2026-05-06T19:11:09Z,0.33,0,0,0,0,0,0,0,0,0,0,0,0,0,0,0,0,0,0,0,0,0,0,0,0,0,0,0,0,0,0,0,0,0,0
2022-10-01,NE,123,2022-39,Region 7,8.99,88344.73,2026-05-06T19:11:09Z,1.26,0,0,0,0,0,0,0,0,0,0,0,0,1,0,0,1,0,0,0,0,0,0,0,0,0,0,0,0,0,1,0,0,1,0
2022-10-08,NE,123,2022-40,Region 7,9.66,80661,2026-05-06T19:11:09Z,1.05,0,0,0,0,0,0,0,0,0,0,0,0,1,0,0,1,0,0,0,0,0,0,0,0,0,0,0,0,0,1,0,0,1,0
2022-10-15,NE,91,2022-41,Region 7,8.68,83388.76,2026-05-06T19:11:09Z,1.01,0,0,0,0,0,0,0,0,0,0,0,0,1,0,0,1,0,0,0,0,0,0,0,0,0,0,0,0,0,1,0,0,1,0
2022-10-22,NE,96,2022-42,Region 7,8.99,95159.15000000001,2026-05-06T19:11:09Z,1.17,0,0,0,0,0,0,0,0,0,0,0,0,1,0,0,1,0,0,0,0,0,0,0,0,0,0,0,0,0,1,0,0,1,0
2022-10-29,NE,107,2022-43,Region 7,9.68,104998.95999999999,2026-05-06T19:11:09Z,1.42,0,0,0,0,0,0,0,0,0,0,0,0,1,0,0,1,0,0,0,0,0,0,0,0,0,0,0,0,0,1,0,0,1,0
2022-11-05,NE,140,2022-44,Region 7,8.94,111562.26,2026-05-06T19:11:09Z,1.89,0,0,0,0,0,0,0,0,0,0,0,0,1,0,0,1,0,0,0,0,0,0,0,0,0,0,0,0,0,1,0,0,1,0
2022-11-12,NE,148,2022-45,Region 7,8.62,113232.31999999999,2026-05-06T19:11:09Z,2.06,0,0,0,0,0,0,0,0,0,0,0,0,1,0,0,1,0,0,0,0,0,0,0,0,0,0,0,0,0,1,0,0,1,0
2022-11-19,NE,139,2022-46,Region 7,9.15,130469.85,2026-05-06T19:11:09Z,2.34,0,0,0,0,0,0,0,0,0,0,0,0,1,0,0,1,0,0,0,0,0,0,0,0,0,0,0,0,0,1,0,0,1,0
2022-11-26,NE,204,2022-47,Region 7,9.77,145426.44999999998,2026-05-06T19:11:09Z,3.11,0,0,0,0,0,0,0,0,0,0,0,0,1,0,0,1,0,0,0,0,0,0,0,0,0,0,0,0,0,1,0,0,1,0
2022-12-03,NE,261,2022-48,Region 7,11.34,203156.1,2026-05-06T19:11:09Z,3.62,0,0,0,0,0,0,0,0,0,0,0,0,1,0,0,1,0,0,0,0,0,0,0,0,0,0,0,0,0,1,0,0,1,0
2022-12-10,NE,230,2022-49,Region 7,11.4,212895,2026-05-06T19:11:09Z,3.13,0,0,0,0,0,0,0,0,0,0,0,0,1,0,0,1,0,0,0,0,0,0,0,0,0,0,0,0,0,1,0,0,1,0
2022-12-17,NE,230,2022-50,Region 7,14.72,294193.92,2026-05-06T19:11:09Z,3.01,0,0,0,0,0,0,0,0,0,0,0,0,1,0,0,1,0,0,0,0,0,0,0,0,0,0,0,0,0,1,0,0,1,0
2022-12-24,NE,205,2022-51,Region 7,11.01,158136.63,2026-05-06T19:11:09Z,2.57,0,0,0,0,0,0,0,0,0,0,0,0,1,0,0,1,0,0,0,0,0,0,0,0,0,0,0,0,0,1,0,0,1,0
2022-12-31,NE,192,2022-52,Region 7,10.86,138866.82,2026-05-06T19:11:09Z,2.04,0,0,0,0,0,0,0,0,0,0,0,0,1,0,0,1,0,0,0,0,0,0,0,0,0,0,0,0,0,1,0,0,1,0
2023-01-07,NE,155,2023-01,Region 7,11.02,121804.06,2026-05-06T19:11:09Z,1.88,0,0,0,0,0,0,0,0,0,0,0,0,1,0,0,1,0,0,0,0,0,0,0,0,0,0,0,0,0,1,0,0,1,0
2023-01-14,NE,152,2023-02,Region 7,9.49,97424.34,2026-05-06T19:11:09Z,1.31,0,0,0,0,0,0,0,0,0,0,0,0,1,0,0,1,0,0,0,0,0,0,0,0,0,0,0,0,0,1,0,0,1,0
2023-01-21,NE,125,2023-03,Region 7,9.71,90380.68000000001,2026-05-06T19:11:09Z,1.17,0,0,0,0,0,0,0,0,0,0,0,0,1,0,0,1,0,0,0,0,0,0,0,0,0,0,0,0,0,1,0,0,1,0
2023-01-28,NE,98,2023-04,Region 7,9.58,87245.06,2026-05-06T19:11:09Z,1.12,0,0,0,0,0,0,0,0,0,0,0,0,1,0,0,1,0,0,0,0,0,0,0,0,0,0,0,0,0,1,0,0,1,0
2023-02-04,NE,66,2023-05,Region 7,9.02,73909.87999999999,2026-05-06T19:11:09Z,1.09,0,0,0,0,0,0,0,0,0,0,0,0,1,0,0,1,0,0,0,0,0,0,0,0,0,0,0,0,0,1,0,0,1,0
2023-02-11,NE,100,2023-06,Region 7,10.47,85571.31000000001,2026-05-06T19:11:09Z,1.52,0,0,0,0,0,0,0,0,0,0,0,0,1,0,0,1,0,0,0,0,0,0,0,0,0,0,0,0,0,1,0,0,1,0
2023-02-18,NE,132,2023-07,Region 7,11.01,86967.99,2026-05-06T19:11:09Z,1.63,0,0,0,0,0,0,0,0,0,0,0,0,1,0,0,1,0,0,0,0,0,0,0,0,0,0,0,0,0,1,0,0,1,0
2023-02-25,NE,169,2023-08,Region 7,11.01,87210.20999999999,2026-05-06T19:11:09Z,1.66,0,0,0,0,0,0,0,0,0,0,0,0,1,0,0,1,0,0,0,0,0,0,0,0,0,0,0,0,0,1,0,0,1,0
2023-03-04,NE,181,2023-09,Region 7,11.21,86911.13,2026-05-06T19:11:09Z,1.87,0,0,0,0,0,0,0,0,0,0,0,0,1,0,0,1,0,0,0,0,0,0,0,0,0,0,0,0,0,1,0,0,1,0
2023-03-11,NE,156,2023-10,Region 7,11.81,86425.58,2026-05-06T19:11:09Z,1.91,0,0,0,0,0,0,0,0,0,0,0,0,1,0,0,1,0,0,0,0,0,0,0,0,0,0,0,0,0,1,0,0,1,0
2023-03-18,NE,146,2023-11,Region 7,11.73,86825.46,2026-05-06T19:11:09Z,1.65,0,0,0,0,0,0,0,0,0,0,0,0,1,0,0,1,0,0,0,0,0,0,0,0,0,0,0,0,0,1,0,0,1,0
2023-03-25,NE,119,2023-12,Region 7,10.46,74067.26000000001,2026-05-06T19:11:09Z,1.61,0,0,0,0,0,0,0,0,0,0,0,0,1,0,0,1,0,0,0,0,0,0,0,0,0,0,0,0,0,1,0,0,1,0
2023-04-01,NE,153,2023-13,Region 7,9.76,64972.32,2026-05-06T19:11:09Z,1.62,0,0,0,0,0,0,0,0,0,0,0,0,1,0,0,1,0,0,0,0,0,0,0,0,0,0,0,0,0,1,0,0,1,0
2023-04-08,NE,101,2023-14,Region 7,9.67,58687.23,2026-05-06T19:11:09Z,1.25,0,0,0,0,0,0,0,0,0,0,0,0,1,0,0,1,0,0,0,0,0,0,0,0,0,0,0,0,0,1,0,0,1,0
2023-04-15,NE,66,2023-15,Region 7,7.31,41513.49,2026-05-06T19:11:09Z,0.8,0,0,0,0,0,0,0,0,0,0,0,0,1,0,0,1,0,0,0,0,0,0,0,0,0,0,0,0,0,1,0,0,1,0
2023-04-22,NE,52,2023-16,Region 7,5.99,30884.440000000002,2026-05-06T19:11:09Z,0.71,0,0,0,0,0,0,0,0,0,0,0,0,1,0,0,1,0,0,0,0,0,0,0,0,0,0,0,0,0,1,0,0,1,0
2023-04-29,NE,55,2023-17,Region 7,5.77,27805.629999999997,2026-05-06T19:11:09Z,0.6,0,0,0,0,0,0,0,0,0,0,0,0,1,0,0,1,0,0,0,0,0,0,0,0,0,0,0,0,0,1,0,0,1,0
2023-05-06,NE,26,2023-18,Region 7,5.98,27890.72,2026-05-06T19:11:09Z,0.52,0,0,0,0,0,0,0,0,0,0,0,0,1,0,0,1,0,0,0,0,0,0,0,0,0,0,0,0,0,1,0,0,1,0
2023-05-13,NE,44,2023-19,Region 7,5.12,21990.4,2026-05-06T19:11:09Z,0.48,0,0,0,0,0,0,0,0,0,0,0,0,1,0,0,1,0,0,0,0,0,0,0,0,0,0,0,0,0,1,0,0,1,0
2023-05-20,NE,29,2023-20,Region 7,3.92,15487.92,2026-05-06T19:11:09Z,0.31,0,0,0,0,0,0,0,0,0,0,0,0,1,0,0,1,0,0,0,0,0,0,0,0,0,0,0,0,0,1,0,0,1,0
2023-05-27,NE,26,2023-21,Region 7,3.25,11202.75,2026-05-06T19:11:09Z,0.2,0,0,0,0,0,0,0,0,0,0,0,0,1,0,0,1,0,0,0,0,0,0,0,0,0,0,0,0,0,1,0,0,1,0
2023-06-03,NE,29,2023-22,Region 7,3.59,11502.359999999999,2026-05-06T19:11:09Z,0.23,0,0,0,0,0,0,0,0,0,0,0,0,1,0,0,1,0,0,0,0,0,0,0,0,0,0,0,0,0,1,0,0,1,0
2023-06-10,NE,15,2023-23,Region 7,3.99,11395.44,2026-05-06T19:11:09Z,0.19,0,0,0,0,0,0,0,0,0,0,0,0,1,0,0,1,0,0,0,0,0,0,0,0,0,0,0,0,0,1,0,0,1,0
2023-06-17,NE,32,2023-24,Region 7,3.31,8788.05,2026-05-06T19:11:09Z,0.2,0,0,0,0,0,0,0,0,0,0,0,0,1,0,0,1,0,0,0,0,0,0,0,0,0,0,0,0,0,1,0,0,1,0
2023-06-24,NE,16,2023-25,Region 7,4.38,10888.68,2026-05-06T19:11:09Z,0.23,0,0,0,0,0,0,0,0,0,0,0,0,1,0,0,1,0,0,0,0,0,0,0,0,0,0,0,0,0,1,0,0,1,0
2023-07-01,NE,18,2023-26,Region 7,4.56,10392.24,2026-05-06T19:11:09Z,0.24,0,0,0,0,0,0,0,0,0,0,0,0,1,0,0,1,0,0,0,0,0,0,0,0,0,0,0,0,0,1,0,0,1,0
2023-07-08,NE,13,2023-27,Region 7,5.33,12701.39,2026-05-06T19:11:09Z,0.14,0,0,0,0,0,0,0,0,0,0,0,0,1,0,0,1,0,0,0,0,0,0,0,0,0,0,0,0,0,1,0,0,1,0
2023-07-15,NE,22,2023-28,Region 7,5.64,13891.32,2026-05-06T19:11:09Z,0.18,0,0,0,0,0,0,0,0,0,0,0,0,1,0,0,1,0,0,0,0,0,0,0,0,0,0,0,0,0,1,0,0,1,0
2023-07-22,NE,30,2023-29,Region 7,5.85,14098.5,2026-05-06T19:11:09Z,0.18,0,0,0,0,0,0,0,0,0,0,0,0,1,0,0,1,0,0,0,0,0,0,0,0,0,0,0,0,0,1,0,0,1,0
2023-07-29,NE,25,2023-30,Region 7,8.78,22810.44,2026-05-06T19:11:09Z,0.45,0,0,0,0,0,0,0,0,0,0,0,0,1,0,0,1,0,0,0,0,0,0,0,0,0,0,0,0,0,1,0,0,1,0
2023-08-05,NE,28,2023-31,Region 7,10.31,30589.77,2026-05-06T19:11:09Z,0.35,0,0,0,0,0,0,0,0,0,0,0,0,1,0,0,1,0,0,0,0,0,0,0,0,0,0,0,0,0,1,0,0,1,0
2023-08-12,NE,32,2023-32,Region 7,13.34,43408.36,2026-05-06T19:11:09Z,0.67,0,0,0,0,0,0,0,0,0,0,0,0,1,0,0,1,0,0,0,0,0,0,0,0,0,0,0,0,0,1,0,0,1,0
2023-08-19,NE,45,2023-33,Region 7,13.88,52008.36,2026-05-06T19:11:09Z,0.84,0,0,0,0,0,0,0,0,0,0,0,0,1,0,0,1,0,0,0,0,0,0,0,0,0,0,0,0,0,1,0,0,1,0
2023-08-26,NE,46,2023-34,Region 7,16.68,72207.72,2026-05-06T19:11:09Z,1,0,0,0,0,0,0,0,0,0,0,0,0,1,0,0,1,0,0,0,0,0,0,0,0,0,0,0,0,0,1,0,0,1,0
2023-09-02,NE,42,2023-35,Region 7,15.95,91600.84999999999,2026-05-06T19:11:09Z,0.99,0,0,0,0,0,0,0,0,0,0,0,0,1,0,0,1,0,0,0,0,0,0,0,0,0,0,0,0,0,1,0,0,1,0
2023-09-09,NE,65,2023-36,Region 7,17.14,110518.72,2026-05-06T19:11:09Z,1.07,0,0,0,0,0,0,0,0,0,0,0,0,1,0,0,1,0,0,0,0,0,0,0,0,0,0,0,0,0,1,0,0,1,0
2023-09-16,NE,73,2023-37,Region 7,15.19,103367.95,2026-05-06T19:11:09Z,0.99,0,0,0,0,0,0,0,0,0,0,0,0,1,0,0,1,0,0,0,0,0,0,0,0,0,0,0,0,0,1,0,0,1,0
2023-09-23,NE,79,2023-38,Region 7,15.11,94996.56999999999,2026-05-06T19:11:09Z,0.95,0,0,0,0,0,0,0,0,0,0,0,0,1,0,0,1,0,0,0,0,0,0,0,0,0,0,0,0,0,1,0,0,1,0
2023-09-30,NE,91,2023-39,Region 7,12.86,66704.81999999999,2026-05-06T19:11:09Z,0.96,0,0,0,0,0,0,0,0,0,0,0,0,1,0,0,1,0,0,0,0,0,0,0,0,0,0,0,0,0,1,0,0,1,0
2023-10-07,NE,65,2023-40,Region 7,10.68,60299.28,2026-05-06T19:11:09Z,0.75,0,0,0,0,0,0,0,0,0,0,0,0,1,0,0,1,0,0,0,0,0,0,0,0,0,0,0,0,0,1,0,0,1,0
2023-10-14,NE,66,2023-41,Region 7,10.25,58179,2026-05-06T19:11:09Z,0.78,0,0,0,0,0,0,0,0,0,0,0,0,1,0,0,1,0,0,0,0,0,0,0,0,0,0,0,0,0,1,0,0,1,0
2023-10-21,NE,82,2023-42,Region 7,11.2,64971.2,2026-05-06T19:11:09Z,1.06,0,0,0,0,0,0,0,0,0,0,0,0,1,0,0,1,0,0,0,0,0,0,0,0,0,0,0,0,0,1,0,0,1,0
2023-10-28,NE,129,2023-43,Region 7,11.47,67718.88,2026-05-06T19:11:09Z,1.42,0,0,0,0,0,0,0,0,0,0,0,0,1,0,0,1,0,0,0,0,0,0,0,0,0,0,0,0,0,1,0,0,1,0
2023-11-04,NE,116,2023-44,Region 7,10.52,56808,2026-05-06T19:11:09Z,1.32,0,0,0,0,0,0,0,0,0,0,0,0,1,0,0,1,0,0,0,0,0,0,0,0,0,0,0,0,0,1,0,0,1,0
2023-11-11,NE,162,2023-45,Region 7,13.42,89471.14,2026-05-06T19:11:09Z,1.71,0,0,0,0,0,0,0,0,0,0,0,0,1,0,0,1,0,0,0,0,0,0,0,0,0,0,0,0,0,1,0,0,1,0
2023-11-18,NE,144,2023-46,Region 7,14.78,99868.45999999999,2026-05-06T19:11:09Z,1.99,0,0,0,0,0,0,0,0,0,0,0,0,1,0,0,1,0,0,0,0,0,0,0,0,0,0,0,0,0,1,0,0,1,0
2023-11-25,NE,162,2023-47,Region 7,16.67,115923.18000000001,2026-05-06T19:11:09Z,2.09,0,0,0,0,0,0,0,0,0,0,0,0,1,0,0,1,0,0,0,0,0,0,0,0,0,0,0,0,0,1,0,0,1,0
2023-12-02,NE,182,2023-48,Region 7,18,167022,2026-05-06T19:11:09Z,2.44,0,0,0,0,0,0,0,0,0,0,0,0,1,0,0,1,0,0,0,0,0,0,0,0,0,0,0,0,0,1,0,0,1,0
2023-12-09,NE,186,2023-49,Region 7,17.31,194685.56999999998,2026-05-06T19:11:09Z,2.85,0,0,0,0,0,0,0,0,0,0,0,0,1,0,0,1,0,0,0,0,0,0,0,0,0,0,0,0,0,1,0,0,1,0
2023-12-16,NE,242,2023-50,Region 7,18.49,225799.87999999998,2026-05-06T19:11:09Z,2.91,0,0,0,0,0,0,0,0,0,0,0,0,1,0,0,1,0,0,0,0,0,0,0,0,0,0,0,0,0,1,0,0,1,0
2023-12-23,NE,241,2023-51,Region 7,18.09,238353.84,2026-05-06T19:11:09Z,3.2,0,0,0,0,0,0,0,0,0,0,0,0,1,0,0,1,0,0,0,0,0,0,0,0,0,0,0,0,0,1,0,0,1,0
2023-12-30,NE,220,2023-52,Region 7,17.65,214853.44999999998,2026-05-06T19:11:09Z,3.23,0,0,0,0,0,0,0,0,0,0,0,0,1,0,0,1,0,0,0,0,0,0,0,0,0,0,0,0,0,1,0,0,1,0
2024-01-06,NE,211,2024-01,Region 7,15.01,163894.19,2026-05-06T19:11:09Z,2.66,0,0,0,0,0,0,0,0,0,0,0,0,1,0,0,1,0,0,0,0,0,0,0,0,0,0,0,0,0,1,0,0,1,0
2024-01-13,NE,158,2024-02,Region 7,13.38,122319.96,2026-05-06T19:11:09Z,2.11,0,0,0,0,0,0,0,0,0,0,0,0,1,0,0,1,0,0,0,0,0,0,0,0,0,0,0,0,0,1,0,0,1,0
2024-01-20,NE,93,2024-03,Region 7,10.69,88609.40999999999,2026-05-06T19:11:09Z,1.61,0,0,0,0,0,0,0,0,0,0,0,0,1,0,0,1,0,0,0,0,0,0,0,0,0,0,0,0,0,1,0,0,1,0
2024-01-27,NE,99,2024-04,Region 7,9.13,78234.97,2026-05-06T19:11:09Z,1.15,0,0,0,0,0,0,0,0,0,0,0,0,1,0,0,1,0,0,0,0,0,0,0,0,0,0,0,0,0,1,0,0,1,0
2024-02-03,NE,117,2024-05,Region 7,8.81,82479.22,2026-05-06T19:11:09Z,1.24,0,0,0,0,0,0,0,0,0,0,0,0,1,0,0,1,0,0,0,0,0,0,0,0,0,0,0,0,0,1,0,0,1,0
2024-02-10,NE,127,2024-06,Region 7,8.55,86449.05,2026-05-06T19:11:09Z,1.4,0,0,0,0,0,0,0,0,0,0,0,0,1,0,0,1,0,0,0,0,0,0,0,0,0,0,0,0,0,1,0,0,1,0
2024-02-17,NE,85,2024-07,Region 7,8.11,80929.68999999999,2026-05-06T19:11:09Z,1.07,0,0,0,0,0,0,0,0,0,0,0,0,1,0,0,1,0,0,0,0,0,0,0,0,0,0,0,0,0,1,0,0,1,0
2024-02-24,NE,116,2024-08,Region 7,6.8,73270,2026-05-06T19:11:09Z,1.16,0,0,0,0,0,0,0,0,0,0,0,0,1,0,0,1,0,0,0,0,0,0,0,0,0,0,0,0,0,1,0,0,1,0
2024-03-02,NE,80,2024-09,Region 7,5.8,55558.2,2026-05-06T19:11:09Z,0.83,0,0,0,0,0,0,0,0,0,0,0,0,1,0,0,1,0,0,0,0,0,0,0,0,0,0,0,0,0,1,0,0,1,0
2024-03-09,NE,84,2024-10,Region 7,4.93,46130.009999999995,2026-05-06T19:11:09Z,0.83,0,0,0,0,0,0,0,0,0,0,0,0,1,0,0,1,0,0,0,0,0,0,0,0,0,0,0,0,0,1,0,0,1,0
2024-03-16,NE,83,2024-11,Region 7,4.4,36977.600000000006,2026-05-06T19:11:09Z,0.63,0,0,0,0,0,0,0,0,0,0,0,0,1,0,0,1,0,0,0,0,0,0,0,0,0,0,0,0,0,1,0,0,1,0
2024-03-23,NE,50,2024-12,Region 7,3.81,27721.56,2026-05-06T19:11:09Z,0.45,0,0,0,0,0,0,0,0,0,0,0,0,1,0,0,1,0,0,0,0,0,0,0,0,0,0,0,0,0,1,0,0,1,0
2024-03-30,NE,59,2024-13,Region 7,3.41,22570.79,2026-05-06T19:11:09Z,0.35,0,0,0,0,0,0,0,0,0,0,0,0,1,0,0,1,0,0,0,0,0,0,0,0,0,0,0,0,0,1,0,0,1,0
2024-04-06,NE,28,2024-14,Region 7,3.33,22297.68,2026-05-06T19:11:09Z,0.24,0,0,0,0,0,0,0,0,0,0,0,0,1,0,0,1,0,0,0,0,0,0,0,0,0,0,0,0,0,1,0,0,1,0
2024-04-13,NE,33,2024-15,Region 7,3.07,19199.78,2026-05-06T19:11:09Z,0.26,0,0,0,0,0,0,0,0,0,0,0,0,1,0,0,1,0,0,0,0,0,0,0,0,0,0,0,0,0,1,0,0,1,0
2024-04-20,NE,28,2024-16,Region 7,2.64,12405.36,2026-05-06T19:11:09Z,0.24,0,0,0,0,0,0,0,0,0,0,0,0,1,0,0,1,0,0,0,0,0,0,0,0,0,0,0,0,0,1,0,0,1,0
2024-04-27,NE,25,2024-17,Region 7,2.63,13594.47,2026-05-06T19:11:09Z,0.19,0,0,0,0,0,0,0,0,0,0,0,0,1,0,0,1,0,0,0,0,0,0,0,0,0,0,0,0,0,1,0,0,1,0
2022-10-01,NH,125,2022-39,Region 1,8.51,207107.87,2026-05-06T19:11:09Z,2.74,0,0,1,1,1,1,1,1,0,0,1,0,1,0,0,0,0,0,0,1,1,1,1,1,1,0,0,1,0,1,0,0,0,0
2022-10-08,NH,125,2022-40,Region 1,8.36,200104.96,2026-05-06T19:11:09Z,3.32,0,0,1,1,1,1,1,1,0,0,1,0,1,0,0,0,0,0,0,1,1,1,1,1,1,0,0,1,0,1,0,0,0,0
2022-10-15,NH,139,2022-41,Region 1,8.59,196333.04,2026-05-06T19:11:09Z,3.3,0,0,1,1,1,1,1,1,0,0,1,0,1,0,0,0,0,0,0,1,1,1,1,1,1,0,0,1,0,1,0,0,0,0
2022-10-22,NH,161,2022-42,Region 1,7.76,174801.76,2026-05-06T19:11:09Z,2.8,0,0,1,1,1,1,1,1,0,0,1,0,1,0,0,0,0,0,0,1,1,1,1,1,1,0,0,1,0,1,0,0,0,0
2022-10-29,NH,139,2022-43,Region 1,6.93,161787.78,2026-05-06T19:11:09Z,2.69,0,0,1,1,1,1,1,1,0,0,1,0,1,0,0,0,0,0,0,1,1,1,1,1,1,0,0,1,0,1,0,0,0,0
2022-11-05,NH,123,2022-44,Region 1,6.2,144013.6,2026-05-06T19:11:09Z,2.25,0,0,1,1,1,1,1,1,0,0,1,0,1,0,0,0,0,0,0,1,1,1,1,1,1,0,0,1,0,1,0,0,0,0
2022-11-12,NH,103,2022-45,Region 1,5.7,122629.8,2026-05-06T19:11:09Z,1.96,0,0,1,1,1,1,1,1,0,0,1,0,1,0,0,0,0,0,0,1,1,1,1,1,1,0,0,1,0,1,0,0,0,0
2022-11-19,NH,108,2022-46,Region 1,5.11,110815.46,2026-05-06T19:11:09Z,1.57,0,0,1,1,1,1,1,1,0,0,1,0,1,0,0,0,0,0,0,1,1,1,1,1,1,0,0,1,0,1,0,0,0,0
2022-11-26,NH,67,2022-47,Region 1,6.36,121088.04000000001,2026-05-06T19:11:09Z,1.78,0,0,1,1,1,1,1,1,0,0,1,0,1,0,0,0,0,0,0,1,1,1,1,1,1,0,0,1,0,1,0,0,0,0
2022-12-03,NH,104,2022-48,Region 1,7.48,181247.88,2026-05-06T19:11:09Z,2.16,0,0,1,1,1,1,1,1,0,0,1,0,1,0,0,0,0,0,0,1,1,1,1,1,1,0,0,1,0,1,0,0,0,0
2022-12-10,NH,88,2022-49,Region 1,7.63,175276.36,2026-05-06T19:11:09Z,2.21,0,0,1,1,1,1,1,1,0,0,1,0,1,0,0,0,0,0,0,1,1,1,1,1,1,0,0,1,0,1,0,0,0,0
2022-12-17,NH,130,2022-50,Region 1,8.23,195890.46000000002,2026-05-06T19:11:09Z,2.76,0,0,1,1,1,1,1,1,0,0,1,0,1,0,0,0,0,0,0,1,1,1,1,1,1,0,0,1,0,1,0,0,0,0
2022-12-24,NH,135,2022-51,Region 1,9.84,220780.08,2026-05-06T19:11:09Z,2.96,0,0,1,1,1,1,1,1,0,0,1,0,1,0,0,0,0,0,0,1,1,1,1,1,1,0,0,1,0,1,0,0,0,0
2022-12-31,NH,169,2022-52,Region 1,11.66,219744.36000000002,2026-05-06T19:11:09Z,3.24,0,0,1,1,1,1,1,1,0,0,1,0,1,0,0,0,0,0,0,1,1,1,1,1,1,0,0,1,0,1,0,0,0,0
2023-01-07,NH,155,2023-01,Region 1,11,214742,2026-05-06T19:11:09Z,3.36,0,0,1,1,1,1,1,1,0,0,1,0,1,0,0,0,0,0,0,1,1,1,1,1,1,0,0,1,0,1,0,0,0,0
2023-01-14,NH,163,2023-02,Region 1,10.56,196320.96000000002,2026-05-06T19:11:09Z,2.66,0,0,1,1,1,1,1,1,0,0,1,0,1,0,0,0,0,0,0,1,1,1,1,1,1,0,0,1,0,1,0,0,0,0
2023-01-21,NH,129,2023-03,Region 1,9.39,165151.32,2026-05-06T19:11:09Z,2.41,0,0,1,1,1,1,1,1,0,0,1,0,1,0,0,0,0,0,0,1,1,1,1,1,1,0,0,1,0,1,0,0,0,0
2023-01-28,NH,65,2023-04,Region 1,8.37,150936.21,2026-05-06T19:11:09Z,1.6,0,0,1,1,1,1,1,1,0,0,1,0,1,0,0,0,0,0,0,1,1,1,1,1,1,0,0,1,0,1,0,0,0,0
2023-02-04,NH,96,2023-05,Region 1,7.49,126064.19,2026-05-06T19:11:09Z,2.3,0,0,1,1,1,1,1,1,0,0,1,0,1,0,0,0,0,0,0,1,1,1,1,1,1,0,0,1,0,1,0,0,0,0
2023-02-11,NH,86,2023-06,Region 1,7.34,126057.16,2026-05-06T19:11:09Z,1.73,0,0,1,1,1,1,1,1,0,0,1,0,1,0,0,0,0,0,0,1,1,1,1,1,1,0,0,1,0,1,0,0,0,0
2023-02-18,NH,92,2023-07,Region 1,6.75,111381.75,2026-05-06T19:11:09Z,2.21,0,0,1,1,1,1,1,1,0,0,1,0,1,0,0,0,0,0,0,1,1,1,1,1,1,0,0,1,0,1,0,0,0,0
2023-02-25,NH,76,2023-08,Region 1,6.87,104245.38,2026-05-06T19:11:09Z,1.95,0,0,1,1,1,1,1,1,0,0,1,0,1,0,0,0,0,0,0,1,1,1,1,1,1,0,0,1,0,1,0,0,0,0
2023-03-04,NH,106,2023-09,Region 1,5.33,79939.34,2026-05-06T19:11:09Z,1.75,0,0,1,1,1,1,1,1,0,0,1,0,1,0,0,0,0,0,0,1,1,1,1,1,1,0,0,1,0,1,0,0,0,0
2023-03-11,NH,69,2023-10,Region 1,4.58,67880.18000000001,2026-05-06T19:11:09Z,1.34,0,0,1,1,1,1,1,1,0,0,1,0,1,0,0,0,0,0,0,1,1,1,1,1,1,0,0,1,0,1,0,0,0,0
2023-03-18,NH,65,2023-11,Region 1,4.57,60068.08,2026-05-06T19:11:09Z,1.26,0,0,1,1,1,1,1,1,0,0,1,0,1,0,0,0,0,0,0,1,1,1,1,1,1,0,0,1,0,1,0,0,0,0
2023-03-25,NH,50,2023-12,Region 1,4.24,55548.240000000005,2026-05-06T19:11:09Z,0.84,0,0,1,1,1,1,1,1,0,0,1,0,1,0,0,0,0,0,0,1,1,1,1,1,1,0,0,1,0,1,0,0,0,0
2023-04-01,NH,50,2023-13,Region 1,3.54,43120.74,2026-05-06T19:11:09Z,0.84,0,0,1,1,1,1,1,1,0,0,1,0,1,0,0,0,0,0,0,1,1,1,1,1,1,0,0,1,0,1,0,0,0,0
2023-04-08,NH,54,2023-14,Region 1,3.18,37342.740000000005,2026-05-06T19:11:09Z,1.1,0,0,1,1,1,1,1,1,0,0,1,0,1,0,0,0,0,0,0,1,1,1,1,1,1,0,0,1,0,1,0,0,0,0
2023-04-15,NH,40,2023-15,Region 1,2.94,31757.88,2026-05-06T19:11:09Z,0.76,0,0,1,1,1,1,1,1,0,0,1,0,1,0,0,0,0,0,0,1,1,1,1,1,1,0,0,1,0,1,0,0,0,0
2023-04-22,NH,49,2023-16,Region 1,2.98,26822.98,2026-05-06T19:11:09Z,0.81,0,0,1,1,1,1,1,1,0,0,1,0,1,0,0,0,0,0,0,1,1,1,1,1,1,0,0,1,0,1,0,0,0,0
2023-04-29,NH,55,2023-17,Region 1,2.94,24460.8,2026-05-06T19:11:09Z,0.53,0,0,1,1,1,1,1,1,0,0,1,0,1,0,0,0,0,0,0,1,1,1,1,1,1,0,0,1,0,1,0,0,0,0
2023-05-06,NH,45,2023-18,Region 1,3.27,18475.5,2026-05-06T19:11:09Z,0.4,0,0,1,1,1,1,1,1,0,0,1,0,1,0,0,0,0,0,0,1,1,1,1,1,1,0,0,1,0,1,0,0,0,0
2023-05-13,NH,36,2023-19,Region 1,3.31,16715.5,2026-05-06T19:11:09Z,0.67,0,0,1,1,1,1,1,1,0,0,1,0,1,0,0,0,0,0,0,1,1,1,1,1,1,0,0,1,0,1,0,0,0,0
2023-05-20,NH,34,2023-20,Region 1,4.18,18897.78,2026-05-06T19:11:09Z,0.44,0,0,1,1,1,1,1,1,0,0,1,0,1,0,0,0,0,0,0,1,1,1,1,1,1,0,0,1,0,1,0,0,0,0
2023-05-27,NH,34,2023-21,Region 1,4.86,21709.620000000003,2026-05-06T19:11:09Z,0.47,0,0,1,1,1,1,1,1,0,0,1,0,1,0,0,0,0,0,0,1,1,1,1,1,1,0,0,1,0,1,0,0,0,0
2023-06-03,NH,28,2023-22,Region 1,3.73,14103.13,2026-05-06T19:11:09Z,0.47,0,0,1,1,1,1,1,1,0,0,1,0,1,0,0,0,0,0,0,1,1,1,1,1,1,0,0,1,0,1,0,0,0,0
2023-06-10,NH,29,2023-23,Region 1,4.32,16182.720000000001,2026-05-06T19:11:09Z,0.47,0,0,1,1,1,1,1,1,0,0,1,0,1,0,0,0,0,0,0,1,1,1,1,1,1,0,0,1,0,1,0,0,0,0
2023-06-17,NH,28,2023-24,Region 1,3.24,11408.04,2026-05-06T19:11:09Z,0.56,0,0,1,1,1,1,1,1,0,0,1,0,1,0,0,0,0,0,0,1,1,1,1,1,1,0,0,1,0,1,0,0,0,0
2023-06-24,NH,25,2023-25,Region 1,3.35,9986.35,2026-05-06T19:11:09Z,0.47,0,0,1,1,1,1,1,1,0,0,1,0,1,0,0,0,0,0,0,1,1,1,1,1,1,0,0,1,0,1,0,0,0,0
2023-07-01,NH,29,2023-26,Region 1,3.8,9792.6,2026-05-06T19:11:09Z,0.48,0,0,1,1,1,1,1,1,0,0,1,0,1,0,0,0,0,0,0,1,1,1,1,1,1,0,0,1,0,1,0,0,0,0
2023-07-08,NH,41,2023-27,Region 1,4.77,11400.3,2026-05-06T19:11:09Z,0.63,0,0,1,1,1,1,1,1,0,0,1,0,1,0,0,0,0,0,0,1,1,1,1,1,1,0,0,1,0,1,0,0,0,0
2023-07-15,NH,22,2023-28,Region 1,6,15690,2026-05-06T19:11:09Z,0.55,0,0,1,1,1,1,1,1,0,0,1,0,1,0,0,0,0,0,0,1,1,1,1,1,1,0,0,1,0,1,0,0,0,0
2023-07-22,NH,28,2023-29,Region 1,5.97,14208.599999999999,2026-05-06T19:11:09Z,0.46,0,0,1,1,1,1,1,1,0,0,1,0,1,0,0,0,0,0,0,1,1,1,1,1,1,0,0,1,0,1,0,0,0,0
2023-07-29,NH,55,2023-30,Region 1,8.05,20994.4,2026-05-06T19:11:09Z,0.69,0,0,1,1,1,1,1,1,0,0,1,0,1,0,0,0,0,0,0,1,1,1,1,1,1,0,0,1,0,1,0,0,0,0
2023-08-05,NH,46,2023-31,Region 1,9.87,27211.589999999997,2026-05-06T19:11:09Z,0.85,0,0,1,1,1,1,1,1,0,0,1,0,1,0,0,0,0,0,0,1,1,1,1,1,1,0,0,1,0,1,0,0,0,0
2023-08-12,NH,54,2023-32,Region 1,10.66,34996.78,2026-05-06T19:11:09Z,1.01,0,0,1,1,1,1,1,1,0,0,1,0,1,0,0,0,0,0,0,1,1,1,1,1,1,0,0,1,0,1,0,0,0,0
2023-08-19,NH,40,2023-33,Region 1,10.03,37883.31,2026-05-06T19:11:09Z,0.85,0,0,1,1,1,1,1,1,0,0,1,0,1,0,0,0,0,0,0,1,1,1,1,1,1,0,0,1,0,1,0,0,0,0
2023-08-26,NH,43,2023-34,Region 1,11.03,41704.43,2026-05-06T19:11:09Z,1.43,0,0,1,1,1,1,1,1,0,0,1,0,1,0,0,0,0,0,0,1,1,1,1,1,1,0,0,1,0,1,0,0,0,0
2023-09-02,NH,56,2023-35,Region 1,12.93,51500.19,2026-05-06T19:11:09Z,1.65,0,0,1,1,1,1,1,1,0,0,1,0,1,0,0,0,0,0,0,1,1,1,1,1,1,0,0,1,0,1,0,0,0,0
2023-09-09,NH,50,2023-36,Region 1,13.36,62190.799999999996,2026-05-06T19:11:09Z,1.65,0,0,1,1,1,1,1,1,0,0,1,0,1,0,0,0,0,0,0,1,1,1,1,1,1,0,0,1,0,1,0,0,0,0
2023-09-16,NH,76,2023-37,Region 1,12.07,57694.6,2026-05-06T19:11:09Z,2.27,0,0,1,1,1,1,1,1,0,0,1,0,1,0,0,0,0,0,0,1,1,1,1,1,1,0,0,1,0,1,0,0,0,0
2023-09-23,NH,97,2023-38,Region 1,10.41,54277.74,2026-05-06T19:11:09Z,2.13,0,0,1,1,1,1,1,1,0,0,1,0,1,0,0,0,0,0,0,1,1,1,1,1,1,0,0,1,0,1,0,0,0,0
2023-09-30,NH,76,2023-39,Region 1,10.39,56978.76,2026-05-06T19:11:09Z,1.9,0,0,1,1,1,1,1,1,0,0,1,0,1,0,0,0,0,0,0,1,1,1,1,1,1,0,0,1,0,1,0,0,0,0
2023-10-07,NH,104,2023-40,Region 1,11.33,60876.090000000004,2026-05-06T19:11:09Z,1.99,0,0,1,1,1,1,1,1,0,0,1,0,1,0,0,0,0,0,0,1,1,1,1,1,1,0,0,1,0,1,0,0,0,0
2023-10-14,NH,82,2023-41,Region 1,9.68,50181.119999999995,2026-05-06T19:11:09Z,1.48,0,0,1,1,1,1,1,1,0,0,1,0,1,0,0,0,0,0,0,1,1,1,1,1,1,0,0,1,0,1,0,0,0,0
2023-10-21,NH,68,2023-42,Region 1,8.4,43990.8,2026-05-06T19:11:09Z,1.46,0,0,1,1,1,1,1,1,0,0,1,0,1,0,0,0,0,0,0,1,1,1,1,1,1,0,0,1,0,1,0,0,0,0
2023-10-28,NH,79,2023-43,Region 1,8.93,46114.52,2026-05-06T19:11:09Z,1.37,0,0,1,1,1,1,1,1,0,0,1,0,1,0,0,0,0,0,0,1,1,1,1,1,1,0,0,1,0,1,0,0,0,0
2023-11-04,NH,67,2023-44,Region 1,7.6,41990,2026-05-06T19:11:09Z,1.27,0,0,1,1,1,1,1,1,0,0,1,0,1,0,0,0,0,0,0,1,1,1,1,1,1,0,0,1,0,1,0,0,0,0
2023-11-11,NH,71,2023-45,Region 1,8.77,51295.729999999996,2026-05-06T19:11:09Z,1.48,0,0,1,1,1,1,1,1,0,0,1,0,1,0,0,0,0,0,0,1,1,1,1,1,1,0,0,1,0,1,0,0,0,0
2023-11-18,NH,59,2023-46,Region 1,8.45,52398.45,2026-05-06T19:11:09Z,1.5,0,0,1,1,1,1,1,1,0,0,1,0,1,0,0,0,0,0,0,1,1,1,1,1,1,0,0,1,0,1,0,0,0,0
2023-11-25,NH,68,2023-47,Region 1,10.34,62588.02,2026-05-06T19:11:09Z,1.88,0,0,1,1,1,1,1,1,0,0,1,0,1,0,0,0,0,0,0,1,1,1,1,1,1,0,0,1,0,1,0,0,0,0
2023-12-02,NH,91,2023-48,Region 1,11.54,81587.79999999999,2026-05-06T19:11:09Z,2.05,0,0,1,1,1,1,1,1,0,0,1,0,1,0,0,0,0,0,0,1,1,1,1,1,1,0,0,1,0,1,0,0,0,0
2023-12-09,NH,93,2023-49,Region 1,11.42,84199.66,2026-05-06T19:11:09Z,2.88,0,0,1,1,1,1,1,1,0,0,1,0,1,0,0,0,0,0,0,1,1,1,1,1,1,0,0,1,0,1,0,0,0,0
2023-12-16,NH,108,2023-50,Region 1,11.25,87693.75,2026-05-06T19:11:09Z,2.96,0,0,1,1,1,1,1,1,0,0,1,0,1,0,0,0,0,0,0,1,1,1,1,1,1,0,0,1,0,1,0,0,0,0
2023-12-23,NH,131,2023-51,Region 1,13.88,118507.44,2026-05-06T19:11:09Z,3.32,0,0,1,1,1,1,1,1,0,0,1,0,0.9781512605042018,0,0,0,0,0,0,1,1,1,1,1,1,0,0,1,0,0.9523809523809524,0,0,0,0
2023-12-30,NH,122,2023-52,Region 1,15.14,137955.68,2026-05-06T19:11:09Z,4.25,0,0,1,1,1,1,1,1,0,0,1,0,0.9547731092436976,0,0,0,0,0,0,1,1,1,1,1,1,0,0,1,0,0.9014285714285714,0,0,0,0
2024-01-06,NH,182,2024-01,Region 1,16.33,141287.15999999997,2026-05-06T19:11:09Z,3.45,0,0,1,1,1,1,1,1,0,0,1,0,0.9674453781512605,0,0,0,0,0,0,1,1,1,1,1,1,0,0,1,0,0.929047619047619,0,0,0,0
2024-01-13,NH,135,2024-02,Region 1,14.9,113418.8,2026-05-06T19:11:09Z,3.61,0,0,1,1,1,1,1,1,0,0,1,0,1,0,0,0,0,0,0,1,1,1,1,1,1,0,0,1,0,1,0,0,0,0
2024-01-20,NH,86,2024-03,Region 1,13.1,78311.8,2026-05-06T19:11:09Z,2.15,0,0,1,1,1,1,1,1,0,0,1,0,1,0,0,0,0,0,0,1,1,1,1,1,1,0,0,1,0,1,0,0,0,0
2024-01-27,NH,74,2024-04,Region 1,11.94,69896.76,2026-05-06T19:11:09Z,1.9,0,0,1,1,1,1,1,1,0,0,1,0,1,0,0,0,0,0,0,1,1,1,1,1,1,0,0,1,0,1,0,0,0,0
2024-02-03,NH,76,2024-05,Region 1,9.56,58096.12,2026-05-06T19:11:09Z,2.02,0,0,1,1,1,1,1,0.9603620444466884,0,0,1,0,0.9757983193277312,0,0,0,0,0,0,1,1,1,1,1,0.9422448979591838,0,0,1,0,0.942857142857143,0,0,0,0
2024-02-10,NH,77,2024-06,Region 1,8.85,55383.299999999996,2026-05-06T19:11:09Z,1.27,0,0,1,1,1,1,1,0.953358872087446,0,0,1,0,0.9697478991596639,0,0,0,0,0,0,1,1,1,1,1,0.9320408163265306,0,0,1,0,0.9285714285714286,0,0,0,0
2024-02-17,NH,68,2024-07,Region 1,8.49,50829.630000000005,2026-05-06T19:11:09Z,1.31,0,0,1,1,1,1,1,0.9883747338836577,0,0,1,0,0.9868907563025209,0,0,0,0,0,0,1,1,1,1,1,0.9830612244897959,0,0,1,0,0.9690476190476189,0,0,0,0
2024-02-24,NH,55,2024-08,Region 1,7.06,40573.82,2026-05-06T19:11:09Z,0.95,0,0,1,1,1,1,1,1,0,0,1,0,1,0,0,0,0,0,0,1,1,1,1,1,1,0,0,1,0,1,0,0,0,0
2024-03-02,NH,43,2024-09,Region 1,6.32,34602,2026-05-06T19:11:09Z,0.84,0,0,1,1,1,1,1,1,0,0,1,0,1,0,0,0,0,0,0,1,1,1,1,1,1,0,0,1,0,1,0,0,0,0
2024-03-09,NH,51,2024-10,Region 1,5.38,28514,2026-05-06T19:11:09Z,0.84,0,0,1,1,1,1,1,1,0,0,1,0,0.9757983193277312,0,0,0,0,0,0,1,1,1,1,1,1,0,0,1,0,0.942857142857143,0,0,0,0
2024-03-16,NH,36,2024-11,Region 1,4.55,22718.149999999998,2026-05-06T19:11:09Z,0.58,0,0,1,1,1,1,1,0.9914537735928441,0,0,1,0,0.9667226890756302,0,0,0,0,0,0,1,1,1,1,1,0.9489795918367346,0,0,1,0,0.9214285714285714,0,0,0,0
2024-03-23,NH,21,2024-12,Region 1,3.77,17707.69,2026-05-06T19:11:09Z,0.5,0,0,1,1,1,1,1,0.9886164264256684,0,0,1,0,0.9868907563025209,0,0,0,0,0,0,1,1,1,1,1,0.9320408163265306,0,0,1,0,0.9690476190476189,0,0,0,0
2024-03-30,NH,14,2024-13,Region 1,3.94,18100.36,2026-05-06T19:11:09Z,0.52,0,0,1,1,1,1,1,0.9868729962386085,0,0,1,0,1,0,0,0,0,0,0,1,1,1,1,1,0.9216326530612245,0,0,1,0,1,0,0,0,0
2024-04-06,NH,20,2024-14,Region 1,3.4,15589,2026-05-06T19:11:09Z,0.5,0,0,1,1,0.667142857142857,1,1,0.989197569821355,0,0,1,0,1,0,0,0,0,0,0,1,1,0.667142857142857,1,1,0.9355102040816327,0,0,1,0,1,0,0,0,0
2024-04-13,NH,23,2024-15,Region 1,3.41,14478.86,2026-05-06T19:11:09Z,0.39,0,0,1,1,0.5242857142857144,1,1,0.9880352830299818,0,0,1,0,0.9657142857142857,0,0,0,0,0,0,1,1,0.5242857142857144,1,1,0.9285714285714286,0,0,1,0,0.919047619047619,0,0,0,0
2024-04-20,NH,19,2024-16,Region 1,2.88,10503.359999999999,2026-05-06T19:11:09Z,0.37,0,0,1,1,0.81,1,1,0.9886164264256684,0,0,1,0,0.9425210084033613,0,0,0,0,0,0,1,1,0.81,1,1,0.9320408163265306,0,0,1,0,0.8642857142857143,0,0,0,0
2024-04-27,NH,22,2024-17,Region 1,3.34,12782.18,2026-05-06T19:11:09Z,0.44,0,0,1,1,0.62,1,1,0.9954534075513931,0,0,1,0,0.9636974789915966,0,0,0,0,0,0,1,1,0.62,1,1,0.9728571428571429,0,0,1,0,0.9142857142857143,0,0,0,0
2022-10-01,NJ,1015,2022-39,Region 2,7.96,97947.8,2026-05-06T19:11:09Z,2.76,0,0,0,0,0,0,0,0,0,0,0,0,1,0,1,1,0,0,0,0,0,0,0,0,0,0,0,0,0,1,0,1,1,0
2022-10-08,NJ,1113,2022-40,Region 2,8.22,102421.20000000001,2026-05-06T19:11:09Z,2.58,0,0,0,0,0,0,0,0,0,0,0,0,1,0,1,1,0,0,0,0,0,0,0,0,0,0,0,0,0,1,0,1,1,0
2022-10-15,NJ,1143,2022-41,Region 2,7.92,98667.36,2026-05-06T19:11:09Z,2.46,0,0,0,0,0,0,0,0,0,0,0,0,1,0,1,1,0,0,0,0,0,0,0,0,0,0,0,0,0,1,0,1,1,0
2022-10-22,NJ,1163,2022-42,Region 2,7.87,100759.61,2026-05-06T19:11:09Z,2.35,0,0,0,0,0,0,0,0,0,0,0,0,1,0,1,1,0,0,0,0,0,0,0,0,0,0,0,0,0,1,0,1,1,0
2022-10-29,NJ,1092,2022-43,Region 2,7.47,99470.51999999999,2026-05-06T19:11:09Z,2.36,0,0,0,0,0,0,0,0,0,0,0,0,1,0,1,1,0,0,0,0,0,0,0,0,0,0,0,0,0,1,0,1,1,0
2022-11-05,NJ,1129,2022-44,Region 2,7.22,100747.87999999999,2026-05-06T19:11:09Z,2.29,0,0,0,0,0,0,0,0,0,0,0,0,1,0,1,1,0,0,0,0,0,0,0,0,0,0,0,0,0,1,0,1,1,0
2022-11-12,NJ,1102,2022-45,Region 2,7.42,84528.64,2026-05-06T19:11:09Z,2.15,0,0,0,0,0,0,0,0,0,0,0,0,1,0,1,1,0,0,0,0,0,0,0,0,0,0,0,0,0,1,0,1,1,0
2022-11-19,NJ,1051,2022-46,Region 2,6.89,95736.54999999999,2026-05-06T19:11:09Z,1.96,0,0,0,0,0,0,0,0,0,0,0,0,1,0,1,1,0,0,0,0,0,0,0,0,0,0,0,0,0,1,0,1,1,0
2022-11-26,NJ,1060,2022-47,Region 2,7.43,97006.08,2026-05-06T19:11:09Z,2.21,0,0,0,0,0,0,0,0,0,0,0,0,1,0,1,1,0,0,0,0,0,0,0,0,0,0,0,0,0,1,0,1,1,0
2022-12-03,NJ,1322,2022-48,Region 2,7.94,132343.92,2026-05-06T19:11:09Z,2.66,0,0,0,0,0,0,0,0,0,0,0,0,1,0,1,1,0,0,0,0,0,0,0,0,0,0,0,0,0,1,0,1,1,0
2022-12-10,NJ,1264,2022-49,Region 2,8.4,133425.6,2026-05-06T19:11:09Z,3.01,0,0,0,0,0,0,0,0,0,0,0,0,1,0,1,1,0,0,0,0,0,0,0,0,0,0,0,0,0,1,0,1,1,0
2022-12-17,NJ,1451,2022-50,Region 2,8.91,135494.37,2026-05-06T19:11:09Z,3.16,0,0,0,0,0,0,0,0,0,0,0,0,1,0,1,1,0,0,0,0,0,0,0,0,0,0,0,0,0,1,0,1,1,0
2022-12-24,NJ,1596,2022-51,Region 2,10.89,141842.25,2026-05-06T19:11:09Z,3.62,0,0,0,0,0,0,0,0,0,0,0,0,1,0,1,1,0,0,0,0,0,0,0,0,0,0,0,0,0,1,0,1,1,0
2022-12-31,NJ,1679,2022-52,Region 2,11.74,141701.8,2026-05-06T19:11:09Z,4.34,0,0,0,0,0,0,0,0,0,0,0,0,1,0,1,1,0,0,0,0,0,0,0,0,0,0,0,0,0,1,0,1,1,0
2023-01-07,NJ,1792,2023-01,Region 2,11.6,154883.19999999998,2026-05-06T19:11:09Z,4,0,0,0,0,0,0,0,0,0,0,0,0,1,0,1,1,0,0,0,0,0,0,0,0,0,0,0,0,0,1,0,1,1,0
2023-01-14,NJ,1582,2023-02,Region 2,11.04,140472.96,2026-05-06T19:11:09Z,3.33,0,0,0,0,0,0,0,0,0,0,0,0,1,0,1,1,0,0,0,0,0,0,0,0,0,0,0,0,0,1,0,1,1,0
2023-01-21,NJ,1428,2023-03,Region 2,9.13,111258.18000000001,2026-05-06T19:11:09Z,3,0,0,0,0,0,0,0,0,0,0,0,0,1,0,1,1,0,0,0,0,0,0,0,0,0,0,0,0,0,1,0,1,1,0
2023-01-28,NJ,1242,2023-04,Region 2,9.13,111285.57,2026-05-06T19:11:09Z,2.81,0,0,0,0,0,0,0,0,0,0,0,0,1,0,1,1,0,0,0,0,0,0,0,0,0,0,0,0,0,1,0,1,1,0
2023-02-04,NJ,1141,2023-05,Region 2,8.31,96612.06000000001,2026-05-06T19:11:09Z,2.48,0,0,0,0,0,0,0,0,0,0,0,0,1,0,1,1,0,0,0,0,0,0,0,0,0,0,0,0,0,1,0,1,1,0
2023-02-11,NJ,1170,2023-06,Region 2,6.33,74744.64,2026-05-06T19:11:09Z,2.02,0,0,0,0,0,0,0,0,0,0,0,0,1,0,1,1,0,0,0,0,0,0,0,0,0,0,0,0,0,1,0,1,1,0
2023-02-18,NJ,1020,2023-07,Region 2,5.85,69591.59999999999,2026-05-06T19:11:09Z,1.66,0,0,0,0,0,0,0,0,0,0,0,0,1,0,1,1,0,0,0,0,0,0,0,0,0,0,0,0,0,1,0,1,1,0
2023-02-25,NJ,789,2023-08,Region 2,5.24,57996.32,2026-05-06T19:11:09Z,1.32,0,0,0,0,0,0,0,0,0,0,0,0,1,0,1,1,0,0,0,0,0,0,0,0,0,0,0,0,0,1,0,1,1,0
2023-03-04,NJ,579,2023-09,Region 2,4.22,46529.719999999994,2026-05-06T19:11:09Z,1.11,0,0,0,0,0,0,0,0,0,0,0,0,1,0,1,1,0,0,0,0,0,0,0,0,0,0,0,0,0,1,0,1,1,0
2023-03-11,NJ,589,2023-10,Region 2,4.48,45772.16,2026-05-06T19:11:09Z,0.91,0,0,0,0,0,0,0,0,0,0,0,0,1,0,0.8757901586058466,1,0,0,0,0,0,0,0,0,0,0,0,0,0,1,0,0.9357142857142857,1,0
2023-03-18,NJ,483,2023-11,Region 2,4.09,39178.11,2026-05-06T19:11:09Z,0.75,0,0,0,0,0,0,0,0,0,0,0,0,1,0,0.8481879716293682,1,0,0,0,0,0,0,0,0,0,0,0,0,0,1,0,0.9214285714285714,1,0
2023-03-25,NJ,442,2023-12,Region 2,3.16,31508.36,2026-05-06T19:11:09Z,0.66,0,0,0,0,0,0,0,0,0,0,0,0,1,0,0.9530762821399864,1,0,0,0,0,0,0,0,0,0,0,0,0,0,1,0,0.9757142857142856,1,0
2023-04-01,NJ,372,2023-13,Region 2,3.04,28074.4,2026-05-06T19:11:09Z,0.51,0,0,0,0,0,0,0,0,0,0,0,0,1,0,1,1,0,0,0,0,0,0,0,0,0,0,0,0,0,1,0,1,1,0
2023-04-08,NJ,307,2023-14,Region 2,2.81,23376.39,2026-05-06T19:11:09Z,0.45,0,0,0,0,0,0,0,0,0,0,0,0,1,0,1,0.9985622288902851,0,0,0,0,0,0,0,0,0,0,0,0,0,1,0,1,0.98,0
2023-04-15,NJ,270,2023-15,Region 2,2.67,21135.72,2026-05-06T19:11:09Z,0.46,0,0,0,0,0,0,0,0,0,0,0,0,1,0,1,0.9966109680985292,0,0,0,0,0,0,0,0,0,0,0,0,0,1,0,1,0.952857142857143,0
2023-04-22,NJ,233,2023-16,Region 2,2.62,18326.9,2026-05-06T19:11:09Z,0.31,0,0,0,0,0,0,0,0,0,0,0,0,1,0,1,0.9976379474626113,0,0,0,0,0,0,0,0,0,0,0,0,0,1,0,1,0.9671428571428571,0
2023-04-29,NJ,172,2023-17,Region 2,2.39,13895.460000000001,2026-05-06T19:11:09Z,0.29,0,0,0,0,0,0,0,0,0,0,0,0,1,0,1,1,0,0,0,0,0,0,0,0,0,0,0,0,0,1,0,1,1,0
2023-05-06,NJ,183,2023-18,Region 2,2.52,14018.76,2026-05-06T19:11:09Z,0.33,0,0,0,0,0,0,0,0,0,0,0,0,1,0,0.8833058569049739,1,0,0,0,0,0,0,0,0,0,0,0,0,0,1,0,0.9571428571428571,1,0
2023-05-13,NJ,170,2023-19,Region 2,2.98,16273.78,2026-05-06T19:11:09Z,0.28,0,0,0,0,0,0,0,0,0,0,0,0,0.9973785094148157,0,0.8612636298759135,1,0,0,0,0,0,0,0,0,0,0,0,0,0,0.9734285714285714,0,0.949047619047619,1,0
2023-05-20,NJ,128,2023-20,Region 2,2.93,16519.34,2026-05-06T19:11:09Z,0.3,0,0,0,0,0,0,0,0,0,0,0,0,0.9945570570570571,0,0.955915545941879,1,0,0,0,0,0,0,0,0,0,0,0,0,0,0.9516666666666667,0,0.9838095238095238,1,0
2023-05-27,NJ,144,2023-21,Region 2,3.04,15619.52,2026-05-06T19:11:09Z,0.38,0,0,0,0,0,0,0,0,0,0,0,0,0.9960585585585585,0,1,1,0,0,0,0,0,0,0,0,0,0,0,0,0,0.965,0,1,1,0
2023-06-03,NJ,171,2023-22,Region 2,2.94,14391.3,2026-05-06T19:11:09Z,0.36,0,0,0,0,0,0,0,0,0,0,0,0,0.9989274989274989,0,1,1,0,0,0,0,0,0,0,0,0,0,0,0,0,0.9904761904761905,0,1,1,0
2023-06-10,NJ,141,2023-23,Region 2,3.31,16205.76,2026-05-06T19:11:09Z,0.33,0,0,0,0,0,0,0,0,0,0,0,0,1,0,1,1,0,0,0,0,0,0,0,0,0,0,0,0,0,1,0,1,1,0
2023-06-17,NJ,154,2023-24,Region 2,3.72,14098.800000000001,2026-05-06T19:11:09Z,0.31,0,0,0,0,0,0,0,0,0,0,0,0,0.9992279736909372,0,1,1,0,0,0,0,0,0,0,0,0,0,0,0,0,0.9936734693877551,0,1,1,0
2023-06-24,NJ,144,2023-25,Region 2,3.85,13690.6,2026-05-06T19:11:09Z,0.32,0,0,0,0,0,0,0,0,0,0,0,0,0.9950191851028211,0,1,1,0,0,0,0,0,0,0,0,0,0,0,0,0,0.9591836734693878,0,1,1,0
2023-07-01,NJ,141,2023-26,Region 2,4.25,15117.25,2026-05-06T19:11:09Z,0.34,0,0,0,0,0,0,0,0,0,0,0,0,0.9872491138632217,0,1,0.9956211358507063,0,0,0,0,0,0,0,0,0,0,0,0,0,0.929795918367347,0,1,0.9634920634920635,0
2023-07-08,NJ,117,2023-27,Region 2,3.78,15989.4,2026-05-06T19:11:09Z,0.35,0,0,0,0,0,0,0,0,0,0,0,0,0.9906061831039203,0,0.9157208966535922,0.9921994170630066,0,0,0,0,0,0,0,0,0,0,0,0,0,0.9579591836734694,0,0.9690476190476189,0.9412857142857143,0
2023-07-15,NJ,129,2023-28,Region 2,4.75,21493.75,2026-05-06T19:11:09Z,0.43,0,0,0,0,0,0,0,0,0,0,0,0,0.9952532834029882,0,0.8612636298759135,0.9894654111500882,0,0,0,0,0,0,0,0,0,0,0,0,0,0.9712244897959184,0,0.949047619047619,0.872987012987013,0
2023-07-22,NJ,166,2023-29,Region 2,4.77,20515.769999999997,2026-05-06T19:11:09Z,0.54,0,0,0,0,0,0,0,0,0,0,0,0,0.9976839210728117,0,0.9196107014234265,0.9935697473794265,0,0,0,0,0,0,0,0,0,0,0,0,0,0.9810204081632654,0,0.9704761904761905,0.9246753246753247,0
2023-07-29,NJ,199,2023-30,Region 2,6.54,28278.96,2026-05-06T19:11:09Z,0.65,0,0,0,0,0,0,0,0,0,0,0,0,1,0,1,0.9941398989623431,0,0,0,0,0,0,0,0,0,0,0,0,0,1,0,1,0.9490909090909091,0
2023-08-05,NJ,246,2023-31,Region 2,7.93,34709.61,2026-05-06T19:11:09Z,0.78,0,0,0,0,0,0,0,0,0,0,0,0,1,0,1,0.9939989688273642,0,0,0,0,0,0,0,0,0,0,0,0,0,1,0,1,0.9220238095238095,0
2023-08-12,NJ,286,2023-32,Region 2,9.47,41686.94,2026-05-06T19:11:09Z,0.91,0,0,0,0,0,0,0,0,0,0,0,0,1,0,1,0.9972674526670917,0,0,0,0,0,0,0,0,0,0,0,0,0,1,0,1,0.9658241758241758,0
2023-08-19,NJ,289,2023-33,Region 2,10.08,45682.56,2026-05-06T19:11:09Z,1.15,0,0,0,0,0,0,0,0,0,0,0,0,1,0,1,0.9985970191429664,0,0,0,0,0,0,0,0,0,0,0,0,0,1,0,1,0.9789795918367347,0
2023-08-26,NJ,313,2023-34,Region 2,10.26,49904.64,2026-05-06T19:11:09Z,1.29,0,0,0,0,0,0,0,0,0,0,0,0,1,0,1,0.9984212793915097,0,0,0,0,0,0,0,0,0,0,0,0,0,1,0,1,0.9780612244897959,0
2023-09-02,NJ,354,2023-35,Region 2,10.8,52477.200000000004,2026-05-06T19:11:09Z,1.5,0,0,0,0,0,0,0,0,0,0,0,0,1,0,1,0.9993333678044852,0,0,0,0,0,0,0,0,0,0,0,0,0,1,0,1,0.9913333333333334,0
2023-09-09,NJ,445,2023-36,Region 2,11.92,60780.08,2026-05-06T19:11:09Z,1.86,0,0,0,0,0,0,0,0,0,0,0,0,1,0,1,1,0,0,0,0,0,0,0,0,0,0,0,0,0,1,0,1,1,0
2023-09-16,NJ,442,2023-37,Region 2,12.59,68489.6,2026-05-06T19:11:09Z,1.86,0,0,0,0,0,0,0,0,0,0,0,0,1,0,1,1,0,0,0,0,0,0,0,0,0,0,0,0,0,1,0,1,1,0
2023-09-23,NJ,523,2023-38,Region 2,11.66,71499.12,2026-05-06T19:11:09Z,1.91,0,0,0,0,0,0,0,0,0,0,0,0,1,0,1,1,0,0,0,0,0,0,0,0,0,0,0,0,0,1,0,1,1,0
2023-09-30,NJ,618,2023-39,Region 2,10.87,64904.77,2026-05-06T19:11:09Z,1.74,0,0,0,0,0,0,0,0,0,0,0,0,1,0,1,1,0,0,0,0,0,0,0,0,0,0,0,0,0,1,0,1,1,0
2023-10-07,NJ,685,2023-40,Region 2,8.33,50579.76,2026-05-06T19:11:09Z,1.52,0,0,0,0,0,0,0,0,0,0,0,0,1,0,1,1,0,0,0,0,0,0,0,0,0,0,0,0,0,1,0,1,1,0
2023-10-14,NJ,587,2023-41,Region 2,7.21,39777.57,2026-05-06T19:11:09Z,1.24,0,0,0,0,0,0,0,0,0,0,0,0,1,0,1,1,0,0,0,0,0,0,0,0,0,0,0,0,0,1,0,1,1,0
2023-10-21,NJ,539,2023-42,Region 2,6.53,36306.8,2026-05-06T19:11:09Z,1.06,0,0,0,0,0,0,0,0,0,0,0,0,1,0,1,1,0,0,0,0,0,0,0,0,0,0,0,0,0,1,0,1,1,0
2023-10-28,NJ,451,2023-43,Region 2,6.52,36225.119999999995,2026-05-06T19:11:09Z,0.98,0,0,0,0,0,0,0,0,0,0,0,0,1,0,1,1,0,0,0,0,0,0,0,0,0,0,0,0,0,1,0,1,1,0
2023-11-04,NJ,400,2023-44,Region 2,5.5,29705.5,2026-05-06T19:11:09Z,0.88,0,0,0,0,0,0,0,0,0,0,0,0,1,0,1,1,0,0,0,0,0,0,0,0,0,0,0,0,0,1,0,1,1,0
2023-11-11,NJ,439,2023-45,Region 2,5.9,33801.1,2026-05-06T19:11:09Z,1.06,0,0,0,0,0,0,0,0,0,0,0,0,1,0,1,1,0,0,0,0,0,0,0,0,0,0,0,0,0,1,0,1,1,0
2023-11-18,NJ,427,2023-46,Region 2,6.08,36911.68,2026-05-06T19:11:09Z,1.06,0,0,0,0,0,0,0,0,0,0,0,0,1,0,1,1,0,0,0,0,0,0,0,0,0,0,0,0,0,1,0,1,1,0
2023-11-25,NJ,483,2023-47,Region 2,6.61,37022.61,2026-05-06T19:11:09Z,1.34,0,0,0,0,0,0,0,0,0,0,0,0,1,0,1,0.9993591033005793,0,0,0,0,0,0,0,0,0,0,0,0,0,1,0,1,0.9851785714285713,0
2023-12-02,NJ,619,2023-48,Region 2,8.02,53373.1,2026-05-06T19:11:09Z,1.64,0,0,0,0,0,0,0,0,0,0,0,0,1,0,1,0.9991699229495455,0,0,0,0,0,0,0,0,0,0,0,0,0,1,0,1,0.9808035714285714,0
2023-12-09,NJ,644,2023-49,Region 2,9.04,61128.479999999996,2026-05-06T19:11:09Z,1.81,0,0,0,0,0,0,0,0,0,0,0,0,1,0,1,0.9997451856496279,0,0,0,0,0,0,0,0,0,0,0,0,0,1,0,1,0.994107142857143,0
2023-12-16,NJ,747,2023-50,Region 2,10.59,81924.24,2026-05-06T19:11:09Z,2.46,0,0,0,0,0,0,0,0,0,0,0,0,1,0,1,1,0,0,0,0,0,0,0,0,0,0,0,0,0,1,0,1,1,0
2023-12-23,NJ,971,2023-51,Region 2,12.81,106694.49,2026-05-06T19:11:09Z,3.16,0,0,0,0,0,0,0,0,0,0,0,0,1,0,1,1,0,0,0,0,0,0,0,0,0,0,0,0,0,1,0,1,1,0
2023-12-30,NJ,1367,2023-52,Region 2,14.78,134276.3,2026-05-06T19:11:09Z,4.19,0,0,0,0,0,0,0,0,0,0,0,0,1,0,1,1,0,0,0,0,0,0,0,0,0,0,0,0,0,1,0,1,1,0
2024-01-06,NJ,1427,2024-01,Region 2,15.4,135119.6,2026-05-06T19:11:09Z,3.74,0,0,0,0,0,0,0,0,0,0,0,0,1,0,1,1,0,0,0,0,0,0,0,0,0,0,0,0,0,1,0,1,1,0
2024-01-13,NJ,1303,2024-02,Region 2,14.76,124367.76,2026-05-06T19:11:09Z,3.24,0,0,0,0,0,0,0,0,0,0,0,0,1,0,1,1,0,0,0,0,0,0,0,0,0,0,0,0,0,1,0,1,1,0
2024-01-20,NJ,1078,2024-03,Region 2,12.57,92100.39,2026-05-06T19:11:09Z,2.78,0,0,0,0,0,0,0,0,0,0,0,0,1,0,1,1,0,0,0,0,0,0,0,0,0,0,0,0,0,1,0,1,1,0
2024-01-27,NJ,886,2024-04,Region 2,11.48,72702.84,2026-05-06T19:11:09Z,2.21,0,0,0,0,0,0,0,0,0,0,0,0,1,0,1,1,0,0,0,0,0,0,0,0,0,0,0,0,0,1,0,1,1,0
2024-02-03,NJ,809,2024-05,Region 2,10.11,70133.06999999999,2026-05-06T19:11:09Z,2.01,0,0,0,0,0,0,0,0,0,0,0,0,1,0,1,1,0,0,0,0,0,0,0,0,0,0,0,0,0,1,0,1,1,0
2024-02-10,NJ,691,2024-06,Region 2,8.73,60533.82,2026-05-06T19:11:09Z,1.7,0,0,0,0,0,0,0,0,0,0,0,0,1,0,1,1,0,0,0,0,0,0,0,0,0,0,0,0,0,1,0,1,1,0
2024-02-17,NJ,639,2024-07,Region 2,6.28,37592.08,2026-05-06T19:11:09Z,1.48,0,0,0,0,0,0,0,0,0,0,0,0,1,0,1,1,0,0,0,0,0,0,0,0,0,0,0,0,0,1,0,1,1,0
2024-02-24,NJ,550,2024-08,Region 2,6.12,38831.4,2026-05-06T19:11:09Z,1.23,0,0,0,0,0,0,0,0,0,0,0,0,1,0,1,1,0,0,0,0,0,0,0,0,0,0,0,0,0,1,0,1,1,0
2024-03-02,NJ,514,2024-09,Region 2,5.67,35397.81,2026-05-06T19:11:09Z,1.08,0,0,0,0,0,0,0,0,0,0,0,0,1,0,1,1,0,0,0,0,0,0,0,0,0,0,0,0,0,1,0,1,1,0
2024-03-09,NJ,410,2024-10,Region 2,4.65,29174.100000000002,2026-05-06T19:11:09Z,0.77,0,0,0,0,0,0,0,0,0,0,0,0,1,0,1,1,0,0,0,0,0,0,0,0,0,0,0,0,0,1,0,1,1,0
2024-03-16,NJ,343,2024-11,Region 2,3.66,18395.16,2026-05-06T19:11:09Z,0.67,0,0,0,0,0,0,0,0,0,0,0,0,1,0,1,1,0,0,0,0,0,0,0,0,0,0,0,0,0,1,0,1,1,0
2024-03-23,NJ,235,2024-12,Region 2,2.62,9298.380000000001,2026-05-06T19:11:09Z,0.5,0,0,0,0,0,0,0,0,0,0,0,0,1,0,1,1,0,0,0,0,0,0,0,0,0,0,0,0,0,1,0,1,1,0
2024-03-30,NJ,237,2024-13,Region 2,4.02,18077.94,2026-05-06T19:11:09Z,0.52,0,0,0,0,0,0,0,0,0,0,0,0,1,0,0.9235005061932609,0.9994012414312471,0,0,0,0,0,0,0,0,0,0,0,0,0,1,0,0.9719047619047619,0.989732142857143,0
2024-04-06,NJ,226,2024-14,Region 2,2.85,12597,2026-05-06T19:11:09Z,0.48,0,0,0,0,0,0,0,0,0,0,0,0,1,0,0.8573738251060793,0.9973604652887975,0,0,0,0,0,0,0,0,0,0,0,0,0,1,0,0.9476190476190476,0.9642857142857143,0
2024-04-13,NJ,169,2024-15,Region 2,2.61,9899.73,2026-05-06T19:11:09Z,0.4,0,0,0,0,0,0,0,0,0,0,0,0,1,0,0.9196107014234265,0.9953270247109802,0,0,0,0,0,0,0,0,0,0,0,0,0,1,0,0.9704761904761905,0.9392857142857143,0
2024-04-20,NJ,148,2024-16,Region 2,2.44,8896.24,2026-05-06T19:11:09Z,0.33,0,0,0,0,0,0,0,0,0,0,0,0,1,0,1,0.9935837525957834,0,0,0,0,0,0,0,0,0,0,0,0,0,1,0,1,0.9299107142857143,0
2024-04-27,NJ,166,2024-17,Region 2,3.39,13607.460000000001,2026-05-06T19:11:09Z,0.35,0,0,0,0,0,0,0,0,0,0,0,0,1,0,1,0.9946224244239665,0,0,0,0,0,0,0,0,0,0,0,0,0,1,0,1,0.9495535714285714,0
2022-10-01,NM,89,2022-39,Region 6,5.52,133043.03999999998,2026-05-06T19:11:09Z,2.13,0,0,0,0,0,0,0,0,0,0,0,0,1,0,0,0.867221050395302,0,0,0,0,0,0,0,0,0,0,0,0,0,1,0,0,0.86,0
2022-10-08,NM,71,2022-40,Region 6,5.27,117789.76999999999,2026-05-06T19:11:09Z,2.2,0,0,0,0,0,0,0,0,0,0,0,0,1,0,0,0.867221050395302,0,0,0,0,0,0,0,0,0,0,0,0,0,1,0,0,0.86,0
2022-10-15,NM,82,2022-41,Region 6,5.06,117184.54,2026-05-06T19:11:09Z,2.69,0,0,0,0,0,0,0,0,0,0,0,0,1,0,0,0.867221050395302,0,0,0,0,0,0,0,0,0,0,0,0,0,1,0,0,0.86,0
2022-10-22,NM,133,2022-42,Region 6,4.88,105193.28,2026-05-06T19:11:09Z,3.31,0,0,0,0,0,0,0,0,0,0,0,0,1,0,0,0.867221050395302,0,0,0,0,0,0,0,0,0,0,0,0,0,1,0,0,0.86,0
2022-10-29,NM,119,2022-43,Region 6,5.63,135660.48,2026-05-06T19:11:09Z,3.68,0,0,0,0,0,0,0,0,0,0,0,0,1,0,0,0.867221050395302,0,0,0,0,0,0,0,0,0,0,0,0,0,1,0,0,0.86,0
2022-11-05,NM,142,2022-44,Region 6,6.43,170298.55,2026-05-06T19:11:09Z,4.42,0,0,0,0,0,0,0,0,0,0,0,0,1,0,0,0.867221050395302,0,0,0,0,0,0,0,0,0,0,0,0,0,1,0,0,0.86,0
2022-11-12,NM,155,2022-45,Region 6,7.17,195898.74,2026-05-06T19:11:09Z,4.6,0,0,0,0,0,0,0,0,0,0,0,0,1,0,0,0.867221050395302,0,0,0,0,0,0,0,0,0,0,0,0,0,1,0,0,0.86,0
2022-11-19,NM,196,2022-46,Region 6,7.42,208613.3,2026-05-06T19:11:09Z,5.09,0,0,0,0,0,0,0,0,0,0,0,0,1,0,0,0.867221050395302,0,0,0,0,0,0,0,0,0,0,0,0,0,1,0,0,0.86,0
2022-11-26,NM,210,2022-47,Region 6,8.45,203475.99999999997,2026-05-06T19:11:09Z,5.46,0,0,0,0,0,0,0,0,0,0,0,0,1,0,0,0.867221050395302,0,0,0,0,0,0,0,0,0,0,0,0,0,1,0,0,0.86,0
2022-12-03,NM,209,2022-48,Region 6,9.33,259635.24,2026-05-06T19:11:09Z,4.56,0,0,0,0,0,0,0,0,0,0,0,0,1,0,0,0.867221050395302,0,0,0,0,0,0,0,0,0,0,0,0,0,1,0,0,0.86,0
2022-12-10,NM,179,2022-49,Region 6,9.03,245363.15999999997,2026-05-06T19:11:09Z,4.07,0,0,0,0,0,0,0,0,0,0,0,0,1,0,0,0.867221050395302,0,0,0,0,0,0,0,0,0,0,0,0,0,1,0,0,0.86,0
2022-12-17,NM,160,2022-50,Region 6,8.82,223163.64,2026-05-06T19:11:09Z,3.41,0,0,0,0,0,0,0,0,0,0,0,0,1,0,0,0.867221050395302,0,0,0,0,0,0,0,0,0,0,0,0,0,1,0,0,0.86,0
2022-12-24,NM,140,2022-51,Region 6,10.74,230759.64,2026-05-06T19:11:09Z,3.23,0,0,0,0,0,0,0,0,0,0,0,0,1,0,0,0.867221050395302,0,0,0,0,0,0,0,0,0,0,0,0,0,1,0,0,0.86,0
2022-12-31,NM,145,2022-52,Region 6,12.68,273938.72,2026-05-06T19:11:09Z,3.44,0,0,0,0,0,0,0,0,0,0,0,0,1,0,0,0.867221050395302,0,0,0,0,0,0,0,0,0,0,0,0,0,1,0,0,0.86,0
2023-01-07,NM,100,2023-01,Region 6,12.78,279191.88,2026-05-06T19:11:09Z,2.84,0,0,0,0,0,0,0,0,0,0,0,0,1,0,0,0.867221050395302,0,0,0,0,0,0,0,0,0,0,0,0,0,1,0,0,0.86,0
2023-01-14,NM,104,2023-02,Region 6,10.91,209962.95,2026-05-06T19:11:09Z,2.18,0,0,0,0,0,0,0,0,0,0,0,0,1,0,0,0.867221050395302,0,0,0,0,0,0,0,0,0,0,0,0,0,1,0,0,0.86,0
2023-01-21,NM,93,2023-03,Region 6,9.68,174172.24,2026-05-06T19:11:09Z,1.78,0,0,0,0,0,0,0,0,0,0,0,0,1,0,0,0.867221050395302,0,0,0,0,0,0,0,0,0,0,0,0,0,1,0,0,0.86,0
2023-01-28,NM,95,2023-04,Region 6,9.35,175256.4,2026-05-06T19:11:09Z,1.63,0,0,0,0,0,0,0,0,0,0,0,0,1,0,0,0.867221050395302,0,0,0,0,0,0,0,0,0,0,0,0,0,1,0,0,0.86,0
2023-02-04,NM,78,2023-05,Region 6,8.8,153621.6,2026-05-06T19:11:09Z,1.65,0,0,0,0,0,0,0,0,0,0,0,0,1,0,0,0.867221050395302,0,0,0,0,0,0,0,0,0,0,0,0,0,1,0,0,0.86,0
2023-02-11,NM,67,2023-06,Region 6,8.4,147932.4,2026-05-06T19:11:09Z,1.55,0,0,0,0,0,0,0,0,0,0,0,0,1,0,0,0.867221050395302,0,0,0,0,0,0,0,0,0,0,0,0,0,1,0,0,0.86,0
2023-02-18,NM,90,2023-07,Region 6,7.91,134580.74,2026-05-06T19:11:09Z,1.89,0,0,0,0,0,0,0,0,0,0,0,0,1,0,0,0.867221050395302,0,0,0,0,0,0,0,0,0,0,0,0,0,1,0,0,0.86,0
2023-02-25,NM,73,2023-08,Region 6,8.37,140565.78,2026-05-06T19:11:09Z,1.9,0,0,0,0,0,0,0,0,0,0,0,0,1,0,0,0.867221050395302,0,0,0,0,0,0,0,0,0,0,0,0,0,1,0,0,0.86,0
2023-03-04,NM,98,2023-09,Region 6,7.52,124644,2026-05-06T19:11:09Z,1.95,0,0,0,0,0,0,0,0,0,0,0,0,1,0,0,0.867221050395302,0,0,0,0,0,0,0,0,0,0,0,0,0,1,0,0,0.86,0
2023-03-11,NM,88,2023-10,Region 6,7.03,112972.1,2026-05-06T19:11:09Z,1.81,0,0,0,0,0,0,0,0,0,0,0,0,1,0,0,0.867221050395302,0,0,0,0,0,0,0,0,0,0,0,0,0,1,0,0,0.86,0
2023-03-18,NM,86,2023-11,Region 6,7.05,104875.8,2026-05-06T19:11:09Z,1.96,0,0,0,0,0,0,0,0,0,0,0,0,1,0,0,0.867221050395302,0,0,0,0,0,0,0,0,0,0,0,0,0,1,0,0,0.86,0
2023-03-25,NM,96,2023-12,Region 6,8.13,116137.05000000002,2026-05-06T19:11:09Z,2.2,0,0,0,0,0,0,0,0,0,0,0,0,1,0,0,0.867221050395302,0,0,0,0,0,0,0,0,0,0,0,0,0,1,0,0,0.86,0
2023-04-01,NM,91,2023-13,Region 6,7.77,108655.68,2026-05-06T19:11:09Z,2.15,0,0,0,0,0,0,0,0,0,0,0,0,1,0,0,0.867221050395302,0,0,0,0,0,0,0,0,0,0,0,0,0,1,0,0,0.86,0
2023-04-08,NM,95,2023-14,Region 6,7.21,97161.96,2026-05-06T19:11:09Z,2.12,0,0,0,0,0,0,0,0,0,0,0,0,1,0,0,0.867221050395302,0,0,0,0,0,0,0,0,0,0,0,0,0,1,0,0,0.86,0
2023-04-15,NM,96,2023-15,Region 6,7.36,95113.28,2026-05-06T19:11:09Z,2.26,0,0,0,0,0,0,0,0,0,0,0,0,1,0,0,0.867221050395302,0,0,0,0,0,0,0,0,0,0,0,0,0,1,0,0,0.86,0
2023-04-22,NM,95,2023-16,Region 6,6.51,83972.48999999999,2026-05-06T19:11:09Z,1.82,0,0,0,0,0,0,0,0,0,0,0,0,1,0,0,0.867221050395302,0,0,0,0,0,0,0,0,0,0,0,0,0,1,0,0,0.86,0
2023-04-29,NM,73,2023-17,Region 6,6.39,75932.37,2026-05-06T19:11:09Z,1.98,0,0,0,0,0,0,0,0,0,0,0,0,1,0,0,0.867221050395302,0,0,0,0,0,0,0,0,0,0,0,0,0,1,0,0,0.86,0
2023-05-06,NM,66,2023-18,Region 6,6.35,70643.75,2026-05-06T19:11:09Z,1.66,0,0,0,0,0,0,0,0,0,0,0,0,1,0,0,0.867221050395302,0,0,0,0,0,0,0,0,0,0,0,0,0,1,0,0,0.86,0
2023-05-13,NM,63,2023-19,Region 6,5.98,59871.76,2026-05-06T19:11:09Z,1.49,0,0,0,0,0,0,0,0,0,0,0,0,1,0,0,0.867221050395302,0,0,0,0,0,0,0,0,0,0,0,0,0,1,0,0,0.86,0
2023-05-20,NM,48,2023-20,Region 6,5.73,55397.64000000001,2026-05-06T19:11:09Z,1.39,0,0,0,0,0,0,0,0,0,0,0,0,1,0,0,0.867221050395302,0,0,0,0,0,0,0,0,0,0,0,0,0,1,0,0,0.86,0
2023-05-27,NM,49,2023-21,Region 6,5.29,47615.29,2026-05-06T19:11:09Z,1.1,0,0,0,0,0,0,0,0,0,0,0,0,1,0,0,0.867221050395302,0,0,0,0,0,0,0,0,0,0,0,0,0,1,0,0,0.86,0
2023-06-03,NM,32,2023-22,Region 6,4.07,34481.04,2026-05-06T19:11:09Z,0.86,0,0,0,0,0,0,0,0,0,0,0,0,1,0,0,0.867221050395302,0,0,0,0,0,0,0,0,0,0,0,0,0,1,0,0,0.86,0
2023-06-10,NM,20,2023-23,Region 6,4.14,32184.359999999997,2026-05-06T19:11:09Z,0.74,0,0,0,0,0,0,0,0,0,0,0,0,1,0,0,0.867221050395302,0,0,0,0,0,0,0,0,0,0,0,0,0,1,0,0,0.86,0
2023-06-17,NM,28,2023-24,Region 6,4.72,33016.4,2026-05-06T19:11:09Z,0.74,0,0,0,0,0,0,0,0,0,0,0,0,1,0,0,0.867221050395302,0,0,0,0,0,0,0,0,0,0,0,0,0,1,0,0,0.86,0
2023-06-24,NM,25,2023-25,Region 6,5.22,34984.439999999995,2026-05-06T19:11:09Z,0.69,0,0,0,0,0,0,0,0,0,0,0,0,1,0,0,0.867221050395302,0,0,0,0,0,0,0,0,0,0,0,0,0,1,0,0,0.86,0
2023-07-01,NM,17,2023-26,Region 6,5.67,35817.39,2026-05-06T19:11:09Z,0.8,0,0,0,0,0,0,0,0,0,0,0,0,1,0,0,0.867221050395302,0,0,0,0,0,0,0,0,0,0,0,0,0,1,0,0,0.86,0
2023-07-08,NM,23,2023-27,Region 6,6.8,42520.4,2026-05-06T19:11:09Z,0.77,0,0,0,0,0,0,0,0,0,0,0,0,1,0,0,0.867221050395302,0,0,0,0,0,0,0,0,0,0,0,0,0,1,0,0,0.86,0
2023-07-15,NM,28,2023-28,Region 6,8.94,57117.659999999996,2026-05-06T19:11:09Z,0.76,0,0,0,0,0,0,0,0,0,0,0,0,1,0,0,0.867221050395302,0,0,0,0,0,0,0,0,0,0,0,0,0,1,0,0,0.86,0
2023-07-22,NM,21,2023-29,Region 6,10.23,69103.65000000001,2026-05-06T19:11:09Z,0.9,0,0,0,0,0,0,0,0,0,0,0,0,1,0,0,0.867221050395302,0,0,0,0,0,0,0,0,0,0,0,0,0,1,0,0,0.86,0
2023-07-29,NM,24,2023-30,Region 6,11.7,82520.09999999999,2026-05-06T19:11:09Z,1.15,0,0,0,0,0,0,0,0,0,0,0,0,1,0,0,0.867221050395302,0,0,0,0,0,0,0,0,0,0,0,0,0,1,0,0,0.86,0
2023-08-05,NM,24,2023-31,Region 6,15.53,92915.98999999999,2026-05-06T19:11:09Z,1.08,0,0,0,0,0,0,0,0,0,0,0,0,1,0,0,0.867221050395302,0,0,0,0,0,0,0,0,0,0,0,0,0,1,0,0,0.86,0
2023-08-12,NM,38,2023-32,Region 6,16.58,142289.56,2026-05-06T19:11:09Z,1.61,0,0,0,0,0,0,0,0,0,0,0,0,1,0,0,0.867221050395302,0,0,0,0,0,0,0,0,0,0,0,0,0,1,0,0,0.86,0
2023-08-19,NM,42,2023-33,Region 6,18.01,198992.49000000002,2026-05-06T19:11:09Z,2.1,0,0,0,0,0,0,0,0,0,0,0,0,1,0,0,0.867221050395302,0,0,0,0,0,0,0,0,0,0,0,0,0,1,0,0,0.86,0
2023-08-26,NM,31,2023-34,Region 6,18.13,253348.62,2026-05-06T19:11:09Z,2.22,0,0,0,0,0,0,0,0,0,0,0,0,1,0,0,0.867221050395302,0,0,0,0,0,0,0,0,0,0,0,0,0,1,0,0,0.86,0
2023-09-02,NM,51,2023-35,Region 6,17.69,277414.58,2026-05-06T19:11:09Z,2.16,0,0,0,0,0,0,0,0,0,0,0,0,1,0,0,0.867221050395302,0,0,0,0,0,0,0,0,0,0,0,0,0,1,0,0,0.86,0
2023-09-09,NM,57,2023-36,Region 6,15.74,231078.94,2026-05-06T19:11:09Z,1.93,0,0,0,0,0,0,0,0,0,0,0,0,1,0,0,0.867221050395302,0,0,0,0,0,0,0,0,0,0,0,0,0,1,0,0,0.86,0
2023-09-16,NM,39,2023-37,Region 6,12.76,168865.84,2026-05-06T19:11:09Z,2.02,0,0,0,0,0,0,0,0,0,0,0,0,1,0,0,0.867221050395302,0,0,0,0,0,0,0,0,0,0,0,0,0,1,0,0,0.86,0
2023-09-23,NM,55,2023-38,Region 6,11.89,127948.29000000001,2026-05-06T19:11:09Z,2.39,0,0,0,0,0,0,0,0,0,0,0,0,1,0,0,0.867221050395302,0,0,0,0,0,0,0,0,0,0,0,0,0,1,0,0,0.86,0
2023-09-30,NM,74,2023-39,Region 6,10.19,127222.15,2026-05-06T19:11:09Z,2.81,0,0,0,0,0,0,0,0,0,0,0,0,1,0,0,0.867221050395302,0,0,0,0,0,0,0,0,0,0,0,0,0,1,0,0,0.86,0
2023-10-07,NM,78,2023-40,Region 6,9.19,110647.59999999999,2026-05-06T19:11:09Z,2.83,0,0,0,0,0,0,0,0,0,0,0,0,1,0,0,0.867221050395302,0,0,0,0,0,0,0,0,0,0,0,0,0,1,0,0,0.86,0
2023-10-14,NM,97,2023-41,Region 6,9.64,116046.32,2026-05-06T19:11:09Z,3.09,0,0,0,0,0,0,0,0,0,0,0,0,1,0,0,0.867221050395302,0,0,0,0,0,0,0,0,0,0,0,0,0,1,0,0,0.86,0
2023-10-21,NM,106,2023-42,Region 6,10.1,131047.5,2026-05-06T19:11:09Z,3.6,0,0,0,0,0,0,0,0,0,0,0,0,1,0,0,0.867221050395302,0,0,0,0,0,0,0,0,0,0,0,0,0,1,0,0,0.86,0
2023-10-28,NM,133,2023-43,Region 6,10.44,139937.75999999998,2026-05-06T19:11:09Z,4.23,0,0,0,0,0,0,0,0,0,0,0,0,1,0,0,0.867221050395302,0,0,0,0,0,0,0,0,0,0,0,0,0,1,0,0,0.86,0
2023-11-04,NM,120,2023-44,Region 6,10.62,146396.69999999998,2026-05-06T19:11:09Z,4.9,0,0,0,0,0,0,0,0,0,0,0,0,1,0,0,0.867221050395302,0,0,0,0,0,0,0,0,0,0,0,0,0,1,0,0,0.86,0
2023-11-11,NM,163,2023-45,Region 6,10.33,160745.13,2026-05-06T19:11:09Z,5.19,0,0,0,0,0,0,0,0,0,0,0,0,1,0,0,0.867221050395302,0,0,0,0,0,0,0,0,0,0,0,0,0,1,0,0,0.86,0
2023-11-18,NM,167,2023-46,Region 6,6.35,162401.25,2026-05-06T19:11:09Z,4.58,0,0,0,0,0,0,0,0,0,0,0,0,1,0,0,0.867221050395302,0,0,0,0,0,0,0,0,0,0,0,0,0,1,0,0,0.86,0
2023-11-25,NM,149,2023-47,Region 6,8.94,130979.93999999999,2026-05-06T19:11:09Z,4.49,0,0,0,0,0,0,0,0,0,0,0,0,1,0,0,0.867221050395302,0,0,0,0,0,0,0,0,0,0,0,0,0,1,0,0,0.86,0
2023-12-02,NM,148,2023-48,Region 6,8.97,150516.6,2026-05-06T19:11:09Z,3.64,0,0,0,0,0,0,0,0,0,0,0,0,1,0,0,0.867221050395302,0,0,0,0,0,0,0,0,0,0,0,0,0,1,0,0,0.86,0
2023-12-09,NM,98,2023-49,Region 6,8.49,151351.23,2026-05-06T19:11:09Z,3.05,0,0,0,0,0,0,0,0,0,0,0,0,1,0,0,0.867221050395302,0,0,0,0,0,0,0,0,0,0,0,0,0,1,0,0,0.86,0
2023-12-16,NM,114,2023-50,Region 6,8.4,150116.4,2026-05-06T19:11:09Z,3.07,0,0,0,0,0,0,0,0,0,0,0,0,1,0,0,0.867221050395302,0,0,0,0,0,0,0,0,0,0,0,0,0,1,0,0,0.86,0
2023-12-23,NM,124,2023-51,Region 6,8.35,176560.75,2026-05-06T19:11:09Z,2.71,0,0,0,0,0,0,0,0,0,0,0,0,1,0,0,0.867221050395302,0,0,0,0,0,0,0,0,0,0,0,0,0,1,0,0,0.86,0
2023-12-30,NM,112,2023-52,Region 6,8.52,168508.56,2026-05-06T19:11:09Z,2.66,0,0,0,0,0,0,0,0,0,0,0,0,1,0,0,0.867221050395302,0,0,0,0,0,0,0,0,0,0,0,0,0,1,0,0,0.86,0
2024-01-06,NM,97,2024-01,Region 6,10.15,127494.15000000001,2026-05-06T19:11:09Z,2.54,0,0,0,0,0,0,0,0,0,0,0,0,1,0,0,0.867221050395302,0,0,0,0,0,0,0,0,0,0,0,0,0,1,0,0,0.86,0
2024-01-13,NM,45,2024-02,Region 6,9.3,155403,2026-05-06T19:11:09Z,1.84,0,0,0,0,0,0,0,0,0,0,0,0,1,0,0,0.867221050395302,0,0,0,0,0,0,0,0,0,0,0,0,0,1,0,0,0.86,0
2024-01-20,NM,58,2024-03,Region 6,9.74,155937.4,2026-05-06T19:11:09Z,1.68,0,0,0,0,0,0,0,0,0,0,0,0,1,0,0,0.867221050395302,0,0,0,0,0,0,0,0,0,0,0,0,0,1,0,0,0.86,0
2024-01-27,NM,54,2024-04,Region 6,10.95,213207.44999999998,2026-05-06T19:11:09Z,1.89,0,0,0,0,0,0,0,0,0,0,0,0,1,0,0,0.867221050395302,0,0,0,0,0,0,0,0,0,0,0,0,0,1,0,0,0.86,0
2024-02-03,NM,62,2024-05,Region 6,11.05,228403.50000000003,2026-05-06T19:11:09Z,1.83,0,0,0,0,0,0,0,0,0,0,0,0,1,0,0,0.867221050395302,0,0,0,0,0,0,0,0,0,0,0,0,0,1,0,0,0.86,0
2024-02-10,NM,54,2024-06,Region 6,10.83,218256.99,2026-05-06T19:11:09Z,1.95,0,0,0,0,0,0,0,0,0,0,0,0,1,0,0,0.867221050395302,0,0,0,0,0,0,0,0,0,0,0,0,0,1,0,0,0.86,0
2024-02-17,NM,67,2024-07,Region 6,9.14,165452.28,2026-05-06T19:11:09Z,2.03,0,0,0,0,0,0,0,0,0,0,0,0,1,0,0,0.867221050395302,0,0,0,0,0,0,0,0,0,0,0,0,0,1,0,0,0.86,0
2024-02-24,NM,63,2024-08,Region 6,8.2,142778.4,2026-05-06T19:11:09Z,1.96,0,0,0,0,0,0,0,0,0,0,0,0,1,0,0,0.867221050395302,0,0,0,0,0,0,0,0,0,0,0,0,0,1,0,0,0.86,0
2024-03-02,NM,34,2024-09,Region 6,6.99,113657.40000000001,2026-05-06T19:11:09Z,1.46,0,0,0,0,0,0,0,0,0,0,0,0,1,0,0,0.867221050395302,0,0,0,0,0,0,0,0,0,0,0,0,0,1,0,0,0.86,0
2024-03-09,NM,61,2024-10,Region 6,5.86,91902.38,2026-05-06T19:11:09Z,1.32,0,0,0,0,0,0,0,0,0,0,0,0,1,0,0,0.8759145109507407,0,0,0,0,0,0,0,0,0,0,0,0,0,1,0,0,0.8354285714285714,0
2024-03-16,NM,41,2024-11,Region 6,4.81,67950.87,2026-05-06T19:11:09Z,1.18,0,0,0,0,0,0,0,0,0,0,0,0,1,0,0,0.8519077896261161,0,0,0,0,0,0,0,0,0,0,0,0,0,1,0,0,0.7768571428571428,0
2024-03-23,NM,46,2024-12,Region 6,4.85,63947.24999999999,2026-05-06T19:11:09Z,1.15,0,0,0,0,0,0,0,0,0,0,0,0,1,0,0,0.7898740876189321,0,0,0,0,0,0,0,0,0,0,0,0,0,1,0,0,0.6948571428571428,0
2024-03-30,NM,49,2024-13,Region 6,3.6,44719.200000000004,2026-05-06T19:11:09Z,1.01,0,0,0,0,0,0,0,0,0,0,0,0,1,0,0,0.9584007344572756,0,0,0,0,0,0,0,0,0,0,0,0,0,1,0,0,0.8265714285714286,0
2024-04-06,NM,25,2024-14,Region 6,3.5,42308,2026-05-06T19:11:09Z,0.99,0,0,0,0,0,0,0,0,0,0,0,0,1,0,0,0.9115044288554129,0,0,0,0,0,0,0,0,0,0,0,0,0,1,0,0,0.7505714285714287,0
2024-04-13,NM,28,2024-15,Region 6,2.84,33344.439999999995,2026-05-06T19:11:09Z,0.66,0,0,0,0,0,0,0,0,0,0,0,0,1,0,0,0.9000927555805096,0,0,0,0,0,0,0,0,0,0,0,0,0,1,0,0,0.8157142857142857,0
2024-04-20,NM,20,2024-16,Region 6,2.99,33018.57,2026-05-06T19:11:09Z,0.62,0,0,0,0,0,0,0,0,0,0,0,0,1,0,0,0.8757279538167715,0,0,0,0,0,0,0,0,0,0,0,0,0,1,0,0,0.812857142857143,0
2024-04-27,NM,34,2024-17,Region 6,2.75,29779.75,2026-05-06T19:11:09Z,0.7,0,0,0,0,0,0,0,0,0,0,0,0,1,0,0,0.7871293570463892,0,0,0,0,0,0,0,0,0,0,0,0,0,1,0,0,0.7211428571428571,0
2022-10-01,NV,128,2022-39,Region 9,6.08,96860.48,2026-05-06T19:11:09Z,1.43,0,0,0,0,0,0,0,0,0,0,0,0,1,0,0,1,0,0,0,0,0,0,0,0,0,0,0,0,0,1,0,0,1,0
2022-10-08,NV,118,2022-40,Region 9,5.25,75379.5,2026-05-06T19:11:09Z,1.31,0,0,0,0,0,0,0,0,0,0,0,0,1,0,0,1,0,0,0,0,0,0,0,0,0,0,0,0,0,1,0,0,1,0
2022-10-15,NV,127,2022-41,Region 9,5.88,82860.95999999999,2026-05-06T19:11:09Z,1.41,0,0,0,0,0,0,0,0,0,0,0,0,1,0,0,1,0,0,0,0,0,0,0,0,0,0,0,0,0,1,0,0,1,0
2022-10-22,NV,150,2022-42,Region 9,6.06,89603.15999999999,2026-05-06T19:11:09Z,1.69,0,0,0,0,0,0,0,0,0,0,0,0,1,0,0,1,0,0,0,0,0,0,0,0,0,0,0,0,0,1,0,0,1,0
2022-10-29,NV,169,2022-43,Region 9,6.57,95652.63,2026-05-06T19:11:09Z,1.67,0,0,0,0,0,0,0,0,0,0,0,0,1,0,0,1,0,0,0,0,0,0,0,0,0,0,0,0,0,1,0,0,1,0
2022-11-05,NV,182,2022-44,Region 9,7.23,110055.06000000001,2026-05-06T19:11:09Z,1.95,0,0,0,0,0,0,0,0,0,0,0,0,1,0,0,1,0,0,0,0,0,0,0,0,0,0,0,0,0,1,0,0,1,0
2022-11-12,NV,189,2022-45,Region 9,7.34,105013.38,2026-05-06T19:11:09Z,2.14,0,0,0,0,0,0,0,0,0,0,0,0,1,0,0,1,0,0,0,0,0,0,0,0,0,0,0,0,0,1,0,0,1,0
2022-11-19,NV,222,2022-46,Region 9,7.6,127718,2026-05-06T19:11:09Z,2.48,0,0,0,0,0,0,0,0,0,0,0,0,1,0,0,1,0,0,0,0,0,0,0,0,0,0,0,0,0,1,0,0,1,0
2022-11-26,NV,267,2022-47,Region 9,8.87,118245.96999999999,2026-05-06T19:11:09Z,2.97,0,0,0,0,0,0,0,0,0,0,0,0,1,0,0,1,0,0,0,0,0,0,0,0,0,0,0,0,0,1,0,0,1,0
2022-12-03,NV,327,2022-48,Region 9,10.19,188790.13,2026-05-06T19:11:09Z,2.87,0,0,0,0,0,0,0,0,0,0,0,0,1,0,0,1,0,0,0,0,0,0,0,0,0,0,0,0,0,1,0,0,1,0
2022-12-10,NV,324,2022-49,Region 9,9.84,164977.44,2026-05-06T19:11:09Z,2.62,0,0,0,0,0,0,0,0,0,0,0,0,1,0,0,1,0,0,0,0,0,0,0,0,0,0,0,0,0,1,0,0,1,0
2022-12-17,NV,270,2022-50,Region 9,8.86,142761.18,2026-05-06T19:11:09Z,2.27,0,0,0,0,0,0,0,0,0,0,0,0,1,0,0,1,0,0,0,0,0,0,0,0,0,0,0,0,0,1,0,0,1,0
2022-12-24,NV,317,2022-51,Region 9,8.76,120344.87999999999,2026-05-06T19:11:09Z,2.45,0,0,0,0,0,0,0,0,0,0,0,0,1,0,0,1,0,0,0,0,0,0,0,0,0,0,0,0,0,1,0,0,1,0
2022-12-31,NV,295,2022-52,Region 9,9.78,115648.49999999999,2026-05-06T19:11:09Z,2.6,0,0,0,0,0,0,0,0,0,0,0,0,1,0,0,1,0,0,0,0,0,0,0,0,0,0,0,0,0,1,0,0,1,0
2023-01-07,NV,264,2023-01,Region 9,9.1,124378.79999999999,2026-05-06T19:11:09Z,2.12,0,0,0,0,0,0,0,0,0,0,0,0,1,0,0,1,0,0,0,0,0,0,0,0,0,0,0,0,0,1,0,0,1,0
2023-01-14,NV,212,2023-02,Region 9,7.09,87752.93,2026-05-06T19:11:09Z,1.44,0,0,0,0,0,0,0,0,0,0,0,0,1,0,0,1,0,0,0,0,0,0,0,0,0,0,0,0,0,1,0,0,1,0
2023-01-21,NV,187,2023-03,Region 9,6.08,69743.68000000001,2026-05-06T19:11:09Z,1.19,0,0,0,0,0,0,0,0,0,0,0,0,1,0,0,1,0,0,0,0,0,0,0,0,0,0,0,0,0,1,0,0,1,0
2023-01-28,NV,139,2023-04,Region 9,5.85,64548.899999999994,2026-05-06T19:11:09Z,1.21,0,0,0,0,0,0,0,0,0,0,0,0,1,0,0,1,0,0,0,0,0,0,0,0,0,0,0,0,0,1,0,0,1,0
2023-02-04,NV,122,2023-05,Region 9,6.37,69114.5,2026-05-06T19:11:09Z,1.23,0,0,0,0,0,0,0,0,0,0,0,0,1,0,0,1,0,0,0,0,0,0,0,0,0,0,0,0,0,1,0,0,1,0
2023-02-11,NV,130,2023-06,Region 9,6.61,71460.71,2026-05-06T19:11:09Z,1.31,0,0,0,0,0,0,0,0,0,0,0,0,1,0,0,1,0,0,0,0,0,0,0,0,0,0,0,0,0,1,0,0,1,0
2023-02-18,NV,156,2023-07,Region 9,7.13,65417.75,2026-05-06T19:11:09Z,1.37,0,0,0,0,0,0,0,0,0,0,0,0,1,0,0,1,0,0,0,0,0,0,0,0,0,0,0,0,0,1,0,0,1,0
2023-02-25,NV,166,2023-08,Region 9,6.55,61720.65,2026-05-06T19:11:09Z,1.39,0,0,0,0,0,0,0,0,0,0,0,0,1,0,0,1,0,0,0,0,0,0,0,0,0,0,0,0,0,1,0,0,1,0
2023-03-04,NV,127,2023-09,Region 9,7.35,62533.799999999996,2026-05-06T19:11:09Z,1.23,0,0,0,0,0,0,0,0,0,0,0,0,1,0,0,1,0,0,0,0,0,0,0,0,0,0,0,0,0,1,0,0,1,0
2023-03-11,NV,161,2023-10,Region 9,6.27,58085.28,2026-05-06T19:11:09Z,1.3,0,0,0,0,0,0,0,0,0,0,0,0,1,0,0,1,0,0,0,0,0,0,0,0,0,0,0,0,0,1,0,0,1,0
2023-03-18,NV,125,2023-11,Region 9,7.39,65519.74,2026-05-06T19:11:09Z,1.15,0,0,0,0,0,0,0,0,0,0,0,0,1,0,0,1,0,0,0,0,0,0,0,0,0,0,0,0,0,1,0,0,1,0
2023-03-25,NV,153,2023-12,Region 9,6.92,59366.68,2026-05-06T19:11:09Z,1.21,0,0,0,0,0,0,0,0,0,0,0,0,1,0,0,1,0,0,0,0,0,0,0,0,0,0,0,0,0,1,0,0,1,0
2023-04-01,NV,118,2023-13,Region 9,7.22,57788.88,2026-05-06T19:11:09Z,0.99,0,0,0,0,0,0,0,0,0,0,0,0,1,0,0,1,0,0,0,0,0,0,0,0,0,0,0,0,0,1,0,0,1,0
2023-04-08,NV,116,2023-14,Region 9,7.72,64392.52,2026-05-06T19:11:09Z,1.01,0,0,0,0,0,0,0,0,0,0,0,0,1,0,0,1,0,0,0,0,0,0,0,0,0,0,0,0,0,1,0,0,1,0
2023-04-15,NV,110,2023-15,Region 9,6.97,57788.27,2026-05-06T19:11:09Z,1.04,0,0,0,0,0,0,0,0,0,0,0,0,1,0,0,1,0,0,0,0,0,0,0,0,0,0,0,0,0,1,0,0,1,0
2023-04-22,NV,104,2023-16,Region 9,6.46,51027.54,2026-05-06T19:11:09Z,0.87,0,0,0,0,0,0,0,0,0,0,0,0,1,0,0,1,0,0,0,0,0,0,0,0,0,0,0,0,0,1,0,0,1,0
2023-04-29,NV,79,2023-17,Region 9,6.03,47612.880000000005,2026-05-06T19:11:09Z,0.82,0,0,0,0,0,0,0,0,0,0,0,0,1,0,0,1,0,0,0,0,0,0,0,0,0,0,0,0,0,1,0,0,1,0
2023-05-06,NV,91,2023-18,Region 9,6.11,48097.920000000006,2026-05-06T19:11:09Z,0.78,0,0,0,0,0,0,0,0,0,0,0,0,1,0,0,1,0,0,0,0,0,0,0,0,0,0,0,0,0,1,0,0,1,0
2023-05-13,NV,79,2023-19,Region 9,6.22,50388.22,2026-05-06T19:11:09Z,0.72,0,0,0,0,0,0,0,0,0,0,0,0,1,0,0,1,0,0,0,0,0,0,0,0,0,0,0,0,0,1,0,0,1,0
2023-05-20,NV,80,2023-20,Region 9,6.9,47085.600000000006,2026-05-06T19:11:09Z,0.76,0,0,0,0,0,0,0,0,0,0,0,0,1,0,0,1,0,0,0,0,0,0,0,0,0,0,0,0,0,1,0,0,1,0
2023-05-27,NV,87,2023-21,Region 9,6.23,39024.72,2026-05-06T19:11:09Z,0.7,0,0,0,0,0,0,0,0,0,0,0,0,1,0,0,1,0,0,0,0,0,0,0,0,0,0,0,0,0,1,0,0,1,0
2023-06-03,NV,80,2023-22,Region 9,5.51,34889.32,2026-05-06T19:11:09Z,0.76,0,0,0,0,0,0,0,0,0,0,0,0,1,0,0,1,0,0,0,0,0,0,0,0,0,0,0,0,0,1,0,0,1,0
2023-06-10,NV,98,2023-23,Region 9,5.26,33474.64,2026-05-06T19:11:09Z,0.67,0,0,0,0,0,0,0,0,0,0,0,0,1,0,0,1,0,0,0,0,0,0,0,0,0,0,0,0,0,1,0,0,1,0
2023-06-17,NV,72,2023-24,Region 9,6.08,36279.36,2026-05-06T19:11:09Z,0.67,0,0,0,0,0,0,0,0,0,0,0,0,1,0,0,1,0,0,0,0,0,0,0,0,0,0,0,0,0,1,0,0,1,0
2023-06-24,NV,81,2023-25,Region 9,5.51,32597.16,2026-05-06T19:11:09Z,0.66,0,0,0,0,0,0,0,0,0,0,0,0,1,0,0,1,0,0,0,0,0,0,0,0,0,0,0,0,0,1,0,0,1,0
2023-07-01,NV,78,2023-26,Region 9,6.32,37597.68,2026-05-06T19:11:09Z,0.71,0,0,0,0,0,0,0,0,0,0,0,0,1,0,0,1,0,0,0,0,0,0,0,0,0,0,0,0,0,1,0,0,1,0
2023-07-08,NV,69,2023-27,Region 9,9,44802,2026-05-06T19:11:09Z,0.75,0,0,0,0,0,0,0,0,0,0,0,0,1,0,0,1,0,0,0,0,0,0,0,0,0,0,0,0,0,1,0,0,1,0
2023-07-15,NV,63,2023-28,Region 9,9.5,49780,2026-05-06T19:11:09Z,0.83,0,0,0,0,0,0,0,0,0,0,0,0,1,0,0,1,0,0,0,0,0,0,0,0,0,0,0,0,0,1,0,0,1,0
2023-07-22,NV,79,2023-29,Region 9,9.64,54726.280000000006,2026-05-06T19:11:09Z,0.87,0,0,0,0,0,0,0,0,0,0,0,0,1,0,0,1,0,0,0,0,0,0,0,0,0,0,0,0,0,1,0,0,1,0
2023-07-29,NV,77,2023-30,Region 9,10.51,62429.4,2026-05-06T19:11:09Z,0.86,0,0,0,0,0,0,0,0,0,0,0,0,1,0,0,1,0,0,0,0,0,0,0,0,0,0,0,0,0,1,0,0,1,0
2023-08-05,NV,74,2023-31,Region 9,12.32,63386.4,2026-05-06T19:11:09Z,1.1,0,0,0,0,0,0,0,0,0,0,0,0,1,0,0,1,0,0,0,0,0,0,0,0,0,0,0,0,0,1,0,0,1,0
2023-08-12,NV,101,2023-32,Region 9,16.28,82979.16,2026-05-06T19:11:09Z,1.47,0,0,0,0,0,0,0,0,0,0,0,0,1,0,0,1,0,0,0,0,0,0,0,0,0,0,0,0,0,1,0,0,1,0
2023-08-19,NV,135,2023-33,Region 9,15.98,92476.26000000001,2026-05-06T19:11:09Z,1.76,0,0,0,0,0,0,0,0,0,0,0,0,1,0,0,1,0,0,0,0,0,0,0,0,0,0,0,0,0,1,0,0,1,0
2023-08-26,NV,118,2023-34,Region 9,16.22,103402.5,2026-05-06T19:11:09Z,1.9,0,0,0,0,0,0,0,0,0,0,0,0,1,0,0,1,0,0,0,0,0,0,0,0,0,0,0,0,0,1,0,0,1,0
2023-09-02,NV,128,2023-35,Region 9,15.37,101626.43999999999,2026-05-06T19:11:09Z,1.79,0,0,0,0,0,0,0,0,0,0,0,0,1,0,0,1,0,0,0,0,0,0,0,0,0,0,0,0,0,1,0,0,1,0
2023-09-09,NV,168,2023-36,Region 9,14.71,92025.76000000001,2026-05-06T19:11:09Z,1.9,0,0,0,0,0,0,0,0,0,0,0,0,1,0,0,1,0,0,0,0,0,0,0,0,0,0,0,0,0,1,0,0,1,0
2023-09-16,NV,143,2023-37,Region 9,12.72,84028.32,2026-05-06T19:11:09Z,1.7,0,0,0,0,0,0,0,0,0,0,0,0,1,0,0,1,0,0,0,0,0,0,0,0,0,0,0,0,0,1,0,0,1,0
2023-09-23,NV,173,2023-38,Region 9,12.95,83320.29999999999,2026-05-06T19:11:09Z,1.62,0,0,0,0,0,0,0,0,0,0,0,0,1,0,0,1,0,0,0,0,0,0,0,0,0,0,0,0,0,1,0,0,1,0
2023-09-30,NV,175,2023-39,Region 9,12.06,75326.76000000001,2026-05-06T19:11:09Z,1.67,0,0,0,0,0,0,0,0,0,0,0,0,1,0,0,1,0,0,0,0,0,0,0,0,0,0,0,0,0,1,0,0,1,0
2023-10-07,NV,133,2023-40,Region 9,11.38,70271.5,2026-05-06T19:11:09Z,1.58,0,0,0,0,0,0,0,0,0,0,0,0,1,0,0,1,0,0,0,0,0,0,0,0,0,0,0,0,0,1,0,0,1,0
2023-10-14,NV,172,2023-41,Region 9,10.94,66011.95999999999,2026-05-06T19:11:09Z,1.69,0,0,0,0,0,0,0,0,0,0,0,0,1,0,0,1,0,0,0,0,0,0,0,0,0,0,0,0,0,1,0,0,1,0
2023-10-21,NV,178,2023-42,Region 9,10.97,67476.47,2026-05-06T19:11:09Z,1.66,0,0,0,0,0,0,0,0,0,0,0,0,1,0,0,1,0,0,0,0,0,0,0,0,0,0,0,0,0,1,0,0,1,0
2023-10-28,NV,176,2023-43,Region 9,10.46,65197.18000000001,2026-05-06T19:11:09Z,1.72,0,0,0,0,0,0,0,0,0,0,0,0,1,0,0,1,0,0,0,0,0,0,0,0,0,0,0,0,0,1,0,0,1,0
2023-11-04,NV,149,2023-44,Region 9,11.23,69277.87000000001,2026-05-06T19:11:09Z,1.58,0,0,0,0,0,0,0,0,0,0,0,0,1,0,0,1,0,0,0,0,0,0,0,0,0,0,0,0,0,1,0,0,1,0
2023-11-11,NV,150,2023-45,Region 9,9.95,60774.6,2026-05-06T19:11:09Z,1.66,0,0,0,0,0,0,0,0,0,0,0,0,1,0,0,1,0,0,0,0,0,0,0,0,0,0,0,0,0,1,0,0,1,0
2023-11-18,NV,158,2023-46,Region 9,9.76,65030.88,2026-05-06T19:11:09Z,1.79,0,0,0,0,0,0,0,0,0,0,0,0,1,0,0,1,0,0,0,0,0,0,0,0,0,0,0,0,0,1,0,0,1,0
2023-11-25,NV,153,2023-47,Region 9,10,56300,2026-05-06T19:11:09Z,1.47,0,0,0,0,0,0,0,0,0,0,0,0,1,0,0,1,0,0,0,0,0,0,0,0,0,0,0,0,0,1,0,0,1,0
2023-12-02,NV,190,2023-48,Region 9,11.01,76123.14,2026-05-06T19:11:09Z,1.66,0,0,0,0,0,0,0,0,0,0,0,0,1,0,0,1,0,0,0,0,0,0,0,0,0,0,0,0,0,1,0,0,1,0
2023-12-09,NV,198,2023-49,Region 9,10.44,76295.51999999999,2026-05-06T19:11:09Z,1.54,0,0,0,0,0,0,0,0,0,0,0,0,1,0,0,1,0,0,0,0,0,0,0,0,0,0,0,0,0,1,0,0,1,0
2023-12-16,NV,197,2023-50,Region 9,11.53,86774.78,2026-05-06T19:11:09Z,1.58,0,0,0,0,0,0,0,0,0,0,0,0,1,0,0,1,0,0,0,0,0,0,0,0,0,0,0,0,0,1,0,0,1,0
2023-12-23,NV,236,2023-51,Region 9,12.1,99195.8,2026-05-06T19:11:09Z,1.96,0,0,0,0,0,0,0,0,0,0,0,0,1,0,0,1,0,0,0,0,0,0,0,0,0,0,0,0,0,1,0,0,1,0
2023-12-30,NV,253,2023-52,Region 9,12.69,98131.76999999999,2026-05-06T19:11:09Z,2.15,0,0,0,0,0,0,0,0,0,0,0,0,1,0,0,1,0,0,0,0,0,0,0,0,0,0,0,0,0,1,0,0,1,0
2024-01-06,NV,236,2024-01,Region 9,10.39,81364.09000000001,2026-05-06T19:11:09Z,2.06,0,0,0,0,0,0,0,0,0,0,0,0,1,0,0,1,0,0,0,0,0,0,0,0,0,0,0,0,0,1,0,0,1,0
2024-01-13,NV,204,2024-02,Region 9,12.58,97381.78,2026-05-06T19:11:09Z,1.63,0,0,0,0,0,0,0,0,0,0,0,0,1,0,0,1,0,0,0,0,0,0,0,0,0,0,0,0,0,1,0,0,1,0
2024-01-20,NV,200,2024-03,Region 9,11.62,81886.14,2026-05-06T19:11:09Z,1.36,0,0,0,0,0,0,0,0,0,0,0,0,1,0,0,1,0,0,0,0,0,0,0,0,0,0,0,0,0,1,0,0,1,0
2024-01-27,NV,164,2024-04,Region 9,10.52,70967.92,2026-05-06T19:11:09Z,1.21,0,0,0,0,0,0,0,0,0,0,0,0,1,0,0,1,0,0,0,0,0,0,0,0,0,0,0,0,0,1,0,0,1,0
2024-02-03,NV,147,2024-05,Region 9,9.66,61099.5,2026-05-06T19:11:09Z,0.99,0,0,0,0,0,0,0,0,0,0,0,0,1,0,0,1,0,0,0,0,0,0,0,0,0,0,0,0,0,1,0,0,1,0
2024-02-10,NV,131,2024-06,Region 9,8.86,54869.979999999996,2026-05-06T19:11:09Z,0.81,0,0,0,0,0,0,0,0,0,0,0,0,1,0,0,1,0,0,0,0,0,0,0,0,0,0,0,0,0,1,0,0,1,0
2024-02-17,NV,113,2024-07,Region 9,7.25,46313,2026-05-06T19:11:09Z,0.73,0,0,0,0,0,0,0,0,0,0,0,0,1,0,0,1,0,0,0,0,0,0,0,0,0,0,0,0,0,1,0,0,1,0
2024-02-24,NV,90,2024-08,Region 9,7.27,41991.52,2026-05-06T19:11:09Z,0.77,0,0,0,0,0,0,0,0,0,0,0,0,1,0,0,1,0,0,0,0,0,0,0,0,0,0,0,0,0,1,0,0,1,0
2024-03-02,NV,114,2024-09,Region 9,7.11,41003.37,2026-05-06T19:11:09Z,0.68,0,0,0,0,0,0,0,0,0,0,0,0,1,0,0,1,0,0,0,0,0,0,0,0,0,0,0,0,0,1,0,0,1,0
2024-03-09,NV,91,2024-10,Region 9,5.07,25816.440000000002,2026-05-06T19:11:09Z,0.47,0,0,0,0,0,0,0,0,0,0,0,0,1,0,0,1,0,0,0,0,0,0,0,0,0,0,0,0,0,1,0,0,1,0
2024-03-16,NV,64,2024-11,Region 9,4.51,22793.539999999997,2026-05-06T19:11:09Z,0.42,0,0,0,0,0,0,0,0,0,0,0,0,1,0,0,1,0,0,0,0,0,0,0,0,0,0,0,0,0,1,0,0,1,0
2024-03-23,NV,74,2024-12,Region 9,4.6,18004.399999999998,2026-05-06T19:11:09Z,0.38,0,0,0,0,0,0,0,0,0,0,0,0,1,0,0,1,0,0,0,0,0,0,0,0,0,0,0,0,0,1,0,0,1,0
2024-03-30,NV,69,2024-13,Region 9,4.47,17182.68,2026-05-06T19:11:09Z,0.32,0,0,0,0,0,0,0,0,0,0,0,0,1,0,0,1,0,0,0,0,0,0,0,0,0,0,0,0,0,1,0,0,1,0
2024-04-06,NV,54,2024-14,Region 9,3.71,13189.05,2026-05-06T19:11:09Z,0.36,0,0,0,0,0,0,0,0,0,0,0,0,1,0,0,1,0,0,0,0,0,0,0,0,0,0,0,0,0,1,0,0,1,0
2024-04-13,NV,44,2024-15,Region 9,3.67,13509.27,2026-05-06T19:11:09Z,0.27,0,0,0,0,0,0,0,0,0,0,0,0,1,0,0,1,0,0,0,0,0,0,0,0,0,0,0,0,0,1,0,0,1,0
2024-04-20,NV,54,2024-16,Region 9,4.36,16397.960000000003,2026-05-06T19:11:09Z,0.29,0,0,0,0,0,0,0,0,0,0,0,0,1,0,0,1,0,0,0,0,0,0,0,0,0,0,0,0,0,1,0,0,1,0
2024-04-27,NV,61,2024-17,Region 9,3.53,12513.849999999999,2026-05-06T19:11:09Z,0.3,0,0,0,0,0,0,0,0,0,0,0,0,1,0,0,1,0,0,0,0,0,0,0,0,0,0,0,0,0,1,0,0,1,0
2022-10-01,NY,2236,2022-39,Region 2,7.96,97947.8,2026-05-06T19:11:09Z,2.26,0,0,0,0,0,0,0,0,0,0,0,0,1,0,0,0.998492231799547,0,0,0,0,0,0,0,0,0,0,0,0,0,1,0,0,0.9846153846153847,0
2022-10-08,NY,2374,2022-40,Region 2,8.22,102421.20000000001,2026-05-06T19:11:09Z,2.18,0,0,0,0,0,0,0,0,0,0,0,0,1,0,0,0.9969844635990941,0,0,0,0,0,0,0,0,0,0,0,0,0,1,0,0,0.9692307692307692,0
2022-10-15,NY,2512,2022-41,Region 2,7.92,98667.36,2026-05-06T19:11:09Z,2.36,0,0,0,0,0,0,0,0,0,0,0,0,1,0,0,0.9954766953986411,0,0,0,0,0,0,0,0,0,0,0,0,0,1,0,0,0.9538461538461539,0
2022-10-22,NY,2504,2022-42,Region 2,7.87,100759.61,2026-05-06T19:11:09Z,2.06,0,0,0,0,0,0,0,0,0,0,0,0,1,0,0,0.9939689271981881,0,0,0,0,0,0,0,0,0,0,0,0,0,1,0,0,0.9384615384615383,0
2022-10-29,NY,2529,2022-43,Region 2,7.47,99470.51999999999,2026-05-06T19:11:09Z,2.12,0,0,0,0,0,0,0,0,0,0,0,0,1,0,0,0.9861427645070282,0,0,0,0,0,0,0,0,0,0,0,0,0,1,0,0,0.8707912087912087,0
2022-11-05,NY,2467,2022-44,Region 2,7.22,100747.87999999999,2026-05-06T19:11:09Z,2.1,0,0,0,0,0,0,0,0,0,0,0,0,1,0,0,0.9794559844289465,0,0,0,0,0,0,0,0,0,0,0,0,0,1,0,0,0.8125494505494505,0
2022-11-12,NY,2364,2022-45,Region 2,7.42,84528.64,2026-05-06T19:11:09Z,2.08,0,0,0,0,0,0,0,0,0,0,0,0,1,0,0,0.9831272281061223,0,0,0,0,0,0,0,0,0,0,0,0,0,1,0,0,0.840021978021978,0
2022-11-19,NY,2320,2022-46,Region 2,6.89,95736.54999999999,2026-05-06T19:11:09Z,2.01,0,0,0,0,0,0,0,0,0,0,0,0,1,0,0,0.9879378543963765,0,0,0,0,0,0,0,0,0,0,0,0,0,1,0,0,0.8769230769230769,0
2022-11-26,NY,2403,2022-47,Region 2,7.43,97006.08,2026-05-06T19:11:09Z,2.41,0,0,0,0,0,0,0,0,0,0,0,0,1,0,0,0.9864300861959235,0,0,0,0,0,0,0,0,0,0,0,0,0,1,0,0,0.8615384615384616,0
2022-12-03,NY,2899,2022-48,Region 2,7.94,132343.92,2026-05-06T19:11:09Z,2.68,0,0,0,0,0,0,0,0,0,0,0,0,1,0,0,0.9849223179954705,0,0,0,0,0,0,0,0,0,0,0,0,0,1,0,0,0.8461538461538461,0
2022-12-10,NY,3120,2022-49,Region 2,8.4,133425.6,2026-05-06T19:11:09Z,2.77,0,0,0,0,0,0,0,0,0,0,0,0,1,0,0,0.9834145497950175,0,0,0,0,0,0,0,0,0,0,0,0,0,1,0,0,0.8307692307692308,0
2022-12-17,NY,3344,2022-50,Region 2,8.91,135494.37,2026-05-06T19:11:09Z,2.84,0,0,0,0,0,0,0,0,0,0,0,0,1,0,0,0.9819067815945646,0,0,0,0,0,0,0,0,0,0,0,0,0,1,0,0,0.8153846153846154,0
2022-12-24,NY,3503,2022-51,Region 2,10.89,141842.25,2026-05-06T19:11:09Z,3.16,0,0,0,0,0,0,0,0,0,0,0,0,1,0,0,0.9929452906050329,0,0,0,0,0,0,0,0,0,0,0,0,0,1,0,0,0.875,0
2022-12-31,NY,3458,2022-52,Region 2,11.74,141701.8,2026-05-06T19:11:09Z,3.46,0,0,0,0,0,0,0,0,0,0,0,0,1,0,0,0.9929452906050329,0,0,0,0,0,0,0,0,0,0,0,0,0,1,0,0,0.875,0
2023-01-07,NY,3708,2023-01,Region 2,11.6,154883.19999999998,2026-05-06T19:11:09Z,3.2,0,0,0,0,0,0,0,0,0,0,0,0,1,0,0,0.9970129673756848,0,0,0,0,0,0,0,0,0,0,0,0,0,1,0,0,0.9206349206349206,0
2023-01-14,NY,3161,2023-02,Region 2,11.04,140472.96,2026-05-06T19:11:09Z,2.54,0,0,0,0,0,0,0,0,0,0,0,0,1,0,0,0.9990083051687273,0,0,0,0,0,0,0,0,0,0,0,0,0,1,0,0,0.9736507936507937,0
2023-01-21,NY,2628,2023-03,Region 2,9.13,111258.18000000001,2026-05-06T19:11:09Z,2.23,0,0,0,0,0,0,0,0,0,0,0,0,1,0,0,1,0,0,0,0,0,0,0,0,0,0,0,0,0,1,0,0,1,0
2023-01-28,NY,2455,2023-04,Region 2,9.13,111285.57,2026-05-06T19:11:09Z,1.99,0,0,0,0,0,0,0,0,0,0,0,0,1,0,0,1,0,0,0,0,0,0,0,0,0,0,0,0,0,1,0,0,1,0
2023-02-04,NY,2214,2023-05,Region 2,8.31,96612.06000000001,2026-05-06T19:11:09Z,1.82,0,0,0,0,0,0,0,0,0,0,0,0,1,0,0,1,0,0,0,0,0,0,0,0,0,0,0,0,0,1,0,0,1,0
2023-02-11,NY,1921,2023-06,Region 2,6.33,74744.64,2026-05-06T19:11:09Z,1.49,0,0,0,0,0,0,0,0,0,0,0,0,1,0,0,0.9781206815108244,0,0,0,0,0,0,0,0,0,0,0,0,0,1,0,0,0.8309090909090909,0
2023-02-18,NY,1894,2023-07,Region 2,5.85,69591.59999999999,2026-05-06T19:11:09Z,1.4,0,0,0,0,0,0,0,0,0,0,0,0,1,0,0,0.9831644614680013,0,0,0,0,0,0,0,0,0,0,0,0,0,1,0,0,0.8504395604395605,0
2023-02-25,NY,1684,2023-08,Region 2,5.24,57996.32,2026-05-06T19:11:09Z,1.35,0,0,0,0,0,0,0,0,0,0,0,0,1,0,0,0.9918598767833373,0,0,0,0,0,0,0,0,0,0,0,0,0,1,0,0,0.8943956043956044,0
2023-03-04,NY,1487,2023-09,Region 2,4.22,46529.719999999994,2026-05-06T19:11:09Z,1.06,0,0,0,0,0,0,0,0,0,0,0,0,1,0,0,0.9955918760226631,0,0,0,0,0,0,0,0,0,0,0,0,0,1,0,0,0.9104395604395604,0
2023-03-11,NY,1275,2023-10,Region 2,4.48,45772.16,2026-05-06T19:11:09Z,0.83,0,0,0,0,0,0,0,0,0,0,0,0,1,0,0,0.9951606941410622,0,0,0,0,0,0,0,0,0,0,0,0,0,1,0,0,0.9433673469387754,0
2023-03-18,NY,1127,2023-11,Region 2,4.09,39178.11,2026-05-06T19:11:09Z,0.8,0,0,0,0,0,0,0,0,0,0,0,0,1,0,0,0.9939948209179492,0,0,0,0,0,0,0,0,0,0,0,0,0,1,0,0,0.940204081632653,0
2023-03-25,NY,979,2023-12,Region 2,3.16,31508.36,2026-05-06T19:11:09Z,0.68,0,0,0,0,0,0,0,0,0,0,0,0,1,0,0,0.9892344152889428,0,0,0,0,0,0,0,0,0,0,0,0,0,1,0,0,0.9091428571428571,0
2023-04-01,NY,906,2023-13,Region 2,3.04,28074.4,2026-05-06T19:11:09Z,0.62,0,0,0,0,0,0,0,0,0,0,0,0,1,0,0,0.9723463413577171,0,0,0,0,0,0,0,0,0,0,0,0,0,1,0,0,0.7569523809523809,0
2023-04-08,NY,839,2023-14,Region 2,2.81,23376.39,2026-05-06T19:11:09Z,0.59,0,0,0,0,0,0,0,0,0,0,0,0,1,0,0,0.959850305699407,0,0,0,0,0,0,0,0,0,0,0,0,0,1,0,0,0.6389523809523809,0
2023-04-15,NY,740,2023-15,Region 2,2.67,21135.72,2026-05-06T19:11:09Z,0.54,0,0,0,0,0,0,0,0,0,0,0,0,1,0,0,0.8939226732176262,0,0,0,0,0,0,0,0,0,0,0,0,0,1,0,0,0.6284761904761905,0
2023-04-22,NY,659,2023-16,Region 2,2.62,18326.9,2026-05-06T19:11:09Z,0.42,0,0,0,0,0,0,0,0,0,0,0,0,1,0,0,0.6937635018742823,0,0,0,0,0,0,0,0,0,0,0,0,0,1,0,0,0.6301904761904762,0
2023-04-29,NY,585,2023-17,Region 2,2.39,13895.460000000001,2026-05-06T19:11:09Z,0.37,0,0,0,0,0,0,0,0,0,0,0,0,1,0,0,0.6383914165436829,0,0,0,0,0,0,0,0,0,0,0,0,0,1,0,0,0.692857142857143,0
2023-05-06,NY,601,2023-18,Region 2,2.52,14018.76,2026-05-06T19:11:09Z,0.36,0,0,0,0,0,0,0,0,0,0,0,0,1,0,0,0.8153688724239859,0,0,0,0,0,0,0,0,0,0,0,0,0,1,0,0,0.6371428571428571,0
2023-05-13,NY,547,2023-19,Region 2,2.98,16273.78,2026-05-06T19:11:09Z,0.36,0,0,0,0,0,0,0,0,0,0,0,0,1,0,0,0.9176236669966991,0,0,0,0,0,0,0,0,0,0,0,0,0,1,0,0,0.6100892857142857,0
2023-05-20,NY,554,2023-20,Region 2,2.93,16519.34,2026-05-06T19:11:09Z,0.38,0,0,0,0,0,0,0,0,0,0,0,0,1,0,0,0.8451476147126491,0,0,0,0,0,0,0,0,0,0,0,0,0,1,0,0,0.5604464285714286,0
2023-05-27,NY,524,2023-21,Region 2,3.04,15619.52,2026-05-06T19:11:09Z,0.36,0,0,0,0,0,0,0,0,0,0,0,0,1,0,0,0.6135968878387564,0,0,0,0,0,0,0,0,0,0,0,0,0,1,0,0,0.47714285714285715,0
2023-06-03,NY,498,2023-22,Region 2,2.94,14391.3,2026-05-06T19:11:09Z,0.42,0,0,0,0,0,0,0,0,0,0,0,0,1,0,0,0.6300341118436652,0,0,0,0,0,0,0,0,0,0,0,0,0,1,0,0,0.6084821428571429,0
2023-06-10,NY,454,2023-23,Region 2,3.31,16205.76,2026-05-06T19:11:09Z,0.35,0,0,0,0,0,0,0,0,0,0,0,0,1,0,0,0.8029757938024776,0,0,0,0,0,0,0,0,0,0,0,0,0,1,0,0,0.7333035714285714,0
2023-06-17,NY,457,2023-24,Region 2,3.72,14098.800000000001,2026-05-06T19:11:09Z,0.35,0,0,0,0,0,0,0,0,0,0,0,0,1,0,0,0.7955600194570702,0,0,0,0,0,0,0,0,0,0,0,0,0,1,0,0,0.6682142857142856,0
2023-06-24,NY,362,2023-25,Region 2,3.85,13690.6,2026-05-06T19:11:09Z,0.32,0,0,0,0,0,0,0,0,0,0,0,0,1,0,0,0.8327943546474951,0,0,0,0,0,0,0,0,0,0,0,0,0,1,0,0,0.6448214285714287,0
2023-07-01,NY,451,2023-26,Region 2,4.25,15117.25,2026-05-06T19:11:09Z,0.32,0,0,0,0,0,0,0,0,0,0,0,0,1,0,0,0.868183010162511,0,0,0,0,0,0,0,0,0,0,0,0,0,1,0,0,0.6534821428571429,0
2023-07-08,NY,377,2023-27,Region 2,3.78,15989.4,2026-05-06T19:11:09Z,0.36,0,0,0,0,0,0,0,0,0,0,0,0,1,0,0,0.8984322481897309,0,0,0,0,0,0,0,0,0,0,0,0,0,1,0,0,0.686875,0
2023-07-15,NY,393,2023-28,Region 2,4.75,21493.75,2026-05-06T19:11:09Z,0.4,0,0,0,0,0,0,0,0,0,0,0,0,1,0,0,0.941937187361239,0,0,0,0,0,0,0,0,0,0,0,0,0,1,0,0,0.71625,0
2023-07-22,NY,531,2023-29,Region 2,4.77,20515.769999999997,2026-05-06T19:11:09Z,0.51,0,0,0,0,0,0,0,0,0,0,0,0,1,0,0,0.9501927609711864,0,0,0,0,0,0,0,0,0,0,0,0,0,1,0,0,0.6666964285714286,0
2023-07-29,NY,632,2023-30,Region 2,6.54,28278.96,2026-05-06T19:11:09Z,0.67,0,0,0,0,0,0,0,0,0,0,0,0,1,0,0,0.8905336288298024,0,0,0,0,0,0,0,0,0,0,0,0,0,1,0,0,0.702232142857143,0
2023-08-05,NY,673,2023-31,Region 2,7.93,34709.61,2026-05-06T19:11:09Z,0.81,0,0,0,0,0,0,0,0,0,0,0,0,1,0,0,0.8956538892225937,0,0,0,0,0,0,0,0,0,0,0,0,0,1,0,0,0.7898214285714286,0
2023-08-12,NY,927,2023-32,Region 2,9.47,41686.94,2026-05-06T19:11:09Z,1.08,0,0,0,0,0,0,0,0,0,0,0,0,1,0,0,0.9636967041174553,0,0,0,0,0,0,0,0,0,0,0,0,0,1,0,0,0.8461607142857143,0
2023-08-19,NY,1050,2023-33,Region 2,10.08,45682.56,2026-05-06T19:11:09Z,1.18,0,0,0,0,0,0,0,0,0,0,0,0,1,0,0,0.9943374348497107,0,0,0,0,0,0,0,0,0,0,0,0,0,1,0,0,0.9052678571428571,0
2023-08-26,NY,1079,2023-34,Region 2,10.26,49904.64,2026-05-06T19:11:09Z,1.46,0,0,0,0,0,0,0,0,0,0,0,0,1,0,0,0.9901553916130542,0,0,0,0,0,0,0,0,0,0,0,0,0,1,0,0,0.9166964285714286,0
2023-09-02,NY,1255,2023-35,Region 2,10.8,52477.200000000004,2026-05-06T19:11:09Z,1.57,0,0,0,0,0,0,0,0,0,0,0,0,1,0,0,0.985722252119944,0,0,0,0,0,0,0,0,0,0,0,0,0,1,0,0,0.8632142857142857,0
2023-09-09,NY,1485,2023-36,Region 2,11.92,60780.08,2026-05-06T19:11:09Z,1.87,0,0,0,0,0,0,0,0,0,0,0,0,1,0,0,0.9896017066609569,0,0,0,0,0,0,0,0,0,0,0,0,0,1,0,0,0.8557142857142856,0
2023-09-16,NY,1424,2023-37,Region 2,12.59,68489.6,2026-05-06T19:11:09Z,1.86,0,0,0,0,0,0,0,0,0,0,0,0,1,0,0,0.9961245987158908,0,0,0,0,0,0,0,0,0,0,0,0,0,1,0,0,0.9241964285714286,0
2023-09-23,NY,1546,2023-38,Region 2,11.66,71499.12,2026-05-06T19:11:09Z,1.94,0,0,0,0,0,0,0,0,0,0,0,0,1,0,0,0.9992540570290461,0,0,0,0,0,0,0,0,0,0,0,0,0,1,0,0,0.9778571428571429,0
2023-09-30,NY,1710,2023-39,Region 2,10.87,64904.77,2026-05-06T19:11:09Z,1.91,0,0,0,0,0,0,0,0,0,0,0,0,1,0,0,0.9977528278494765,0,0,0,0,0,0,0,0,0,0,0,0,0,1,0,0,0.960625,0
2023-10-07,NY,1648,2023-40,Region 2,8.33,50579.76,2026-05-06T19:11:09Z,1.56,0,0,0,0,0,0,0,0,0,0,0,0,1,0,0,0.9094724550971346,0,0,0,0,0,0,0,0,0,0,0,0,0,1,0,0,0.8591964285714286,0
2023-10-14,NY,1407,2023-41,Region 2,7.21,39777.57,2026-05-06T19:11:09Z,1.22,0,0,0,0,0,0,0,0,0,0,0,0,1,0,0,0.6925718188983621,0,0,0,0,0,0,0,0,0,0,0,0,0,1,0,0,0.6324107142857143,0
2023-10-21,NY,1255,2023-42,Region 2,6.53,36306.8,2026-05-06T19:11:09Z,1.09,0,0,0,0,0,0,0,0,0,0,0,0,1,0,0,0.662036608463107,0,0,0,0,0,0,0,0,0,0,0,0,0,1,0,0,0.5817857142857144,0
2023-10-28,NY,1255,2023-43,Region 2,6.52,36225.119999999995,2026-05-06T19:11:09Z,1.08,0,0,0,0,0,0,0,0,0,0,0,0,1,0,0,0.8199961380446075,0,0,0,0,0,0,0,0,0,0,0,0,0,1,0,0,0.6920535714285714,0
2023-11-04,NY,1017,2023-44,Region 2,5.5,29705.5,2026-05-06T19:11:09Z,0.96,0,0,0,0,0,0,0,0,0,0,0,0,1,0,0,0.9336954691898586,0,0,0,0,0,0,0,0,0,0,0,0,0,1,0,0,0.7525,0
2023-11-11,NY,1032,2023-45,Region 2,5.9,33801.1,2026-05-06T19:11:09Z,1.02,0,0,0,0,0,0,0,0,0,0,0,0,1,0,0,0.9862767238331864,0,0,0,0,0,0,0,0,0,0,0,0,0,1,0,0,0.7841071428571429,0
2023-11-18,NY,1078,2023-46,Region 2,6.08,36911.68,2026-05-06T19:11:09Z,1.15,0,0,0,0,0,0,0,0,0,0,0,0,1,0,0,0.9878544143407517,0,0,0,0,0,0,0,0,0,0,0,0,0,1,0,0,0.8005357142857144,0
2023-11-25,NY,1296,2023-47,Region 2,6.61,37022.61,2026-05-06T19:11:09Z,1.5,0,0,0,0,0,0,0,0,0,0,0,0,1,0,0,0.9881414734850718,0,0,0,0,0,0,0,0,0,0,0,0,0,1,0,0,0.8170535714285714,0
2023-12-02,NY,1487,2023-48,Region 2,8.02,53373.1,2026-05-06T19:11:09Z,1.75,0,0,0,0,0,0,0,0,0,0,0,0,1,0,0,0.9926278298253606,0,0,0,0,0,0,0,0,0,0,0,0,0,1,0,0,0.8885714285714286,0
2023-12-09,NY,1590,2023-49,Region 2,9.04,61128.479999999996,2026-05-06T19:11:09Z,1.82,0,0,0,0,0,0,0,0,0,0,0,0,1,0,0,0.9974853820497751,0,0,0,0,0,0,0,0,0,0,0,0,0,1,0,0,0.9651785714285714,0
2023-12-16,NY,1832,2023-50,Region 2,10.59,81924.24,2026-05-06T19:11:09Z,2.22,0,0,0,0,0,0,0,0,0,0,0,0,1,0,0,0.9955931945520203,0,0,0,0,0,0,0,0,0,0,0,0,0,1,0,0,0.9375,0
2023-12-23,NY,2349,2023-51,Region 2,12.81,106694.49,2026-05-06T19:11:09Z,2.75,0,0,0,0,0,0,0,0,0,0,0,0,1,0,0,0.9960026875617015,0,0,0,0,0,0,0,0,0,0,0,0,0,1,0,0,0.9410714285714286,0
2023-12-30,NY,2924,2023-52,Region 2,14.78,134276.3,2026-05-06T19:11:09Z,3.71,0,0,0,0,0,0,0,0,0,0,0,0,1,0,0,0.9988066108772782,0,0,0,0,0,0,0,0,0,0,0,0,0,1,0,0,0.9821428571428571,0
2024-01-06,NY,3177,2024-01,Region 2,15.4,135119.6,2026-05-06T19:11:09Z,3.46,0,0,0,0,0,0,0,0,0,0,0,0,1,0,0,1,0,0,0,0,0,0,0,0,0,0,0,0,0,1,0,0,1,0
2024-01-13,NY,2828,2024-02,Region 2,14.76,124367.76,2026-05-06T19:11:09Z,2.91,0,0,0,0,0,0,0,0,0,0,0,0,1,0,0,1,0,0,0,0,0,0,0,0,0,0,0,0,0,1,0,0,1,0
2024-01-20,NY,2369,2024-03,Region 2,12.57,92100.39,2026-05-06T19:11:09Z,2.27,0,0,0,0,0,0,0,0,0,0,0,0,1,0,0,0.9980265407944635,0,0,0,0,0,0,0,0,0,0,0,0,0,1,0,0,0.96875,0
2024-01-27,NY,1970,2024-04,Region 2,11.48,72702.84,2026-05-06T19:11:09Z,1.93,0,0,0,0,0,0,0,0,0,0,0,0,1,0,0,0.996053081588927,0,0,0,0,0,0,0,0,0,0,0,0,0,1,0,0,0.9375,0
2024-02-03,NY,1662,2024-05,Region 2,10.11,70133.06999999999,2026-05-06T19:11:09Z,1.59,0,0,0,0,0,0,0,0,0,0,0,0,1,0,0,0.996053081588927,0,0,0,0,0,0,0,0,0,0,0,0,0,1,0,0,0.9375,0
2024-02-10,NY,1560,2024-06,Region 2,8.73,60533.82,2026-05-06T19:11:09Z,1.5,0,0,0,0,0,0,0,0,0,0,0,0,1,0,0,0.9950797430919498,0,0,0,0,0,0,0,0,0,0,0,0,0,1,0,0,0.925,0
2024-02-17,NY,1303,2024-07,Region 2,6.28,37592.08,2026-05-06T19:11:09Z,1.26,0,0,0,0,0,0,0,0,0,0,0,0,1,0,0,0.977852186310575,0,0,0,0,0,0,0,0,0,0,0,0,0,1,0,0,0.9214285714285714,0
2024-02-24,NY,1082,2024-08,Region 2,6.12,38831.4,2026-05-06T19:11:09Z,1.07,0,0,0,0,0,0,0,0,0,0,0,0,1,0,0,0.8867598237715322,0,0,0,0,0,0,0,0,0,0,0,0,0,1,0,0,0.8886554621848739,0
2024-03-02,NY,899,2024-09,Region 2,5.67,35397.81,2026-05-06T19:11:09Z,0.81,0,0,0,0,0,0,0,0,0,0,0,0,1,0,0,0.8150997882574562,0,0,0,0,0,0,0,0,0,0,0,0,0,1,0,0,0.7704201680672269,0
2024-03-09,NY,746,2024-10,Region 2,4.65,29174.100000000002,2026-05-06T19:11:09Z,0.63,0,0,0,0,0,0,0,0,0,0,0,0,1,0,0,0.8211489778820978,0,0,0,0,0,0,0,0,0,0,0,0,0,1,0,0,0.7239495798319328,0
2024-03-16,NY,596,2024-11,Region 2,3.66,18395.16,2026-05-06T19:11:09Z,0.52,0,0,0,0,0,0,0,0,0,0,0,0,1,0,0,0.8595793622995914,0,0,0,0,0,0,0,0,0,0,0,0,0,1,0,0,0.8099159663865546,0
2024-03-23,NY,551,2024-12,Region 2,2.62,9298.380000000001,2026-05-06T19:11:09Z,0.5,0,0,0,0,0,0,0,0,0,0,0,0,1,0,0,0.8987179406232718,0,0,0,0,0,0,0,0,0,0,0,0,0,1,0,0,0.8336974789915966,0
2024-03-30,NY,491,2024-13,Region 2,4.02,18077.94,2026-05-06T19:11:09Z,0.44,0,0,0,0,0,0,0,0,0,0,0,0,1,0,0,0.9178318439364505,0,0,0,0,0,0,0,0,0,0,0,0,0,1,0,0,0.8107563025210084,0
2024-04-06,NY,487,2024-14,Region 2,2.85,12597,2026-05-06T19:11:09Z,0.44,0,0,0,0,0,0,0,0,0,0,0,0,1,0,0,0.9349223515408118,0,0,0,0,0,0,0,0,0,0,0,0,0,1,0,0,0.8423529411764705,0
2024-04-13,NY,451,2024-15,Region 2,2.61,9899.73,2026-05-06T19:11:09Z,0.39,0,0,0,0,0,0,0,0,0,0,0,0,1,0,0,0.9136988711314601,0,0,0,0,0,0,0,0,0,0,0,0,0,1,0,0,0.8383193277310924,0
2024-04-20,NY,404,2024-16,Region 2,2.44,8896.24,2026-05-06T19:11:09Z,0.33,0,0,0,0,0,0,0,0,0,0,0,0,1,0,0,0.8415495053610109,0,0,0,0,0,0,0,0,0,0,0,0,0,1,0,0,0.7761344537815126,0
2024-04-27,NY,380,2024-17,Region 2,3.39,13607.460000000001,2026-05-06T19:11:09Z,0.32,0,0,0,0,0,0,0,0,0,0,0,0,1,0,0,0.7787660823953649,0,0,0,0,0,0,0,0,0,0,0,0,0,1,0,0,0.7073949579831933,0
2022-10-01,OH,1057,2022-39,Region 5,7.12,439937.68,2026-05-06T19:11:09Z,1.84,0,0,0,0,0,0,0,0,0,0,0,0,0,0,1,0.7401397960053159,0,0,0,0,0,0,0,0,0,0,0,0,0,0,0,1,0.6127272727272728,0
2022-10-08,OH,961,2022-40,Region 5,7.56,456495.48,2026-05-06T19:11:09Z,1.65,0,0,0,0,0,0,0,0,0,0,0,0,0,0,1,0.7401397960053159,0,0,0,0,0,0,0,0,0,0,0,0,0,0,0,1,0.6127272727272728,0
2022-10-15,OH,1091,2022-41,Region 5,7.77,492944.33999999997,2026-05-06T19:11:09Z,1.81,0,0,0,0,0,0,0,0,0,0,0,0,0,0,1,0.7401397960053159,0,0,0,0,0,0,0,0,0,0,0,0,0,0,0,1,0.6127272727272728,0
2022-10-22,OH,1117,2022-42,Region 5,7.78,501319.86000000004,2026-05-06T19:11:09Z,1.81,0,0,0,0,0,0,0,0,0,0,0,0,0,0,1,0.7401397960053159,0,0,0,0,0,0,0,0,0,0,0,0,0,0,0,1,0.6127272727272728,0
2022-10-29,OH,1235,2022-43,Region 5,7.81,510078.91,2026-05-06T19:11:09Z,2.12,0,0,0,0,0,0,0,0,0,0,0,0,0,0,1,0.7401397960053159,0,0,0,0,0,0,0,0,0,0,0,0,0,0,0,1,0.6127272727272728,0
2022-11-05,OH,1301,2022-44,Region 5,6.44,519308.72000000003,2026-05-06T19:11:09Z,2.05,0,0,0,0,0,0,0,0,0,0,0,0,0,0,1,0.7401397960053159,0,0,0,0,0,0,0,0,0,0,0,0,0,0,0,1,0.6127272727272728,0
2022-11-12,OH,1149,2022-45,Region 5,6.86,460477.5,2026-05-06T19:11:09Z,1.84,0,0,0,0,0,0,0,0,0,0,0,0,0,0,1,0.7401397960053159,0,0,0,0,0,0,0,0,0,0,0,0,0,0,0,1,0.6127272727272728,0
2022-11-19,OH,1163,2022-46,Region 5,6.64,463711.04,2026-05-06T19:11:09Z,1.91,0,0,0,0,0,0,0,0,0,0,0,0,0,0,1,0.7401397960053159,0,0,0,0,0,0,0,0,0,0,0,0,0,0,0,1,0.6127272727272728,0
2022-11-26,OH,1184,2022-47,Region 5,7.36,483345.92000000004,2026-05-06T19:11:09Z,2.34,0,0,0,0,0,0,0,0,0,0,0,0,0,0,1,0.7401397960053159,0,0,0,0,0,0,0,0,0,0,0,0,0,0,0,1,0.6127272727272728,0
2022-12-03,OH,1601,2022-48,Region 5,8.35,671323.2999999999,2026-05-06T19:11:09Z,2.85,0,0,0,0,0,0,0,0,0,0,0,0,0,0,1,0.7401397960053159,0,0,0,0,0,0,0,0,0,0,0,0,0,0,0,1,0.6127272727272728,0
2022-12-10,OH,1619,2022-49,Region 5,8.8,680407.2000000001,2026-05-06T19:11:09Z,2.93,0,0,0,0,0,0,0,0,0,0,0,0,0,0,1,0.7401397960053159,0,0,0,0,0,0,0,0,0,0,0,0,0,0,0,1,0.6127272727272728,0
2022-12-17,OH,1675,2022-50,Region 5,9.49,736604.31,2026-05-06T19:11:09Z,3.1,0,0,0,0,0,0,0,0,0,0,0,0,0,0,1,0.7401397960053159,0,0,0,0,0,0,0,0,0,0,0,0,0,0,0,1,0.6127272727272728,0
2022-12-24,OH,1816,2022-51,Region 5,9.75,634110.75,2026-05-06T19:11:09Z,3.32,0,0,0,0,0,0,0,0,0,0,0,0,0,0,1,0.7401397960053159,0,0,0,0,0,0,0,0,0,0,0,0,0,0,0,1,0.6127272727272728,0
2022-12-31,OH,1959,2022-52,Region 5,9.79,556776.88,2026-05-06T19:11:09Z,3.25,0,0,0,0,0,0,0,0,0,0,0,0,0,0,1,0.7401397960053159,0,0,0,0,0,0,0,0,0,0,0,0,0,0,0,1,0.6127272727272728,0
2023-01-07,OH,1630,2023-01,Region 5,8.95,493350.85,2026-05-06T19:11:09Z,2.54,0,0,0,0,0,0,0,0,0,0,0,0,0,0,1,0.7401397960053159,0,0,0,0,0,0,0,0,0,0,0,0,0,0,0,1,0.6127272727272728,0
2023-01-14,OH,1278,2023-02,Region 5,7.63,392769.51,2026-05-06T19:11:09Z,1.85,0,0,0,0,0,0,0,0,0,0,0,0,0,0,1,0.7401397960053159,0,0,0,0,0,0,0,0,0,0,0,0,0,0,0,1,0.6127272727272728,0
2023-01-21,OH,1058,2023-03,Region 5,7.45,363783.5,2026-05-06T19:11:09Z,1.63,0,0,0,0,0,0,0,0,0,0,0,0,0,0,1,0.7401397960053159,0,0,0,0,0,0,0,0,0,0,0,0,0,0,0,1,0.6127272727272728,0
2023-01-28,OH,893,2023-04,Region 5,7.35,362884.19999999995,2026-05-06T19:11:09Z,1.58,0,0,0,0,0,0,0,0,0,0,0,0,0,0,1,0.7401397960053159,0,0,0,0,0,0,0,0,0,0,0,0,0,0,0,1,0.6127272727272728,0
2023-02-04,OH,916,2023-05,Region 5,7.33,344143.5,2026-05-06T19:11:09Z,1.55,0,0,0,0,0,0,0,0,0,0,0,0,0,0,1,0.7401397960053159,0,0,0,0,0,0,0,0,0,0,0,0,0,0,0,1,0.6127272727272728,0
2023-02-11,OH,867,2023-06,Region 5,7.79,374410.77,2026-05-06T19:11:09Z,1.68,0,0,0,0,0,0,0,0,0,0,0,0,0,0,1,0.7401397960053159,0,0,0,0,0,0,0,0,0,0,0,0,0,0,0,1,0.6127272727272728,0
2023-02-18,OH,994,2023-07,Region 5,8.77,383783.97,2026-05-06T19:11:09Z,1.75,0,0,0,0,0,0,0,0,0,0,0,0,0,0,1,0.7401397960053159,0,0,0,0,0,0,0,0,0,0,0,0,0,0,0,1,0.6127272727272728,0
2023-02-25,OH,996,2023-08,Region 5,8.64,363890.88,2026-05-06T19:11:09Z,1.72,0,0,0,0,0,0,0,0,0,0,0,0,0,0,1,0.7401397960053159,0,0,0,0,0,0,0,0,0,0,0,0,0,0,0,1,0.6127272727272728,0
2023-03-04,OH,990,2023-09,Region 5,8.54,363043.93999999994,2026-05-06T19:11:09Z,1.68,0,0,0,0,0,0,0,0,0,0,0,0,0,0,1,0.7401397960053159,0,0,0,0,0,0,0,0,0,0,0,0,0,0,0,1,0.6127272727272728,0
2023-03-11,OH,1004,2023-10,Region 5,7.76,300661.2,2026-05-06T19:11:09Z,1.61,0,0,0,0,0,0,0,0,0,0,0,0,0,0,1,0.7401397960053159,0,0,0,0,0,0,0,0,0,0,0,0,0,0,0,1,0.6127272727272728,0
2023-03-18,OH,962,2023-11,Region 5,7.74,284127.66000000003,2026-05-06T19:11:09Z,1.47,0,0,0,0,0,0,0,0,0,0,0,0,0,0,1,0.7401397960053159,0,0,0,0,0,0,0,0,0,0,0,0,0,0,0,1,0.6127272727272728,0
2023-03-25,OH,846,2023-12,Region 5,7.89,278958.83999999997,2026-05-06T19:11:09Z,1.34,0,0,0,0,0,0,0,0,0,0,0,0,0,0,1,0.7401397960053159,0,0,0,0,0,0,0,0,0,0,0,0,0,0,0,1,0.6127272727272728,0
2023-04-01,OH,807,2023-13,Region 5,7.83,262273.68,2026-05-06T19:11:09Z,1.22,0,0,0,0,0,0,0,0,0,0,0,0,0,0,1,0.7401397960053159,0,0,0,0,0,0,0,0,0,0,0,0,0,0,0,1,0.6127272727272728,0
2023-04-08,OH,724,2023-14,Region 5,7.12,228025.12,2026-05-06T19:11:09Z,1.03,0,0,0,0,0,0,0,0,0,0,0,0,0,0,1,0.7401397960053159,0,0,0,0,0,0,0,0,0,0,0,0,0,0,0,1,0.6127272727272728,0
2023-04-15,OH,629,2023-15,Region 5,6.73,195876.65000000002,2026-05-06T19:11:09Z,0.84,0,0,0,0,0,0,0,0,0,0,0,0,0,0,1,0.7401397960053159,0,0,0,0,0,0,0,0,0,0,0,0,0,0,0,1,0.6127272727272728,0
2023-04-22,OH,520,2023-16,Region 5,5.27,137525.91999999998,2026-05-06T19:11:09Z,0.67,0,0,0,0,0,0,0,0,0,0,0,0,0,0,1,0.7401397960053159,0,0,0,0,0,0,0,0,0,0,0,0,0,0,0,1,0.6127272727272728,0
2023-04-29,OH,368,2023-17,Region 5,4.91,121316.28,2026-05-06T19:11:09Z,0.53,0,0,0,0,0,0,0,0,0,0,0,0,0,0,1,0.7401397960053159,0,0,0,0,0,0,0,0,0,0,0,0,0,0,0,1,0.6127272727272728,0
2023-05-06,OH,394,2023-18,Region 5,5.48,129437.6,2026-05-06T19:11:09Z,0.54,0,0,0,0,0,0,0,0,0,0,0,0,0,0,1,0.7401397960053159,0,0,0,0,0,0,0,0,0,0,0,0,0,0,0,1,0.6127272727272728,0
2023-05-13,OH,375,2023-19,Region 5,5.24,112880.08,2026-05-06T19:11:09Z,0.56,0,0,0,0,0,0,0,0,0,0,0,0,0,0,1,0.7401397960053159,0,0,0,0,0,0,0,0,0,0,0,0,0,0,0,1,0.6127272727272728,0
2023-05-20,OH,324,2023-20,Region 5,4.86,93341.16,2026-05-06T19:11:09Z,0.43,0,0,0,0,0,0,0,0,0,0,0,0,0,0,1,0.7401397960053159,0,0,0,0,0,0,0,0,0,0,0,0,0,0,0,1,0.6127272727272728,0
2023-05-27,OH,293,2023-21,Region 5,5.01,85600.86,2026-05-06T19:11:09Z,0.42,0,0,0,0,0,0,0,0,0,0,0,0,0,0,1,0.7401397960053159,0,0,0,0,0,0,0,0,0,0,0,0,0,0,0,1,0.6127272727272728,0
2023-06-03,OH,270,2023-22,Region 5,4.97,74470.48,2026-05-06T19:11:09Z,0.37,0,0,0,0,0,0,0,0,0,0,0,0,0,0,1,0.7401397960053159,0,0,0,0,0,0,0,0,0,0,0,0,0,0,0,1,0.6127272727272728,0
2023-06-10,OH,190,2023-23,Region 5,4.16,60648.64,2026-05-06T19:11:09Z,0.25,0,0,0,0,0,0,0,0,0,0,0,0,0,0,1,0.7401397960053159,0,0,0,0,0,0,0,0,0,0,0,0,0,0,0,1,0.6127272727272728,0
2023-06-17,OH,146,2023-24,Region 5,4.05,52613.549999999996,2026-05-06T19:11:09Z,0.24,0,0,0,0,0,0,0,0,0,0,0,0,0,0,1,0.7401397960053159,0,0,0,0,0,0,0,0,0,0,0,0,0,0,0,1,0.6127272727272728,0
2023-06-24,OH,120,2023-25,Region 5,4.2,51126.6,2026-05-06T19:11:09Z,0.26,0,0,0,0,0,0,0,0,0,0,0,0,0,0,1,0.7401397960053159,0,0,0,0,0,0,0,0,0,0,0,0,0,0,0,1,0.6127272727272728,0
2023-07-01,OH,128,2023-26,Region 5,4.15,47193.8,2026-05-06T19:11:09Z,0.25,0,0,0,0,0,0,0,0,0,0,0,0,0,0,1,0.7401397960053159,0,0,0,0,0,0,0,0,0,0,0,0,0,0,0,1,0.6127272727272728,0
2023-07-08,OH,137,2023-27,Region 5,5.01,55099.979999999996,2026-05-06T19:11:09Z,0.3,0,0,0,0,0,0,0,0,0,0,0,0,0,0,1,0.7401397960053159,0,0,0,0,0,0,0,0,0,0,0,0,0,0,0,1,0.6127272727272728,0
2023-07-15,OH,132,2023-28,Region 5,5.18,58425.219999999994,2026-05-06T19:11:09Z,0.34,0,0,0,0,0,0,0,0,0,0,0,0,0,0,1,0.7401397960053159,0,0,0,0,0,0,0,0,0,0,0,0,0,0,0,1,0.6127272727272728,0
2023-07-22,OH,161,2023-29,Region 5,6.18,69129.48,2026-05-06T19:11:09Z,0.41,0,0,0,0,0,0,0,0,0,0,0,0,0,0,1,0.7401397960053159,0,0,0,0,0,0,0,0,0,0,0,0,0,0,0,1,0.6127272727272728,0
2023-07-29,OH,186,2023-30,Region 5,7.58,86343.78,2026-05-06T19:11:09Z,0.52,0,0,0,0,0,0,0,0,0,0,0,0,0,0,1,0.7401397960053159,0,0,0,0,0,0,0,0,0,0,0,0,0,0,0,1,0.6127272727272728,0
2023-08-05,OH,231,2023-31,Region 5,8.83,109147.63,2026-05-06T19:11:09Z,0.66,0,0,0,0,0,0,0,0,0,0,0,0,0,0,1,0.7401397960053159,0,0,0,0,0,0,0,0,0,0,0,0,0,0,0,1,0.6127272727272728,0
2023-08-12,OH,315,2023-32,Region 5,9.87,133156.16999999998,2026-05-06T19:11:09Z,0.8,0,0,0,0,0,0,0,0,0,0,0,0,0,0,1,0.7401397960053159,0,0,0,0,0,0,0,0,0,0,0,0,0,0,0,1,0.6127272727272728,0
2023-08-19,OH,294,2023-33,Region 5,11.21,168329.36000000002,2026-05-06T19:11:09Z,1.03,0,0,0,0,0,0,0,0,0,0,0,0,0,0,1,0.7401397960053159,0,0,0,0,0,0,0,0,0,0,0,0,0,0,0,1,0.6127272727272728,0
2023-08-26,OH,376,2023-34,Region 5,12.5,214487.5,2026-05-06T19:11:09Z,1.38,0,0,0,0,0,0,0,0,0,0,0,0,0,0,1,0.7401397960053159,0,0,0,0,0,0,0,0,0,0,0,0,0,0,0,1,0.6127272727272728,0
2023-09-02,OH,420,2023-35,Region 5,12.58,248429.84,2026-05-06T19:11:09Z,1.72,0,0,0,0,0,0,0,0,0,0,0,0,0,0,1,0.7401397960053159,0,0,0,0,0,0,0,0,0,0,0,0,0,0,0,1,0.6127272727272728,0
2023-09-09,OH,558,2023-36,Region 5,12.46,285271.7,2026-05-06T19:11:09Z,2.13,0,0,0,0,0,0,0,0,0,0,0,0,0,0,1,0.7401397960053159,0,0,0,0,0,0,0,0,0,0,0,0,0,0,0,1,0.6127272727272728,0
2023-09-16,OH,644,2023-37,Region 5,12.2,323141.39999999997,2026-05-06T19:11:09Z,1.84,0,0,0,0,0,0,0,0,0,0,0,0,0,0,1,0.7401397960053159,0,0,0,0,0,0,0,0,0,0,0,0,0,0,0,1,0.6127272727272728,0
2023-09-23,OH,615,2023-38,Region 5,12.25,359476.25,2026-05-06T19:11:09Z,1.73,0,0,0,0,0,0,0,0,0,0,0,0,0,0,1,0.7401397960053159,0,0,0,0,0,0,0,0,0,0,0,0,0,0,0,1,0.6127272727272728,0
2023-09-30,OH,584,2023-39,Region 5,10.63,286829.29000000004,2026-05-06T19:11:09Z,1.5,0,0,0,0,0,0,0,0,0,0,0,0,0,0,1,0.7401397960053159,0,0,0,0,0,0,0,0,0,0,0,0,0,0,0,1,0.6127272727272728,0
2023-10-07,OH,614,2023-40,Region 5,10.05,244034.1,2026-05-06T19:11:09Z,1.18,0,0,0,0,0,0,0,0,0,0,0,0,0,0,1,0.7401397960053159,0,0,0,0,0,0,0,0,0,0,0,0,0,0,0,1,0.6127272727272728,0
2023-10-14,OH,518,2023-41,Region 5,8.45,218086.05,2026-05-06T19:11:09Z,1.18,0,0,0,0,0,0,0,0,0,0,0,0,0,0,1,0.7401397960053159,0,0,0,0,0,0,0,0,0,0,0,0,0,0,0,1,0.6127272727272728,0
2023-10-21,OH,573,2023-42,Region 5,9.47,254998.69000000003,2026-05-06T19:11:09Z,1.37,0,0,0,0,0,0,0,0,0,0,0,0,0,0,1,0.7401397960053159,0,0,0,0,0,0,0,0,0,0,0,0,0,0,0,1,0.6127272727272728,0
2023-10-28,OH,676,2023-43,Region 5,10.51,283896.12,2026-05-06T19:11:09Z,1.49,0,0,0,0,0,0,0,0,0,0,0,0,0,0,1,0.7401397960053159,0,0,0,0,0,0,0,0,0,0,0,0,0,0,0,1,0.6127272727272728,0
2023-11-04,OH,621,2023-44,Region 5,10.05,269048.55000000005,2026-05-06T19:11:09Z,1.59,0,0,0,0,0,0,0,0,0,0,0,0,0,0,1,0.7401397960053159,0,0,0,0,0,0,0,0,0,0,0,0,0,0,0,1,0.6127272727272728,0
2023-11-11,OH,719,2023-45,Region 5,11.67,353052.51,2026-05-06T19:11:09Z,1.8,0,0,0,0,0,0,0,0,0,0,0,0,0,0,1,0.7401397960053159,0,0,0,0,0,0,0,0,0,0,0,0,0,0,0,1,0.6127272727272728,0
2023-11-18,OH,858,2023-46,Region 5,12.51,409639.95,2026-05-06T19:11:09Z,2.03,0,0,0,0,0,0,0,0,0,0,0,0,0,0,1,0.7401397960053159,0,0,0,0,0,0,0,0,0,0,0,0,0,0,0,1,0.6127272727272728,0
2023-11-25,OH,1023,2023-47,Region 5,14.28,439424.16,2026-05-06T19:11:09Z,2.44,0,0,0,0,0,0,0,0,0,0,0,0,0,0,1,0.7401397960053159,0,0,0,0,0,0,0,0,0,0,0,0,0,0,0,1,0.6127272727272728,0
2023-12-02,OH,1220,2023-48,Region 5,14.35,553608.65,2026-05-06T19:11:09Z,2.97,0,0,0,0,0,0,0,0,0,0,0,0,0,0,1,0.7401397960053159,0,0,0,0,0,0,0,0,0,0,0,0,0,0,0,1,0.6127272727272728,0
2023-12-09,OH,1226,2023-49,Region 5,14.19,567202.6799999999,2026-05-06T19:11:09Z,3.04,0,0,0,0,0,0,0,0,0,0,0,0,0,0,1,0.7401397960053159,0,0,0,0,0,0,0,0,0,0,0,0,0,0,0,1,0.6127272727272728,0
2023-12-16,OH,1248,2023-50,Region 5,14.58,646375.14,2026-05-06T19:11:09Z,3.3,0,0,0,0,0,0,0,0,0,0,0,0,0,0,1,0.7401397960053159,0,0,0,0,0,0,0,0,0,0,0,0,0,0,0,1,0.6127272727272728,0
2023-12-23,OH,1436,2023-51,Region 5,14.54,685619.1599999999,2026-05-06T19:11:09Z,3.74,0,0,0,0,0,0,0,0,0,0,0,0,0,0,1,0.7401397960053159,0,0,0,0,0,0,0,0,0,0,0,0,0,0,0,1,0.6127272727272728,0
2023-12-30,OH,1717,2023-52,Region 5,15.08,705683.68,2026-05-06T19:11:09Z,4.36,0,0,0,0,0,0,0,0,0,0,0,0,0,0,1,0.7401397960053159,0,0,0,0,0,0,0,0,0,0,0,0,0,0,0,1,0.6127272727272728,0
2024-01-06,OH,1457,2024-01,Region 5,13.94,626798.16,2026-05-06T19:11:09Z,3.41,0,0,0,0,0,0,0,0,0,0,0,0,0,0,1,0.7401397960053159,0,0,0,0,0,0,0,0,0,0,0,0,0,0,0,1,0.6127272727272728,0
2024-01-13,OH,1195,2024-02,Region 5,12.12,499331.87999999995,2026-05-06T19:11:09Z,2.57,0,0,0,0,0,0,0,0,0,0,0,0,0,0,1,0.7401397960053159,0,0,0,0,0,0,0,0,0,0,0,0,0,0,0,1,0.6127272727272728,0
2024-01-20,OH,943,2024-03,Region 5,10.92,374938.2,2026-05-06T19:11:09Z,2,0,0,0,0,0,0,0,0,0,0,0,0,0,0,1,0.7401397960053159,0,0,0,0,0,0,0,0,0,0,0,0,0,0,0,1,0.6127272727272728,0
2024-01-27,OH,793,2024-04,Region 5,10.04,338960.43999999994,2026-05-06T19:11:09Z,1.68,0,0,0,0,0,0,0,0,0,0,0,0,0,0,1,0.7401397960053159,0,0,0,0,0,0,0,0,0,0,0,0,0,0,0,1,0.6127272727272728,0
2024-02-03,OH,678,2024-05,Region 5,9.39,343523.76,2026-05-06T19:11:09Z,1.58,0,0,0,0,0,0,0,0,0,0,0,0,0,0,1,0.7401397960053159,0,0,0,0,0,0,0,0,0,0,0,0,0,0,0,1,0.6127272727272728,0
2024-02-10,OH,628,2024-06,Region 5,9.18,360122.22,2026-05-06T19:11:09Z,1.53,0,0,0,0,0,0,0,0,0,0,0,0,0,0,1,0.7401397960053159,0,0,0,0,0,0,0,0,0,0,0,0,0,0,0,1,0.6127272727272728,0
2024-02-17,OH,581,2024-07,Region 5,8.56,320315.2,2026-05-06T19:11:09Z,1.5,0,0,0,0,0,0,0,0,0,0,0,0,0,0,1,0.7401397960053159,0,0,0,0,0,0,0,0,0,0,0,0,0,0,0,1,0.6127272727272728,0
2024-02-24,OH,613,2024-08,Region 5,7.42,279852.72,2026-05-06T19:11:09Z,1.33,0,0,0,0,0,0,0,0,0,0,0,0,0,0,1,0.7401397960053159,0,0,0,0,0,0,0,0,0,0,0,0,0,0,0,1,0.6127272727272728,0
2024-03-02,OH,492,2024-09,Region 5,6.57,237584.34,2026-05-06T19:11:09Z,1.11,0,0,0,0,0,0,0,0,0,0,0,0,0,0,1,0.7401397960053159,0,0,0,0,0,0,0,0,0,0,0,0,0,0,0,1,0.6127272727272728,0
2024-03-09,OH,357,2024-10,Region 5,5.33,189961.2,2026-05-06T19:11:09Z,0.89,0,0,0,0,0,0,0,0,0,0,0,0,0,0,1,0.7401397960053159,0,0,0,0,0,0,0,0,0,0,0,0,0,0,0,1,0.6127272727272728,0
2024-03-16,OH,373,2024-11,Region 5,4.62,143252.34,2026-05-06T19:11:09Z,0.68,0,0,0,0,0,0,0,0,0,0,0,0,0,0,1,0.7401397960053159,0,0,0,0,0,0,0,0,0,0,0,0,0,0,0,1,0.6127272727272728,0
2024-03-23,OH,297,2024-12,Region 5,3.94,114791.9,2026-05-06T19:11:09Z,0.55,0,0,0,0,0,0,0,0,0,0,0,0,0,0,1,0.7401397960053159,0,0,0,0,0,0,0,0,0,0,0,0,0,0,0,1,0.6127272727272728,0
2024-03-30,OH,244,2024-13,Region 5,3.66,95902.98000000001,2026-05-06T19:11:09Z,0.6,0,0,0,0,0,0,0,0,0,0,0,0,0,0,1,0.7399007483704956,0,0,0,0,0,0,0,0,0,0,0,0,0,0,0,1,0.6029336734693878,0
2024-04-06,OH,288,2024-14,Region 5,3.42,86926.14,2026-05-06T19:11:09Z,0.53,0,0,0,0,0,0,0,0,0,0,0,0,0,0,1,0.6052797708512485,0,0,0,0,0,0,0,0,0,0,0,0,0,0,0,1,0.49556122448979595,0
2024-04-13,OH,251,2024-15,Region 5,3.8,89961.2,2026-05-06T19:11:09Z,0.41,0,0,0,0,0,0,0,0,0,0,0,0,0,0,1,0.4637174320345984,0,0,0,0,0,0,0,0,0,0,0,0,0,0,0,1,0.37413265306122445,0
2024-04-20,OH,181,2024-16,Region 5,3.14,67726.66,2026-05-06T19:11:09Z,0.32,0,0,0,0,0,0,0,0,0,0,0,0,0,0,1,0.2926769826498217,0,0,0,0,0,0,0,0,0,0,0,0,0,0,0,1,0.25525510204081636,0
2024-04-27,OH,166,2024-17,Region 5,3.43,69927.41,2026-05-06T19:11:09Z,0.3,0,0,0,0,0,0,0,0,0,0,0,0,0,0,1,0.22324739739863536,0,0,0,0,0,0,0,0,0,0,0,0,0,0,0,1,0.20053571428571426,0
2022-10-01,OK,234,2022-39,Region 6,5.52,133043.03999999998,2026-05-06T19:11:09Z,1.2,0,0,0,0,0,0,0,0,0,0,0,0,1,0,0,0,0,0,0,0,0,0,0,0,0,0,0,0,0,1,0,0,0,0
2022-10-08,OK,199,2022-40,Region 6,5.27,117789.76999999999,2026-05-06T19:11:09Z,1.29,0,0,0,0,0,0,0,0,0,0,0,0,1,0,0,0,0,0,0,0,0,0,0,0,0,0,0,0,0,1,0,0,0,0
2022-10-15,OK,152,2022-41,Region 6,5.06,117184.54,2026-05-06T19:11:09Z,1.06,0,0,0,0,0,0,0,0,0,0,0,0,1,0,0,0,0,0,0,0,0,0,0,0,0,0,0,0,0,1,0,0,0,0
2022-10-22,OK,209,2022-42,Region 6,4.88,105193.28,2026-05-06T19:11:09Z,1.25,0,0,0,0,0,0,0,0,0,0,0,0,1,0,0,0,0,0,0,0,0,0,0,0,0,0,0,0,0,1,0,0,0,0
2022-10-29,OK,216,2022-43,Region 6,5.63,135660.48,2026-05-06T19:11:09Z,1.17,0,0,0,0,0,0,0,0,0,0,0,0,1,0,0,0,0,0,0,0,0,0,0,0,0,0,0,0,0,1,0,0,0,0
2022-11-05,OK,184,2022-44,Region 6,6.43,170298.55,2026-05-06T19:11:09Z,1.07,0,0,0,0,0,0,0,0,0,0,0,0,1,0,0,0,0,0,0,0,0,0,0,0,0,0,0,0,0,1,0,0,0,0
2022-11-12,OK,205,2022-45,Region 6,7.17,195898.74,2026-05-06T19:11:09Z,1.14,0,0,0,0,0,0,0,0,0,0,0,0,1,0,0,0,0,0,0,0,0,0,0,0,0,0,0,0,0,1,0,0,0,0
2022-11-19,OK,161,2022-46,Region 6,7.42,208613.3,2026-05-06T19:11:09Z,1.29,0,0,0,0,0,0,0,0,0,0,0,0,1,0,0,0,0,0,0,0,0,0,0,0,0,0,0,0,0,1,0,0,0,0
2022-11-26,OK,239,2022-47,Region 6,8.45,203475.99999999997,2026-05-06T19:11:09Z,2.11,0,0,0,0,0,0,0,0,0,0,0,0,1,0,0,0,0,0,0,0,0,0,0,0,0,0,0,0,0,1,0,0,0,0
2022-12-03,OK,327,2022-48,Region 6,9.33,259635.24,2026-05-06T19:11:09Z,2.66,0,0,0,0,0,0,0,0,0,0,0,0,1,0,0,0,0,0,0,0,0,0,0,0,0,0,0,0,0,1,0,0,0,0
2022-12-10,OK,360,2022-49,Region 6,9.03,245363.15999999997,2026-05-06T19:11:09Z,2.91,0,0,0,0,0,0,0,0,0,0,0,0,1,0,0,0,0,0,0,0,0,0,0,0,0,0,0,0,0,1,0,0,0,0
2022-12-17,OK,378,2022-50,Region 6,8.82,223163.64,2026-05-06T19:11:09Z,3.14,0,0,0,0,0,0,0,0,0,0,0,0,1,0,0,0,0,0,0,0,0,0,0,0,0,0,0,0,0,1,0,0,0,0
2022-12-24,OK,397,2022-51,Region 6,10.74,230759.64,2026-05-06T19:11:09Z,3.04,0,0,0,0,0,0,0,0,0,0,0,0,1,0,0,0,0,0,0,0,0,0,0,0,0,0,0,0,0,1,0,0,0,0
2022-12-31,OK,442,2022-52,Region 6,12.68,273938.72,2026-05-06T19:11:09Z,3.81,0,0,0,0,0,0,0,0,0,0,0,0,1,0,0,0,0,0,0,0,0,0,0,0,0,0,0,0,0,1,0,0,0,0
2023-01-07,OK,437,2023-01,Region 6,12.78,279191.88,2026-05-06T19:11:09Z,3.38,0,0,0,0,0,0,0,0,0,0,0,0,1,0,0,0,0,0,0,0,0,0,0,0,0,0,0,0,0,1,0,0,0,0
2023-01-14,OK,384,2023-02,Region 6,10.91,209962.95,2026-05-06T19:11:09Z,2.57,0,0,0,0,0,0,0,0,0,0,0,0,1,0,0,0,0,0,0,0,0,0,0,0,0,0,0,0,0,1,0,0,0,0
2023-01-21,OK,370,2023-03,Region 6,9.68,174172.24,2026-05-06T19:11:09Z,2.61,0,0,0,0,0,0,0,0,0,0,0,0,1,0,0,0,0,0,0,0,0,0,0,0,0,0,0,0,0,1,0,0,0,0
2023-01-28,OK,364,2023-04,Region 6,9.35,175256.4,2026-05-06T19:11:09Z,2.08,0,0,0,0,0,0,0,0,0,0,0,0,1,0,0,0,0,0,0,0,0,0,0,0,0,0,0,0,0,1,0,0,0,0
2023-02-04,OK,331,2023-05,Region 6,8.8,153621.6,2026-05-06T19:11:09Z,2.15,0,0,0,0,0,0,0,0,0,0,0,0,1,0,0,0,0,0,0,0,0,0,0,0,0,0,0,0,0,1,0,0,0,0
2023-02-11,OK,309,2023-06,Region 6,8.4,147932.4,2026-05-06T19:11:09Z,1.61,0,0,0,0,0,0,0,0,0,0,0,0,1,0,0,0,0,0,0,0,0,0,0,0,0,0,0,0,0,1,0,0,0,0
2023-02-18,OK,281,2023-07,Region 6,7.91,134580.74,2026-05-06T19:11:09Z,1.75,0,0,0,0,0,0,0,0,0,0,0,0,1,0,0,0,0,0,0,0,0,0,0,0,0,0,0,0,0,1,0,0,0,0
2023-02-25,OK,248,2023-08,Region 6,8.37,140565.78,2026-05-06T19:11:09Z,1.49,0,0,0,0,0,0,0,0,0,0,0,0,1,0,0,0,0,0,0,0,0,0,0,0,0,0,0,0,0,1,0,0,0,0
2023-03-04,OK,212,2023-09,Region 6,7.52,124644,2026-05-06T19:11:09Z,1.44,0,0,0,0,0,0,0,0,0,0,0,0,1,0,0,0,0,0,0,0,0,0,0,0,0,0,0,0,0,1,0,0,0,0
2023-03-11,OK,221,2023-10,Region 6,7.03,112972.1,2026-05-06T19:11:09Z,1.53,0,0,0,0,0,0,0,0,0,0,0,0,1,0,0,0,0,0,0,0,0,0,0,0,0,0,0,0,0,1,0,0,0,0
2023-03-18,OK,218,2023-11,Region 6,7.05,104875.8,2026-05-06T19:11:09Z,1.72,0,0,0,0,0,0,0,0,0,0,0,0,1,0,0,0,0,0,0,0,0,0,0,0,0,0,0,0,0,1,0,0,0,0
2023-03-25,OK,245,2023-12,Region 6,8.13,116137.05000000002,2026-05-06T19:11:09Z,1.38,0,0,0,0,0,0,0,0,0,0,0,0,1,0,0,0,0,0,0,0,0,0,0,0,0,0,0,0,0,1,0,0,0,0
2023-04-01,OK,176,2023-13,Region 6,7.77,108655.68,2026-05-06T19:11:09Z,0.91,0,0,0,0,0,0,0,0,0,0,0,0,1,0,0,0,0,0,0,0,0,0,0,0,0,0,0,0,0,1,0,0,0,0
2023-04-08,OK,163,2023-14,Region 6,7.21,97161.96,2026-05-06T19:11:09Z,1.09,0,0,0,0,0,0,0,0,0,0,0,0,1,0,0,0,0,0,0,0,0,0,0,0,0,0,0,0,0,1,0,0,0,0
2023-04-15,OK,149,2023-15,Region 6,7.36,95113.28,2026-05-06T19:11:09Z,1,0,0,0,0,0,0,0,0,0,0,0,0,1,0,0,0,0,0,0,0,0,0,0,0,0,0,0,0,0,1,0,0,0,0
2023-04-22,OK,115,2023-16,Region 6,6.51,83972.48999999999,2026-05-06T19:11:09Z,0.79,0,0,0,0,0,0,0,0,0,0,0,0,1,0,0,0,0,0,0,0,0,0,0,0,0,0,0,0,0,1,0,0,0,0
2023-04-29,OK,101,2023-17,Region 6,6.39,75932.37,2026-05-06T19:11:09Z,0.51,0,0,0,0,0,0,0,0,0,0,0,0,1,0,0,0,0,0,0,0,0,0,0,0,0,0,0,0,0,1,0,0,0,0
2023-05-06,OK,89,2023-18,Region 6,6.35,70643.75,2026-05-06T19:11:09Z,0.5,0,0,0,0,0,0,0,0,0,0,0,0,1,0,0,0,0,0,0,0,0,0,0,0,0,0,0,0,0,1,0,0,0,0
2023-05-13,OK,81,2023-19,Region 6,5.98,59871.76,2026-05-06T19:11:09Z,0.37,0,0,0,0,0,0,0,0,0,0,0,0,1,0,0,0,0,0,0,0,0,0,0,0,0,0,0,0,0,1,0,0,0,0
2023-05-20,OK,70,2023-20,Region 6,5.73,55397.64000000001,2026-05-06T19:11:09Z,0.32,0,0,0,0,0,0,0,0,0,0,0,0,1,0,0,0,0,0,0,0,0,0,0,0,0,0,0,0,0,1,0,0,0,0
2023-05-27,OK,49,2023-21,Region 6,5.29,47615.29,2026-05-06T19:11:09Z,0.27,0,0,0,0,0,0,0,0,0,0,0,0,1,0,0,0,0,0,0,0,0,0,0,0,0,0,0,0,0,1,0,0,0,0
2023-06-03,OK,48,2023-22,Region 6,4.07,34481.04,2026-05-06T19:11:09Z,0.19,0,0,0,0,0,0,0,0,0,0,0,0,1,0,0,0,0,0,0,0,0,0,0,0,0,0,0,0,0,1,0,0,0,0
2023-06-10,OK,41,2023-23,Region 6,4.14,32184.359999999997,2026-05-06T19:11:09Z,0.18,0,0,0,0,0,0,0,0,0,0,0,0,1,0,0,0,0,0,0,0,0,0,0,0,0,0,0,0,0,1,0,0,0,0
2023-06-17,OK,49,2023-24,Region 6,4.72,33016.4,2026-05-06T19:11:09Z,0.24,0,0,0,0,0,0,0,0,0,0,0,0,1,0,0,0,0,0,0,0,0,0,0,0,0,0,0,0,0,1,0,0,0,0
2023-06-24,OK,38,2023-25,Region 6,5.22,34984.439999999995,2026-05-06T19:11:09Z,0.31,0,0,0,0,0,0,0,0,0,0,0,0,1,0,0,0,0,0,0,0,0,0,0,0,0,0,0,0,0,1,0,0,0,0
2023-07-01,OK,36,2023-26,Region 6,5.67,35817.39,2026-05-06T19:11:09Z,0.32,0,0,0,0,0,0,0,0,0,0,0,0,1,0,0,0,0,0,0,0,0,0,0,0,0,0,0,0,0,1,0,0,0,0
2023-07-08,OK,24,2023-27,Region 6,6.8,42520.4,2026-05-06T19:11:09Z,0.34,0,0,0,0,0,0,0,0,0,0,0,0,1,0,0,0,0,0,0,0,0,0,0,0,0,0,0,0,0,1,0,0,0,0
2023-07-15,OK,41,2023-28,Region 6,8.94,57117.659999999996,2026-05-06T19:11:09Z,0.25,0,0,0,0,0,0,0,0,0,0,0,0,1,0,0,0,0,0,0,0,0,0,0,0,0,0,0,0,0,1,0,0,0,0
2023-07-22,OK,45,2023-29,Region 6,10.23,69103.65000000001,2026-05-06T19:11:09Z,0.39,0,0,0,0,0,0,0,0,0,0,0,0,1,0,0,0,0,0,0,0,0,0,0,0,0,0,0,0,0,1,0,0,0,0
2023-07-29,OK,51,2023-30,Region 6,11.7,82520.09999999999,2026-05-06T19:11:09Z,0.63,0,0,0,0,0,0,0,0,0,0,0,0,1,0,0,0,0,0,0,0,0,0,0,0,0,0,0,0,0,1,0,0,0,0
2023-08-05,OK,64,2023-31,Region 6,15.53,92915.98999999999,2026-05-06T19:11:09Z,0.9,0,0,0,0,0,0,0,0,0,0,0,0,1,0,0,0,0,0,0,0,0,0,0,0,0,0,0,0,0,1,0,0,0,0
2023-08-12,OK,89,2023-32,Region 6,16.58,142289.56,2026-05-06T19:11:09Z,1.09,0,0,0,0,0,0,0,0,0,0,0,0,1,0,0,0,0,0,0,0,0,0,0,0,0,0,0,0,0,1,0,0,0,0
2023-08-19,OK,91,2023-33,Region 6,18.01,198992.49000000002,2026-05-06T19:11:09Z,1.23,0,0,0,0,0,0,0,0,0,0,0,0,1,0,0,0,0,0,0,0,0,0,0,0,0,0,0,0,0,1,0,0,0,0
2023-08-26,OK,118,2023-34,Region 6,18.13,253348.62,2026-05-06T19:11:09Z,1.6,0,0,0,0,0,0,0,0,0,0,0,0,1,0,0,0,0,0,0,0,0,0,0,0,0,0,0,0,0,1,0,0,0,0
2023-09-02,OK,184,2023-35,Region 6,17.69,277414.58,2026-05-06T19:11:09Z,1.69,0,0,0,0,0,0,0,0,0,0,0,0,1,0,0,0,0,0,0,0,0,0,0,0,0,0,0,0,0,1,0,0,0,0
2023-09-09,OK,220,2023-36,Region 6,15.74,231078.94,2026-05-06T19:11:09Z,1.57,0,0,0,0,0,0,0,0,0,0,0,0,1,0,0,0,0,0,0,0,0,0,0,0,0,0,0,0,0,1,0,0,0,0
2023-09-16,OK,175,2023-37,Region 6,12.76,168865.84,2026-05-06T19:11:09Z,1.82,0,0,0,0,0,0,0,0,0,0,0,0,1,0,0,0,0,0,0,0,0,0,0,0,0,0,0,0,0,1,0,0,0,0
2023-09-23,OK,188,2023-38,Region 6,11.89,127948.29000000001,2026-05-06T19:11:09Z,1.24,0,0,0,0,0,0,0,0,0,0,0,0,1,0,0,0,0,0,0,0,0,0,0,0,0,0,0,0,0,1,0,0,0,0
2023-09-30,OK,154,2023-39,Region 6,10.19,127222.15,2026-05-06T19:11:09Z,0.99,0,0,0,0,0,0,0,0,0,0,0,0,1,0,0,0,0,0,0,0,0,0,0,0,0,0,0,0,0,1,0,0,0,0
2023-10-07,OK,140,2023-40,Region 6,9.19,110647.59999999999,2026-05-06T19:11:09Z,0.95,0,0,0,0,0,0,0,0,0,0,0,0,1,0,0,0,0,0,0,0,0,0,0,0,0,0,0,0,0,1,0,0,0,0
2023-10-14,OK,159,2023-41,Region 6,9.64,116046.32,2026-05-06T19:11:09Z,0.9,0,0,0,0,0,0,0,0,0,0,0,0,1,0,0,0,0,0,0,0,0,0,0,0,0,0,0,0,0,1,0,0,0,0
2023-10-21,OK,160,2023-42,Region 6,10.1,131047.5,2026-05-06T19:11:09Z,1.43,0,0,0,0,0,0,0,0,0,0,0,0,1,0,0,0,0,0,0,0,0,0,0,0,0,0,0,0,0,1,0,0,0,0
2023-10-28,OK,161,2023-43,Region 6,10.44,139937.75999999998,2026-05-06T19:11:09Z,1.6,0,0,0,0,0,0,0,0,0,0,0,0,1,0,0,0,0,0,0,0,0,0,0,0,0,0,0,0,0,1,0,0,0,0
2023-11-04,OK,153,2023-44,Region 6,10.62,146396.69999999998,2026-05-06T19:11:09Z,1.49,0,0,0,0,0,0,0,0,0,0,0,0,1,0,0,0,0,0,0,0,0,0,0,0,0,0,0,0,0,1,0,0,0,0
2023-11-11,OK,184,2023-45,Region 6,10.33,160745.13,2026-05-06T19:11:09Z,2.07,0,0,0,0,0,0,0,0,0,0,0,0,1,0,0,0,0,0,0,0,0,0,0,0,0,0,0,0,0,1,0,0,0,0
2023-11-18,OK,208,2023-46,Region 6,6.35,162401.25,2026-05-06T19:11:09Z,2.27,0,0,0,0,0,0,0,0,0,0,0,0,1,0,0,0,0,0,0,0,0,0,0,0,0,0,0,0,0,1,0,0,0,0
2023-11-25,OK,231,2023-47,Region 6,8.94,130979.93999999999,2026-05-06T19:11:09Z,2.39,0,0,0,0,0,0,0,0,0,0,0,0,1,0,0,0,0,0,0,0,0,0,0,0,0,0,0,0,0,1,0,0,0,0
2023-12-02,OK,287,2023-48,Region 6,8.97,150516.6,2026-05-06T19:11:09Z,2.41,0,0,0,0,0,0,0,0,0,0,0,0,1,0,0,0,0,0,0,0,0,0,0,0,0,0,0,0,0,1,0,0,0,0
2023-12-09,OK,367,2023-49,Region 6,8.49,151351.23,2026-05-06T19:11:09Z,2.72,0,0,0,0,0,0,0,0,0,0,0,0,1,0,0,0,0,0,0,0,0,0,0,0,0,0,0,0,0,1,0,0,0,0
2023-12-16,OK,366,2023-50,Region 6,8.4,150116.4,2026-05-06T19:11:09Z,2.96,0,0,0,0,0,0,0,0,0,0,0,0,1,0,0,0,0,0,0,0,0,0,0,0,0,0,0,0,0,1,0,0,0,0
2023-12-23,OK,362,2023-51,Region 6,8.35,176560.75,2026-05-06T19:11:09Z,2.91,0,0,0,0,0,0,0,0,0,0,0,0,1,0,0,0,0,0,0,0,0,0,0,0,0,0,0,0,0,1,0,0,0,0
2023-12-30,OK,420,2023-52,Region 6,8.52,168508.56,2026-05-06T19:11:09Z,3.43,0,0,0,0,0,0,0,0,0,0,0,0,1,0,0,0,0,0,0,0,0,0,0,0,0,0,0,0,0,1,0,0,0,0
2024-01-06,OK,347,2024-01,Region 6,10.15,127494.15000000001,2026-05-06T19:11:09Z,2.61,0,0,0,0,0,0,0,0,0,0,0,0,1,0,0,0,0,0,0,0,0,0,0,0,0,0,0,0,0,1,0,0,0,0
2024-01-13,OK,322,2024-02,Region 6,9.3,155403,2026-05-06T19:11:09Z,1.76,0,0,0,0,0,0,0,0,0,0,0,0,1,0,0,0,0,0,0,0,0,0,0,0,0,0,0,0,0,1,0,0,0,0
2024-01-20,OK,247,2024-03,Region 6,9.74,155937.4,2026-05-06T19:11:09Z,1.94,0,0,0,0,0,0,0,0,0,0,0,0,1,0,0,0,0,0,0,0,0,0,0,0,0,0,0,0,0,1,0,0,0,0
2024-01-27,OK,233,2024-04,Region 6,10.95,213207.44999999998,2026-05-06T19:11:09Z,1.74,0,0,0,0,0,0,0,0,0,0,0,0,1,0,0,0,0,0,0,0,0,0,0,0,0,0,0,0,0,1,0,0,0,0
2024-02-03,OK,239,2024-05,Region 6,11.05,228403.50000000003,2026-05-06T19:11:09Z,1.8,0,0,0,0,0,0,0,0,0,0,0,0,1,0,0,0,0,0,0,0,0,0,0,0,0,0,0,0,0,1,0,0,0,0
2024-02-10,OK,253,2024-06,Region 6,10.83,218256.99,2026-05-06T19:11:09Z,1.85,0,0,0,0,0,0,0,0,0,0,0,0,1,0,0,0,0,0,0,0,0,0,0,0,0,0,0,0,0,1,0,0,0,0
2024-02-17,OK,243,2024-07,Region 6,9.14,165452.28,2026-05-06T19:11:09Z,1.51,0,0,0,0,0,0,0,0,0,0,0,0,1,0,0,0,0,0,0,0,0,0,0,0,0,0,0,0,0,1,0,0,0,0
2024-02-24,OK,180,2024-08,Region 6,8.2,142778.4,2026-05-06T19:11:09Z,1.39,0,0,0,0,0,0,0,0,0,0,0,0,1,0,0,0,0,0,0,0,0,0,0,0,0,0,0,0,0,1,0,0,0,0
2024-03-02,OK,188,2024-09,Region 6,6.99,113657.40000000001,2026-05-06T19:11:09Z,1.14,0,0,0,0,0,0,0,0,0,0,0,0,1,0,0,0,0,0,0,0,0,0,0,0,0,0,0,0,0,1,0,0,0,0
2024-03-09,OK,190,2024-10,Region 6,5.86,91902.38,2026-05-06T19:11:09Z,0.97,0,0,0,0,0,0,0,0,0,0,0,0,1,0,0,0,0,0,0,0,0,0,0,0,0,0,0,0,0,1,0,0,0,0
2024-03-16,OK,158,2024-11,Region 6,4.81,67950.87,2026-05-06T19:11:09Z,0.83,0,0,0,0,0,0,0,0,0,0,0,0,1,0,0,0,0,0,0,0,0,0,0,0,0,0,0,0,0,1,0,0,0,0
2024-03-23,OK,128,2024-12,Region 6,4.85,63947.24999999999,2026-05-06T19:11:09Z,0.68,0,0,0,0,0,0,0,0,0,0,0,0,1,0,0,0,0,0,0,0,0,0,0,0,0,0,0,0,0,1,0,0,0,0
2024-03-30,OK,101,2024-13,Region 6,3.6,44719.200000000004,2026-05-06T19:11:09Z,0.52,0,0,0,0,0,0,0,0,0,0,0,0,1,0,0,0,0,0,0,0,0,0,0,0,0,0,0,0,0,1,0,0,0,0
2024-04-06,OK,73,2024-14,Region 6,3.5,42308,2026-05-06T19:11:09Z,0.41,0,0,0,0,0,0,0,0,0,0,0,0,1,0,0,0,0,0,0,0,0,0,0,0,0,0,0,0,0,1,0,0,0,0
2024-04-13,OK,68,2024-15,Region 6,2.84,33344.439999999995,2026-05-06T19:11:09Z,0.35,0,0,0,0,0,0,0,0,0,0,0,0,1,0,0,0,0,0,0,0,0,0,0,0,0,0,0,0,0,1,0,0,0,0
2024-04-20,OK,71,2024-16,Region 6,2.99,33018.57,2026-05-06T19:11:09Z,0.31,0,0,0,0,0,0,0,0,0,0,0,0,1,0,0,0,0,0,0,0,0,0,0,0,0,0,0,0,0,1,0,0,0,0
2024-04-27,OK,66,2024-17,Region 6,2.75,29779.75,2026-05-06T19:11:09Z,0.26,0,0,0,0,0,0,0,0,0,0,0,0,1,0,0,0,0,0,0,0,0,0,0,0,0,0,0,0,0,1,0,0,0,0
2022-10-01,OR,263,2022-39,Region 10,6.94,128292.84000000001,2026-05-06T19:11:09Z,2.42,0,0,0,0,0,0,0,0,0,0,0,0,0,0,0,0.9982086501258393,0,0,0,0,0,0,0,0,0,0,0,0,0,0,0,0,0.9888311688311688,0
2022-10-08,OR,236,2022-40,Region 10,6.44,92555.68000000001,2026-05-06T19:11:09Z,2.1,0,0,0,0,0,0,0,0,0,0,0,0,0,0,0,0.9993403944261812,0,0,0,0,0,0,0,0,0,0,0,0,0,0,0,0,0.9958874458874459,0
2022-10-15,OR,284,2022-41,Region 10,6.06,83361.36,2026-05-06T19:11:09Z,1.91,0,0,0,0,0,0,0,0,0,0,0,0,0,0,0,1,0,0,0,0,0,0,0,0,0,0,0,0,0,0,0,0,1,0
2022-10-22,OR,207,2022-42,Region 10,5.4,94716,2026-05-06T19:11:09Z,1.78,0,0,0,0,0,0,0,0,0,0,0,0,0,0,0,1,0,0,0,0,0,0,0,0,0,0,0,0,0,0,0,0,1,0
2022-10-29,OR,249,2022-43,Region 10,5.48,102119.8,2026-05-06T19:11:09Z,1.72,0,0,0,0,0,0,0,0,0,0,0,0,0,0,0,1,0,0,0,0,0,0,0,0,0,0,0,0,0,0,0,0,1,0
2022-11-05,OR,177,2022-44,Region 10,5.18,97192.34,2026-05-06T19:11:09Z,1.84,0,0,0,0,0,0,0,0,0,0,0,0,0,0,0,1,0,0,0,0,0,0,0,0,0,0,0,0,0,0,0,0,1,0
2022-11-12,OR,269,2022-45,Region 10,5.54,109697.54,2026-05-06T19:11:09Z,2.02,0,0,0,0,0,0,0,0,0,0,0,0,0,0,0,1,0,0,0,0,0,0,0,0,0,0,0,0,0,0,0,0,1,0
2022-11-19,OR,247,2022-46,Region 10,5.83,131035.08,2026-05-06T19:11:09Z,2.17,0,0,0,0,0,0,0,0,0,0,0,0,0,0,0,1,0,0,0,0,0,0,0,0,0,0,0,0,0,0,0,0,1,0
2022-11-26,OR,336,2022-47,Region 10,6.88,150892.16,2026-05-06T19:11:09Z,2.79,0,0,0,0,0,0,0,0,0,0,0,0,0,0,0,0.999257075827383,0,0,0,0,0,0,0,0,0,0,0,0,0,0,0,0,0.9953679653679653,0
2022-12-03,OR,401,2022-48,Region 10,7.31,188539.52,2026-05-06T19:11:09Z,2.97,0,0,0,0,0,0,0,0,0,0,0,0,0,0,0,0.9957045513510596,0,0,0,0,0,0,0,0,0,0,0,0,0,0,0,0,0.9861471861471861,0
2022-12-10,OR,348,2022-49,Region 10,7.17,168530.85,2026-05-06T19:11:09Z,2.86,0,0,0,0,0,0,0,0,0,0,0,0,0,0,0,0.9938871921348403,0,0,0,0,0,0,0,0,0,0,0,0,0,0,0,0,0.98,0
2022-12-17,OR,374,2022-50,Region 10,7.95,156249.30000000002,2026-05-06T19:11:09Z,2.6,0,0,0,0,0,0,0,0,0,0,0,0,0,0,0,0.9952384423989236,0,0,0,0,0,0,0,0,0,0,0,0,0,0,0,0,0.9801298701298701,0
2022-12-24,OR,317,2022-51,Region 10,8.07,141717.27000000002,2026-05-06T19:11:09Z,2.58,0,0,0,0,0,0,0,0,0,0,0,0,0,0,0,0.9979054982025187,0,0,0,0,0,0,0,0,0,0,0,0,0,0,0,0,0.9874891774891775,0
2022-12-31,OR,333,2022-52,Region 10,8.78,130909.79999999999,2026-05-06T19:11:09Z,2.6,0,0,0,0,0,0,0,0,0,0,0,0,0,0,0,0.9899643882950305,0,0,0,0,0,0,0,0,0,0,0,0,0,0,0,0,0.9661904761904762,0
2023-01-07,OR,282,2023-01,Region 10,8.36,120032.87999999999,2026-05-06T19:11:09Z,2.3,0,0,0,0,0,0,0,0,0,0,0,0,0,0,0,0.9734412449108103,0,0,0,0,0,0,0,0,0,0,0,0,0,0,0,0,0.9094372294372295,0
2023-01-14,OR,269,2023-02,Region 10,7.54,117465.66,2026-05-06T19:11:09Z,1.93,0,0,0,0,0,0,0,0,0,0,0,0,0,0,0,0.9557429938027834,0,0,0,0,0,0,0,0,0,0,0,0,0,0,0,0,0.856926406926407,0
2023-01-21,OR,235,2023-03,Region 10,8.35,121893.29999999999,2026-05-06T19:11:09Z,1.75,0,0,0,0,0,0,0,0,0,0,0,0,0,0,0,0.961606082152112,0,0,0,0,0,0,0,0,0,0,0,0,0,0,0,0,0.8835064935064935,0
2023-01-28,OR,227,2023-04,Region 10,9.32,117571.8,2026-05-06T19:11:09Z,1.91,0,0,0,0,0,0,0,0,0,0,0,0,0,0,0,0.9785237507176693,0,0,0,0,0,0,0,0,0,0,0,0,0,0,0,0,0.9403463203463204,0
2023-02-04,OR,236,2023-05,Region 10,9.14,109881.08,2026-05-06T19:11:09Z,2.33,0,0,0,0,0,0,0,0,0,0,0,0,0,0,0,0.9889024695212923,0,0,0,0,0,0,0,0,0,0,0,0,0,0,0,0,0.9727272727272727,0
2023-02-11,OR,224,2023-06,Region 10,8.83,120494.18000000001,2026-05-06T19:11:09Z,2.43,0,0,0,0,0,0,0,0,0,0,0,0,0,0,0,0.9918422815356839,0,0,0,0,0,0,0,0,0,0,0,0,0,0,0,0,0.9681096681096681,0
2023-02-18,OR,275,2023-07,Region 10,8.99,120537.92,2026-05-06T19:11:09Z,2.19,0,0,0,0,0,0,0,0,0,0,0,0,0,0,0,0.9951974490411135,0,0,0,0,0,0,0,0,0,0,0,0,0,0,0,0,0.9767099567099566,0
2023-02-25,OR,219,2023-08,Region 10,7.99,91070.02,2026-05-06T19:11:09Z,2.04,0,0,0,0,0,0,0,0,0,0,0,0,0,0,0,0.9979353995738635,0,0,0,0,0,0,0,0,0,0,0,0,0,0,0,0,0.9873160173160173,0
2023-03-04,OR,220,2023-09,Region 10,7.63,90972.49,2026-05-06T19:11:09Z,1.73,0,0,0,0,0,0,0,0,0,0,0,0,0,0,0,0.9990626657635205,0,0,0,0,0,0,0,0,0,0,0,0,0,0,0,0,0.9941558441558442,0
2023-03-11,OR,217,2023-10,Region 10,7.08,91055.88,2026-05-06T19:11:09Z,1.49,0,0,0,0,0,0,0,0,0,0,0,0,0,0,0,1,0,0,0,0,0,0,0,0,0,0,0,0,0,0,0,0,1,0
2023-03-18,OR,217,2023-11,Region 10,7.49,95647.3,2026-05-06T19:11:09Z,1.57,0,0,0,0,0,0,0,0,0,0,0,0,0,0,0,0.998351764867311,0,0,0,0,0,0,0,0,0,0,0,0,0,0,0,0,0.996103896103896,0
2023-03-25,OR,197,2023-12,Region 10,7.84,85996.95999999999,2026-05-06T19:11:09Z,1.47,0,0,0,0,0,0,0,0,0,0,0,0,0,0,0,0.99697823559007,0,0,0,0,0,0,0,0,0,0,0,0,0,0,0,0,0.9928571428571429,0
2023-04-01,OR,174,2023-13,Region 10,6.81,73507.14,2026-05-06T19:11:09Z,1.39,0,0,0,0,0,0,0,0,0,0,0,0,0,0,0,0.9982601962488282,0,0,0,0,0,0,0,0,0,0,0,0,0,0,0,0,0.9958874458874459,0
2023-04-08,OR,143,2023-14,Region 10,6.38,59429.7,2026-05-06T19:11:09Z,1.21,0,0,0,0,0,0,0,0,0,0,0,0,0,0,0,0.9990179176567515,0,0,0,0,0,0,0,0,0,0,0,0,0,0,0,0,0.9946320346320348,0
2023-04-15,OR,123,2023-15,Region 10,6.65,57921.5,2026-05-06T19:11:09Z,1.17,0,0,0,0,0,0,0,0,0,0,0,0,0,0,0,0.9923198982752774,0,0,0,0,0,0,0,0,0,0,0,0,0,0,0,0,0.9690909090909091,0
2023-04-22,OR,123,2023-16,Region 10,6.39,53695.17,2026-05-06T19:11:09Z,1.16,0,0,0,0,0,0,0,0,0,0,0,0,0,0,0,0.9854656723610943,0,0,0,0,0,0,0,0,0,0,0,0,0,0,0,0,0.9476190476190476,0
2023-04-29,OR,127,2023-17,Region 10,6.82,61570.96,2026-05-06T19:11:09Z,1.03,0,0,0,0,0,0,0,0,0,0,0,0,0,0,0,0.985415877222283,0,0,0,0,0,0,0,0,0,0,0,0,0,0,0,0,0.9515151515151515,0
2023-05-06,OR,110,2023-18,Region 10,5.09,53796.21,2026-05-06T19:11:09Z,0.96,0,0,0,0,0,0,0,0,0,0,0,0,0,0,0,0.9909513958631032,0,0,0,0,0,0,0,0,0,0,0,0,0,0,0,0,0.9717226890756302,0
2023-05-13,OR,87,2023-19,Region 10,5.09,38098.65,2026-05-06T19:11:09Z,0.83,0,0,0,0,0,0,0,0,0,0,0,0,0,0,0,0.9958578450241259,0,0,0,0,0,0,0,0,0,0,0,0,0,0,0,0,0.9834033613445378,0
2023-05-20,OR,104,2023-20,Region 10,4.41,31280.13,2026-05-06T19:11:09Z,0.77,0,0,0,0,0,0,0,0,0,0,0,0,0,0,0,0.998232010372654,0,0,0,0,0,0,0,0,0,0,0,0,0,0,0,0,0.9890756302521008,0
2023-05-27,OR,69,2023-21,Region 10,4.07,27281.210000000003,2026-05-06T19:11:09Z,0.7,0,0,0,0,0,0,0,0,0,0,0,0,0,0,0,0.9990956053060114,0,0,0,0,0,0,0,0,0,0,0,0,0,0,0,0,0.9944117647058823,0
2023-06-03,OR,72,2023-22,Region 10,4.38,28010.1,2026-05-06T19:11:09Z,0.68,0,0,0,0,0,0,0,0,0,0,0,0,0,0,0,0.9988712066225406,0,0,0,0,0,0,0,0,0,0,0,0,0,0,0,0,0.9930252100840335,0
2023-06-10,OR,74,2023-23,Region 10,4.43,27173.62,2026-05-06T19:11:09Z,0.63,0,0,0,0,0,0,0,0,0,0,0,0,0,0,0,0.9982456102928644,0,0,0,0,0,0,0,0,0,0,0,0,0,0,0,0,0.9891596638655461,0
2023-06-17,OR,63,2023-24,Region 10,5,26295,2026-05-06T19:11:09Z,0.66,0,0,0,0,0,0,0,0,0,0,0,0,0,0,0,0.9987420073805423,0,0,0,0,0,0,0,0,0,0,0,0,0,0,0,0,0.9922268907563025,0
2023-06-24,OR,67,2023-25,Region 10,5.34,25503.84,2026-05-06T19:11:09Z,0.69,0,0,0,0,0,0,0,0,0,0,0,0,0,0,0,0.9976891124171086,0,0,0,0,0,0,0,0,0,0,0,0,0,0,0,0,0.9850840336134453,0
2023-07-01,OR,68,2023-26,Region 10,5.64,25915.8,2026-05-06T19:11:09Z,0.72,0,0,0,0,0,0,0,0,0,0,0,0,0,0,0,0.9971373299129275,0,0,0,0,0,0,0,0,0,0,0,0,0,0,0,0,0.98126050420168065,0
2023-07-08,OR,75,2023-27,Region 10,7.39,34104.85,2026-05-06T19:11:09Z,0.79,0,0,0,0,0,0,0,0,0,0,0,0,0,0,0,0.9986581939939417,0,0,0,0,0,0,0,0,0,0,0,0,0,0,0,0,0.991218487394958,0
2023-07-15,OR,104,2023-28,Region 10,7.56,43477.56,2026-05-06T19:11:09Z,0.89,0,0,0,0,0,0,0,0,0,0,0,0,0,0,0,1,0,0,0,0,0,0,0,0,0,0,0,0,0,0,0,0,1,0
2023-07-22,OR,88,2023-29,Region 10,8.64,47891.520000000004,2026-05-06T19:11:09Z,0.97,0,0,0,0,0,0,0,0,0,0,0,0,0,0,0,1,0,0,0,0,0,0,0,0,0,0,0,0,0,0,0,0,1,0
2023-07-29,OR,85,2023-30,Region 10,8.95,46504.2,2026-05-06T19:11:09Z,1.12,0,0,0,0,0,0,0,0,0,0,0,0,0,0,0,1,0,0,0,0,0,0,0,0,0,0,0,0,0,0,0,0,1,0
2023-08-05,OR,122,2023-31,Region 10,11.03,61426.07,2026-05-06T19:11:09Z,1.26,0,0,0,0,0,0,0,0,0,0,0,0,0,0,0,1,0,0,0,0,0,0,0,0,0,0,0,0,0,0,0,0,1,0
2023-08-12,OR,132,2023-32,Region 10,12.49,71692.6,2026-05-06T19:11:09Z,1.56,0,0,0,0,0,0,0,0,0,0,0,0,0,0,0,1,0,0,0,0,0,0,0,0,0,0,0,0,0,0,0,0,1,0
2023-08-19,OR,152,2023-33,Region 10,12.53,76984.31999999999,2026-05-06T19:11:09Z,1.94,0,0,0,0,0,0,0,0,0,0,0,0,0,0,0,1,0,0,0,0,0,0,0,0,0,0,0,0,0,0,0,0,1,0
2023-08-26,OR,168,2023-34,Region 10,13.53,92004,2026-05-06T19:11:09Z,2.35,0,0,0,0,0,0,0,0,0,0,0,0,0,0,0,1,0,0,0,0,0,0,0,0,0,0,0,0,0,0,0,0,1,0
2023-09-02,OR,178,2023-35,Region 10,13.55,98711.75,2026-05-06T19:11:09Z,2.48,0,0,0,0,0,0,0,0,0,0,0,0,0,0,0,0.9991146465628836,0,0,0,0,0,0,0,0,0,0,0,0,0,0,0,0,0.9942857142857143,0
2023-09-09,OR,245,2023-36,Region 10,14.93,104226.33,2026-05-06T19:11:09Z,2.72,0,0,0,0,0,0,0,0,0,0,0,0,0,0,0,0.998956547734827,0,0,0,0,0,0,0,0,0,0,0,0,0,0,0,0,0.9932653061224489,0
2023-09-16,OR,253,2023-37,Region 10,14.46,119858.94,2026-05-06T19:11:09Z,3.27,0,0,0,0,0,0,0,0,0,0,0,0,0,0,0,0.9961382365049875,0,0,0,0,0,0,0,0,0,0,0,0,0,0,0,0,0.9924489795918368,0
2023-09-23,OR,251,2023-38,Region 10,13.79,118042.4,2026-05-06T19:11:09Z,3.1,0,0,0,0,0,0,0,0,0,0,0,0,0,0,0,0.9951356663610089,0,0,0,0,0,0,0,0,0,0,0,0,0,0,0,0,0.9908979591836734,0
2023-09-30,OR,286,2023-39,Region 10,13.55,118562.5,2026-05-06T19:11:09Z,3.34,0,0,0,0,0,0,0,0,0,0,0,0,0,0,0,0.9913415340313317,0,0,0,0,0,0,0,0,0,0,0,0,0,0,0,0,0.9785306122448979,0
2023-10-07,OR,290,2023-40,Region 10,11.75,121530.25,2026-05-06T19:11:09Z,2.8,0,0,0,0,0,0,0,0,0,0,0,0,0,0,0,0.9905402125167642,0,0,0,0,0,0,0,0,0,0,0,0,0,0,0,0,0.9752244897959185,0
2023-10-14,OR,255,2023-41,Region 10,11.1,87579,2026-05-06T19:11:09Z,2.35,0,0,0,0,0,0,0,0,0,0,0,0,0,0,0,0.9993975476476332,0,0,0,0,0,0,0,0,0,0,0,0,0,0,0,0,0.9989795918367347,0
2023-10-21,OR,221,2023-42,Region 10,10.01,91611.52,2026-05-06T19:11:09Z,2.03,0,0,0,0,0,0,0,0,0,0,0,0,0,0,0,1,0,0,0,0,0,0,0,0,0,0,0,0,0,0,0,0,1,0
2023-10-28,OR,223,2023-43,Region 10,9.02,80710.95999999999,2026-05-06T19:11:09Z,1.83,0,0,0,0,0,0,0,0,0,0,0,0,0,0,0,0.998029764100579,0,0,0,0,0,0,0,0,0,0,0,0,0,0,0,0,0.9884489795918366,0
2023-11-04,OR,197,2023-44,Region 10,8.98,78170.90000000001,2026-05-06T19:11:09Z,1.94,0,0,0,0,0,0,0,0,0,0,0,0,0,0,0,0.9945667929221551,0,0,0,0,0,0,0,0,0,0,0,0,0,0,0,0,0.9680408163265306,0
2023-11-11,OR,189,2023-45,Region 10,8.28,74081.15999999999,2026-05-06T19:11:09Z,1.65,0,0,0,0,0,0,0,0,0,0,0,0,0,0,0,0.9910443344246943,0,0,0,0,0,0,0,0,0,0,0,0,0,0,0,0,0.9462448979591837,0
2023-11-18,OR,175,2023-46,Region 10,7.53,72084.69,2026-05-06T19:11:09Z,1.64,0,0,0,0,0,0,0,0,0,0,0,0,0,0,0,0.9881500223979482,0,0,0,0,0,0,0,0,0,0,0,0,0,0,0,0,0.9348916797488226,0
2023-11-25,OR,175,2023-47,Region 10,7.71,67955.94,2026-05-06T19:11:09Z,1.64,0,0,0,0,0,0,0,0,0,0,0,0,0,0,0,0.9871283798108265,0,0,0,0,0,0,0,0,0,0,0,0,0,0,0,0,0.9343139717425432,0
2023-12-02,OR,217,2023-48,Region 10,8.22,86770.32,2026-05-06T19:11:09Z,2.02,0,0,0,0,0,0,0,0,0,0,0,0,0,0,0,0.9925090658437763,0,0,0,0,0,0,0,0,0,0,0,0,0,0,0,0,0.9590015698587128,0
2023-12-09,OR,203,2023-49,Region 10,8.6,88287.59999999999,2026-05-06T19:11:09Z,1.8,0,0,0,0,0,0,0,0,0,0,0,0,0,0,0,0.9860460672222459,0,0,0,0,0,0,0,0,0,0,0,0,0,0,0,0,0.9536891679748822,0
2023-12-16,OR,197,2023-50,Region 10,7.75,82088,2026-05-06T19:11:09Z,1.61,0,0,0,0,0,0,0,0,0,0,0,0,0,0,0,0.9742776034595906,0,0,0,0,0,0,0,0,0,0,0,0,0,0,0,0,0.9409481946624804,0
2023-12-23,OR,201,2023-51,Region 10,8.67,82867.86,2026-05-06T19:11:09Z,2.12,0,0,0,0,0,0,0,0,0,0,0,0,0,0,0,0.9821851852971086,0,0,0,0,0,0,0,0,0,0,0,0,0,0,0,0,0.9574317111459969,0
2023-12-30,OR,273,2023-52,Region 10,10.47,103663.47,2026-05-06T19:11:09Z,3.02,0,0,0,0,0,0,0,0,0,0,0,0,0,0,0,0.9967233495802913,0,0,0,0,0,0,0,0,0,0,0,0,0,0,0,0,0.9847723704866561,0
2024-01-06,OR,300,2024-01,Region 10,10.33,107886.52,2026-05-06T19:11:09Z,2.88,0,0,0,0,0,0,0,0,0,0,0,0,0,0,0,0.9981907695884878,0,0,0,0,0,0,0,0,0,0,0,0,0,0,0,0,0.989010989010989,0
2024-01-13,OR,255,2024-02,Region 10,10.54,101521.28,2026-05-06T19:11:09Z,2.53,0,0,0,0,0,0,0,0,0,0,0,0,0,0,0,0.9923116430340244,0,0,0,0,0,0,0,0,0,0,0,0,0,0,0,0,0.9844332810047096,0
2024-01-20,OR,233,2024-03,Region 10,10.4,91166.40000000001,2026-05-06T19:11:09Z,1.89,0,0,0,0,0,0,0,0,0,0,0,0,0,0,0,0.9799576904441654,0,0,0,0,0,0,0,0,0,0,0,0,0,0,0,0,0.9669167974882261,0
2024-01-27,OR,208,2024-04,Region 10,10.07,93731.56,2026-05-06T19:11:09Z,1.58,0,0,0,0,0,0,0,0,0,0,0,0,0,0,0,0.9685482911580447,0,0,0,0,0,0,0,0,0,0,0,0,0,0,0,0,0.9411962323390896,0
2024-02-03,OR,193,2024-05,Region 10,9.84,88107.36,2026-05-06T19:11:09Z,1.64,0,0,0,0,0,0,0,0,0,0,0,0,0,0,0,0.9766284939196075,0,0,0,0,0,0,0,0,0,0,0,0,0,0,0,0,0.9448634222919936,0
2024-02-10,OR,160,2024-06,Region 10,8.92,81056.04,2026-05-06T19:11:09Z,1.61,0,0,0,0,0,0,0,0,0,0,0,0,0,0,0,0.9858099121896753,0,0,0,0,0,0,0,0,0,0,0,0,0,0,0,0,0.9629795918367346,0
2024-02-17,OR,167,2024-07,Region 10,8.62,75269.84,2026-05-06T19:11:09Z,1.63,0,0,0,0,0,0,0,0,0,0,0,0,0,0,0,0.9868814044797223,0,0,0,0,0,0,0,0,0,0,0,0,0,0,0,0,0.9640000000000001,0
2024-02-24,OR,182,2024-08,Region 10,8.17,71740.77,2026-05-06T19:11:09Z,1.63,0,0,0,0,0,0,0,0,0,0,0,0,0,0,0,0.9865656507778943,0,0,0,0,0,0,0,0,0,0,0,0,0,0,0,0,0.9565306122448979,0
2024-03-02,OR,136,2024-09,Region 10,7.23,62308.14000000001,2026-05-06T19:11:09Z,1.35,0,0,0,0,0,0,0,0,0,0,0,0,0,0,0,0.985243429716128,0,0,0,0,0,0,0,0,0,0,0,0,0,0,0,0,0.9326530612244898,0
2024-03-09,OR,126,2024-10,Region 10,6.2,45012,2026-05-06T19:11:09Z,1.12,0,0,0,0,0,0,0,0,0,0,0,0,0,0,0,0.9687579883824509,0,0,0,0,0,0,0,0,0,0,0,0,0,0,0,0,0.8833877551020408,0
2024-03-16,OR,138,2024-11,Region 10,5.74,42131.6,2026-05-06T19:11:09Z,1.03,0,0,0,0,0,0,0,0,0,0,0,0,0,0,0,0.9518614594342363,0,0,0,0,0,0,0,0,0,0,0,0,0,0,0,0,0.8470204081632653,0
2024-03-23,OR,113,2024-12,Region 10,4.45,34211.6,2026-05-06T19:11:09Z,0.8,0,0,0,0,0,0,0,0,0,0,0,0,0,0,0,0.9173450262587781,0,0,0,0,0,0,0,0,0,0,0,0,0,0,0,0,0.844204081632653,0
2024-03-30,OR,71,2024-13,Region 10,4.07,26931.190000000002,2026-05-06T19:11:09Z,0.67,0,0,0,0,0,0,0,0,0,0,0,0,0,0,0,0.8820333240390386,0,0,0,0,0,0,0,0,0,0,0,0,0,0,0,0,0.8639591836734694,0
2024-04-06,OR,73,2024-14,Region 10,4,24904,2026-05-06T19:11:09Z,0.65,0,0,0,0,0,0,0,0,0,0,0,0,0,0,0,0.8808905486604239,0,0,0,0,0,0,0,0,0,0,0,0,0,0,0,0,0.8326938775510204,0
2024-04-13,OR,69,2024-15,Region 10,3.9,22678.5,2026-05-06T19:11:09Z,0.51,0,0,0,0,0,0,0,0,0,0,0,0,0,0,0,0.9033049713617547,0,0,0,0,0,0,0,0,0,0,0,0,0,0,0,0,0.7585714285714286,0
2024-04-20,OR,53,2024-16,Region 10,3.56,19081.6,2026-05-06T19:11:09Z,0.43,0,0,0,0,0,0,0,0,0,0,0,0,0,0,0,0.8844615674524657,0,0,0,0,0,0,0,0,0,0,0,0,0,0,0,0,0.7668163265306123,0
2024-04-27,OR,36,2024-17,Region 10,2.81,15081.27,2026-05-06T19:11:09Z,0.37,0,0,0,0,0,0,0,0,0,0,0,0,0,0,0,0.6796642031994732,0,0,0,0,0,0,0,0,0,0,0,0,0,0,0,0,0.7646530612244898,0
2022-10-01,PA,1262,2022-39,Region 3,6.56,59505.759999999995,2026-05-06T19:11:09Z,2.18,0,0,0,0,0,0,0,0,0,0,0,0,1,0,0,1,1,0,0,0,0,0,0,0,0,0,0,0,0,1,0,0,1,1
2022-10-08,PA,1301,2022-40,Region 3,6.53,59305.46,2026-05-06T19:11:09Z,2.01,0,0,0,0,0,0,0,0,0,0,0,0,1,0,0,1,1,0,0,0,0,0,0,0,0,0,0,0,0,1,0,0,1,1
2022-10-15,PA,1278,2022-41,Region 3,6.42,58556.82,2026-05-06T19:11:09Z,1.88,0,0,0,0,0,0,0,0,0,0,0,0,1,0,0,1,1,0,0,0,0,0,0,0,0,0,0,0,0,1,0,0,1,1
2022-10-22,PA,1237,2022-42,Region 3,5.81,53167.31,2026-05-06T19:11:09Z,1.94,0,0,0,0,0,0,0,0,0,0,0,0,1,0,0,1,1,0,0,0,0,0,0,0,0,0,0,0,0,1,0,0,1,1
2022-10-29,PA,1258,2022-43,Region 3,6.07,58915.420000000006,2026-05-06T19:11:09Z,1.95,0,0,0,0,0,0,0,0,0,0,0,0,1,0,0,1,1,0,0,0,0,0,0,0,0,0,0,0,0,1,0,0,1,1
2022-11-05,PA,1301,2022-44,Region 3,6.33,65236.98,2026-05-06T19:11:09Z,1.99,0,0,0,0,0,0,0,0,0,0,0,0,1,0,0,1,1,0,0,0,0,0,0,0,0,0,0,0,0,1,0,0,1,1
2022-11-12,PA,1297,2022-45,Region 3,5.7,59302.8,2026-05-06T19:11:09Z,1.85,0,0,0,0,0,0,0,0,0,0,0,0,1,0,0,1,1,0,0,0,0,0,0,0,0,0,0,0,0,1,0,0,1,1
2022-11-19,PA,1166,2022-46,Region 3,5.58,56307.78,2026-05-06T19:11:09Z,1.57,0,0,0,0,0,0,0,0,0,0,0,0,1,0,0,1,1,0,0,0,0,0,0,0,0,0,0,0,0,1,0,0,1,1
2022-11-26,PA,1089,2022-47,Region 3,5.69,53423.41,2026-05-06T19:11:09Z,1.85,0,0,0,0,0,0,0,0,0,0,0,0,1,0,0,1,1,0,0,0,0,0,0,0,0,0,0,0,0,1,0,0,1,1
2022-12-03,PA,1246,2022-48,Region 3,6.54,70703.94,2026-05-06T19:11:09Z,2.14,0,0,0,0,0,0,0,0,0,0,0,0,1,0,0,1,1,0,0,0,0,0,0,0,0,0,0,0,0,1,0,0,1,1
2022-12-10,PA,1290,2022-49,Region 3,7.12,73150.88,2026-05-06T19:11:09Z,2.26,0,0,0,0,0,0,0,0,0,0,0,0,1,0,0,1,1,0,0,0,0,0,0,0,0,0,0,0,0,1,0,0,1,1
2022-12-17,PA,1438,2022-50,Region 3,7.92,66583.44,2026-05-06T19:11:09Z,2.49,0,0,0,0,0,0,0,0,0,0,0,0,1,0,0,1,1,0,0,0,0,0,0,0,0,0,0,0,0,1,0,0,1,1
2022-12-24,PA,1432,2022-51,Region 3,8.66,78736.72,2026-05-06T19:11:09Z,2.67,0,0,0,0,0,0,0,0,0,0,0,0,1,0,0,1,1,0,0,0,0,0,0,0,0,0,0,0,0,1,0,0,1,1
2022-12-31,PA,1611,2022-52,Region 3,10.04,86876.12,2026-05-06T19:11:09Z,3.15,0,0,0,0,0,0,0,0,0,0,0,0,1,0,0,1,1,0,0,0,0,0,0,0,0,0,0,0,0,1,0,0,1,1
2023-01-07,PA,1682,2023-01,Region 3,11.23,98037.90000000001,2026-05-06T19:11:09Z,2.74,0,0,0,0,0,0,0,0,0,0,0,0,1,0,0,1,1,0,0,0,0,0,0,0,0,0,0,0,0,1,0,0,1,1
2023-01-14,PA,1352,2023-02,Region 3,9.02,75885.26,2026-05-06T19:11:09Z,2.35,0,0,0,0,0,0,0,0,0,0,0,0,1,0,0,1,1,0,0,0,0,0,0,0,0,0,0,0,0,1,0,0,1,1
2023-01-21,PA,1234,2023-03,Region 3,9.4,70518.8,2026-05-06T19:11:09Z,2.17,0,0,0,0,0,0,0,0,0,0,0,0,1,0,0,1,1,0,0,0,0,0,0,0,0,0,0,0,0,1,0,0,1,1
2023-01-28,PA,1303,2023-04,Region 3,9.67,73501.67,2026-05-06T19:11:09Z,2.03,0,0,0,0,0,0,0,0,0,0,0,0,1,0,0,1,1,0,0,0,0,0,0,0,0,0,0,0,0,1,0,0,1,1
2023-02-04,PA,1125,2023-05,Region 3,8.91,59296.05,2026-05-06T19:11:09Z,1.94,0,0,0,0,0,0,0,0,0,0,0,0,1,0,0,1,1,0,0,0,0,0,0,0,0,0,0,0,0,1,0,0,1,1
2023-02-11,PA,1172,2023-06,Region 3,8.01,50703.299999999996,2026-05-06T19:11:09Z,1.92,0,0,0,0,0,0,0,0,0,0,0,0,1,0,0,1,1,0,0,0,0,0,0,0,0,0,0,0,0,1,0,0,1,1
2023-02-18,PA,1185,2023-07,Region 3,8.52,50080.56,2026-05-06T19:11:09Z,1.83,0,0,0,0,0,0,0,0,0,0,0,0,1,0,0,1,1,0,0,0,0,0,0,0,0,0,0,0,0,1,0,0,1,1
2023-02-25,PA,1115,2023-08,Region 3,8.04,44911.439999999995,2026-05-06T19:11:09Z,1.7,0,0,0,0,0,0,0,0,0,0,0,0,1,0,0,1,1,0,0,0,0,0,0,0,0,0,0,0,0,1,0,0,1,1
2023-03-04,PA,977,2023-09,Region 3,7.07,36509.48,2026-05-06T19:11:09Z,1.32,0,0,0,0,0,0,0,0,0,0,0,0,1,0,0,1,1,0,0,0,0,0,0,0,0,0,0,0,0,1,0,0,1,1
2023-03-11,PA,892,2023-10,Region 3,5.77,33315.979999999996,2026-05-06T19:11:09Z,1.21,0,0,0,0,0,0,0,0,0,0,0,0,1,0,0,1,1,0,0,0,0,0,0,0,0,0,0,0,0,1,0,0,1,1
2023-03-18,PA,774,2023-11,Region 3,5.62,27807.760000000002,2026-05-06T19:11:09Z,1.01,0,0,0,0,0,0,0,0,0,0,0,0,1,0,0,1,1,0,0,0,0,0,0,0,0,0,0,0,0,1,0,0,1,1
2023-03-25,PA,702,2023-12,Region 3,6.22,28786.16,2026-05-06T19:11:09Z,0.88,0,0,0,0,0,0,0,0,0,0,0,0,1,0,0,1,1,0,0,0,0,0,0,0,0,0,0,0,0,1,0,0,1,1
2023-04-01,PA,602,2023-13,Region 3,4.42,20601.62,2026-05-06T19:11:09Z,0.8,0,0,0,0,0,0,0,0,0,0,0,0,1,0,0,1,1,0,0,0,0,0,0,0,0,0,0,0,0,1,0,0,1,1
2023-04-08,PA,513,2023-14,Region 3,4.07,17586.47,2026-05-06T19:11:09Z,0.72,0,0,0,0,0,0,0,0,0,0,0,0,1,0,0,1,1,0,0,0,0,0,0,0,0,0,0,0,0,1,0,0,1,1
2023-04-15,PA,395,2023-15,Region 3,2.63,13589.21,2026-05-06T19:11:09Z,0.49,0,0,0,0,0,0,0,0,0,0,0,0,1,0,0,1,1,0,0,0,0,0,0,0,0,0,0,0,0,1,0,0,1,1
2023-04-22,PA,360,2023-16,Region 3,2.57,10881.38,2026-05-06T19:11:09Z,0.43,0,0,0,0,0,0,0,0,0,0,0,0,1,0,0,1,1,0,0,0,0,0,0,0,0,0,0,0,0,1,0,0,1,1
2023-04-29,PA,295,2023-17,Region 3,2.3,9512.8,2026-05-06T19:11:09Z,0.33,0,0,0,0,0,0,0,0,0,0,0,0,1,0,0,1,1,0,0,0,0,0,0,0,0,0,0,0,0,1,0,0,1,1
2023-05-06,PA,276,2023-18,Region 3,2.16,8694,2026-05-06T19:11:09Z,0.35,0,0,0,0,0,0,0,0,0,0,0,0,1,0,0,1,1,0,0,0,0,0,0,0,0,0,0,0,0,1,0,0,1,1
2023-05-13,PA,282,2023-19,Region 3,1.99,8415.71,2026-05-06T19:11:09Z,0.31,0,0,0,0,0,0,0,0,0,0,0,0,1,0,0,1,1,0,0,0,0,0,0,0,0,0,0,0,0,1,0,0,1,1
2023-05-20,PA,233,2023-20,Region 3,2.25,8401.5,2026-05-06T19:11:09Z,0.28,0,0,0,0,0,0,0,0,0,0,0,0,1,0,0,1,1,0,0,0,0,0,0,0,0,0,0,0,0,1,0,0,1,1
2023-05-27,PA,238,2023-21,Region 3,1.89,6216.21,2026-05-06T19:11:09Z,0.28,0,0,0,0,0,0,0,0,0,0,0,0,1,0,0,1,1,0,0,0,0,0,0,0,0,0,0,0,0,1,0,0,1,1
2023-06-03,PA,228,2023-22,Region 3,1.97,5508.12,2026-05-06T19:11:09Z,0.29,0,0,0,0,0,0,0,0,0,0,0,0,1,0,0,1,1,0,0,0,0,0,0,0,0,0,0,0,0,1,0,0,1,1
2023-06-10,PA,205,2023-23,Region 3,1.93,5295.92,2026-05-06T19:11:09Z,0.25,0,0,0,0,0,0,0,0,0,0,0,0,1,0,0,1,1,0,0,0,0,0,0,0,0,0,0,0,0,1,0,0,1,1
2023-06-17,PA,217,2023-24,Region 3,2.26,5103.08,2026-05-06T19:11:09Z,0.27,0,0,0,0,0,0,0,0,0,0,0,0,0.9025258799171841,0,0,1,1,0,0,0,0,0,0,0,0,0,0,0,0,0.9235714285714286,0,0,1,1
2023-06-24,PA,168,2023-25,Region 3,1.85,3997.8500000000004,2026-05-06T19:11:09Z,0.28,0,0,0,0,0,0,0,0,0,0,0,0,0.8260041407867494,0,0,1,1,0,0,0,0,0,0,0,0,0,0,0,0,0.8635714285714287,0,0,1,1
2023-07-01,PA,180,2023-26,Region 3,2.94,5397.84,2026-05-06T19:11:09Z,0.32,0,0,0,0,0,0,0,0,0,0,0,0,0.9407867494824016,0,0,1,1,0,0,0,0,0,0,0,0,0,0,0,0,0.9535714285714286,0,0,1,1
2023-07-08,PA,200,2023-27,Region 3,3.23,6492.3,2026-05-06T19:11:09Z,0.3,0,0,0,0,0,0,0,0,0,0,0,0,1,0,0,1,1,0,0,0,0,0,0,0,0,0,0,0,0,1,0,0,1,1
2023-07-15,PA,219,2023-28,Region 3,3.08,7090.16,2026-05-06T19:11:09Z,0.33,0,0,0,0,0,0,0,0,0,0,0,0,1,0,0,1,1,0,0,0,0,0,0,0,0,0,0,0,0,1,0,0,1,1
2023-07-22,PA,215,2023-29,Region 3,3.32,7589.5199999999995,2026-05-06T19:11:09Z,0.34,0,0,0,0,0,0,0,0,0,0,0,0,1,0,0,1,1,0,0,0,0,0,0,0,0,0,0,0,0,1,0,0,1,1
2023-07-29,PA,272,2023-30,Region 3,6.57,10893.060000000001,2026-05-06T19:11:09Z,0.5,0,0,0,0,0,0,0,0,0,0,0,0,1,0,0,1,1,0,0,0,0,0,0,0,0,0,0,0,0,1,0,0,1,1
2023-08-05,PA,281,2023-31,Region 3,7.32,13205.28,2026-05-06T19:11:09Z,0.56,0,0,0,0,0,0,0,0,0,0,0,0,1,0,0,1,1,0,0,0,0,0,0,0,0,0,0,0,0,1,0,0,1,1
2023-08-12,PA,363,2023-32,Region 3,7.34,17608.66,2026-05-06T19:11:09Z,0.79,0,0,0,0,0,0,0,0,0,0,0,0,1,0,0,1,1,0,0,0,0,0,0,0,0,0,0,0,0,1,0,0,1,1
2023-08-19,PA,408,2023-33,Region 3,8.04,19111.079999999998,2026-05-06T19:11:09Z,0.92,0,0,0,0,0,0,0,0,0,0,0,0,1,0,0,1,1,0,0,0,0,0,0,0,0,0,0,0,0,1,0,0,1,1
2023-08-26,PA,457,2023-34,Region 3,10.96,25788.88,2026-05-06T19:11:09Z,1.08,0,0,0,0,0,0,0,0,0,0,0,0,1,0,0,1,1,0,0,0,0,0,0,0,0,0,0,0,0,1,0,0,1,1
2023-09-02,PA,527,2023-35,Region 3,12.46,36109.08,2026-05-06T19:11:09Z,1.38,0,0,0,0,0,0,0,0,0,0,0,0,1,0,0,1,1,0,0,0,0,0,0,0,0,0,0,0,0,1,0,0,1,1
2023-09-09,PA,676,2023-36,Region 3,11.01,44502.42,2026-05-06T19:11:09Z,1.71,0,0,0,0,0,0,0,0,0,0,0,0,1,0,0,1,1,0,0,0,0,0,0,0,0,0,0,0,0,1,0,0,1,1
2023-09-16,PA,611,2023-37,Region 3,8.84,39010.92,2026-05-06T19:11:09Z,1.57,0,0,0,0,0,0,0,0,0,0,0,0,1,0,0,1,1,0,0,0,0,0,0,0,0,0,0,0,0,1,0,0,1,1
2023-09-23,PA,704,2023-38,Region 3,9.02,41311.6,2026-05-06T19:11:09Z,1.64,0,0,0,0,0,0,0,0,0,0,0,0,1,0,0,1,1,0,0,0,0,0,0,0,0,0,0,0,0,1,0,0,1,1
2023-09-30,PA,630,2023-39,Region 3,7.97,37092.38,2026-05-06T19:11:09Z,1.55,0,0,0,0,0,0,0,0,0,0,0,0,1,0,0,1,1,0,0,0,0,0,0,0,0,0,0,0,0,1,0,0,1,1
2023-10-07,PA,695,2023-40,Region 3,7.41,33782.19,2026-05-06T19:11:09Z,1.43,0,0,0,0,0,0,0,0,0,0,0,0,1,0,0,1,1,0,0,0,0,0,0,0,0,0,0,0,0,1,0,0,1,1
2023-10-14,PA,609,2023-41,Region 3,5.74,25904.620000000003,2026-05-06T19:11:09Z,1.15,0,0,0,0,0,0,0,0,0,0,0,0,1,0,0,1,1,0,0,0,0,0,0,0,0,0,0,0,0,1,0,0,1,1
2023-10-21,PA,682,2023-42,Region 3,5.82,26702.16,2026-05-06T19:11:09Z,1.21,0,0,0,0,0,0,0,0,0,0,0,0,1,0,0,1,1,0,0,0,0,0,0,0,0,0,0,0,0,1,0,0,1,1
2023-10-28,PA,727,2023-43,Region 3,6.26,29115.26,2026-05-06T19:11:09Z,1.25,0,0,0,0,0,0,0,0,0,0,0,0,1,0,0,1,1,0,0,0,0,0,0,0,0,0,0,0,0,1,0,0,1,1
2023-11-04,PA,643,2023-44,Region 3,6.48,28894.320000000003,2026-05-06T19:11:09Z,1.19,0,0,0,0,0,0,0,0,0,0,0,0,1,0,0,1,1,0,0,0,0,0,0,0,0,0,0,0,0,1,0,0,1,1
2023-11-11,PA,726,2023-45,Region 3,7.27,35383.09,2026-05-06T19:11:09Z,1.38,0,0,0,0,0,0,0,0,0,0,0,0,1,0,0,1,1,0,0,0,0,0,0,0,0,0,0,0,0,1,0,0,1,1
2023-11-18,PA,837,2023-46,Region 3,7.92,41374.08,2026-05-06T19:11:09Z,1.63,0,0,0,0,0,0,0,0,0,0,0,0,1,0,0,1,1,0,0,0,0,0,0,0,0,0,0,0,0,1,0,0,1,1
2023-11-25,PA,926,2023-47,Region 3,9.3,44500.5,2026-05-06T19:11:09Z,1.92,0,0,0,0,0,0,0,0,0,0,0,0,1,0,0,1,1,0,0,0,0,0,0,0,0,0,0,0,0,1,0,0,1,1
2023-12-02,PA,1038,2023-48,Region 3,10.24,59781.12,2026-05-06T19:11:09Z,2.23,0,0,0,0,0,0,0,0,0,0,0,0,1,0,0,1,1,0,0,0,0,0,0,0,0,0,0,0,0,1,0,0,1,1
2023-12-09,PA,1035,2023-49,Region 3,10.11,60205.049999999996,2026-05-06T19:11:09Z,2.19,0,0,0,0,0,0,0,0,0,0,0,0,1,0,0,1,1,0,0,0,0,0,0,0,0,0,0,0,0,1,0,0,1,1
2023-12-16,PA,1021,2023-50,Region 3,9.63,62816.490000000005,2026-05-06T19:11:09Z,2.53,0,0,0,0,0,0,0,0,0,0,0,0,0.9929418559876781,0,0,1,1,0,0,0,0,0,0,0,0,0,0,0,0,0.9496428571428572,0,0,1,1
2023-12-23,PA,1219,2023-51,Region 3,12.06,86530.5,2026-05-06T19:11:09Z,3.01,0,0,0,0,0,0,0,0,0,0,0,0,0.9900385059684252,0,0,1,1,0,0,0,0,0,0,0,0,0,0,0,0,0.9289285714285714,0,0,1,1
2023-12-30,PA,1639,2023-52,Region 3,12.92,100000.8,2026-05-06T19:11:09Z,3.71,0,0,0,0,0,0,0,0,0,0,0,0,0.9950442818636889,0,0,1,1,0,0,0,0,0,0,0,0,0,0,0,0,0.9646428571428572,0,0,1,1
2024-01-06,PA,1570,2024-01,Region 3,12.57,92615.76000000001,2026-05-06T19:11:09Z,3.28,0,0,0,0,0,0,0,0,0,0,0,0,1,0,0,1,1,0,0,0,0,0,0,0,0,0,0,0,0,1,0,0,1,1
2024-01-13,PA,1365,2024-02,Region 3,11.62,74914.14,2026-05-06T19:11:09Z,2.58,0,0,0,0,0,0,0,0,0,0,0,0,1,0,0,1,1,0,0,0,0,0,0,0,0,0,0,0,0,1,0,0,1,1
2024-01-20,PA,1049,2024-03,Region 3,10.47,55281.600000000006,2026-05-06T19:11:09Z,2.05,0,0,0,0,0,0,0,0,0,0,0,0,1,0,0,1,1,0,0,0,0,0,0,0,0,0,0,0,0,1,0,0,1,1
2024-01-27,PA,926,2024-04,Region 3,10.61,60827.13,2026-05-06T19:11:09Z,1.75,0,0,0,0,0,0,0,0,0,0,0,0,1,0,0,1,1,0,0,0,0,0,0,0,0,0,0,0,0,1,0,0,1,1
2024-02-03,PA,802,2024-05,Region 3,9.22,50580.920000000006,2026-05-06T19:11:09Z,1.58,0,0,0,0,0,0,0,0,0,0,0,0,1,0,0,1,1,0,0,0,0,0,0,0,0,0,0,0,0,1,0,0,1,1
2024-02-10,PA,741,2024-06,Region 3,8.62,46125.619999999995,2026-05-06T19:11:09Z,1.51,0,0,0,0,0,0,0,0,0,0,0,0,1,0,0,1,1,0,0,0,0,0,0,0,0,0,0,0,0,1,0,0,1,1
2024-02-17,PA,769,2024-07,Region 3,5.7,45662.700000000004,2026-05-06T19:11:09Z,1.41,0,0,0,0,0,0,0,0,0,0,0,0,1,0,0,1,1,0,0,0,0,0,0,0,0,0,0,0,0,1,0,0,1,1
2024-02-24,PA,673,2024-08,Region 3,7.62,39616.38,2026-05-06T19:11:09Z,1.19,0,0,0,0,0,0,0,0,0,0,0,0,1,0,0,1,1,0,0,0,0,0,0,0,0,0,0,0,0,1,0,0,1,1
2024-03-02,PA,588,2024-09,Region 3,5.7,29708.4,2026-05-06T19:11:09Z,1.02,0,0,0,0,0,0,0,0,0,0,0,0,1,0,0,1,1,0,0,0,0,0,0,0,0,0,0,0,0,1,0,0,1,1
2024-03-09,PA,499,2024-10,Region 3,4.48,21580.160000000003,2026-05-06T19:11:09Z,0.79,0,0,0,0,0,0,0,0,0,0,0,0,1,0,0,1,1,0,0,0,0,0,0,0,0,0,0,0,0,1,0,0,1,1
2024-03-16,PA,387,2024-11,Region 3,3.51,15082.47,2026-05-06T19:11:09Z,0.59,0,0,0,0,0,0,0,0,0,0,0,0,1,0,0,1,1,0,0,0,0,0,0,0,0,0,0,0,0,1,0,0,1,1
2024-03-23,PA,384,2024-12,Region 3,3.23,13982.67,2026-05-06T19:11:09Z,0.53,0,0,0,0,0,0,0,0,0,0,0,0,1,0,0,1,1,0,0,0,0,0,0,0,0,0,0,0,0,1,0,0,1,1
2024-03-30,PA,309,2024-13,Region 3,2.89,12083.09,2026-05-06T19:11:09Z,0.45,0,0,0,0,0,0,0,0,0,0,0,0,0.9942433577204467,0,0,1,1,0,0,0,0,0,0,0,0,0,0,0,0,0.9589285714285714,0,0,1,1
2024-04-06,PA,327,2024-14,Region 3,3.13,10692.08,2026-05-06T19:11:09Z,0.45,0,0,0,0,0,0,0,0,0,0,0,0,0.9882364266461301,0,0,1,1,0,0,0,0,0,0,0,0,0,0,0,0,0.9160714285714286,0,0,1,1
2024-04-13,PA,300,2024-15,Region 3,2.57,7609.7699999999995,2026-05-06T19:11:09Z,0.31,0,0,0,0,0,0,0,0,0,0,0,0,0.9882364266461301,0,0,1,1,0,0,0,0,0,0,0,0,0,0,0,0,0.9160714285714286,0,0,1,1
2024-04-20,PA,224,2024-16,Region 3,2.86,7913.62,2026-05-06T19:11:09Z,0.28,0,0,0,0,0,0,0,0,0,0,0,0,0.9942433577204467,0,0,1,1,0,0,0,0,0,0,0,0,0,0,0,0,0.9589285714285714,0,0,1,1
2024-04-27,PA,161,2024-17,Region 3,2.71,7387.46,2026-05-06T19:11:09Z,0.26,0,0,0,0,0,0,0,0,0,0,0,0,1,0,0,1,1,0,0,0,0,0,0,0,0,0,0,0,0,1,0,0,1,1
2022-10-01,PR,114,2022-39,Region 2,7.96,97947.8,2026-05-06T19:11:09Z,0,0,0,0,0,0,0,0,0,0,0,0,0,0,0,0,0,0,0,0,0,0,0,0,0,0,0,0,0,0,0,0,0,0,0
2022-10-08,PR,115,2022-40,Region 2,8.22,102421.20000000001,2026-05-06T19:11:09Z,0,0,0,0,0,0,0,0,0,0,0,0,0,0,0,0,0,0,0,0,0,0,0,0,0,0,0,0,0,0,0,0,0,0,0
2022-10-15,PR,83,2022-41,Region 2,7.92,98667.36,2026-05-06T19:11:09Z,0,0,0,0,0,0,0,0,0,0,0,0,0,0,0,0,0,0,0,0,0,0,0,0,0,0,0,0,0,0,0,0,0,0,0
2022-10-22,PR,94,2022-42,Region 2,7.87,100759.61,2026-05-06T19:11:09Z,0,0,0,0,0,0,0,0,0,0,0,0,0,0,0,0,0,0,0,0,0,0,0,0,0,0,0,0,0,0,0,0,0,0,0
2022-10-29,PR,106,2022-43,Region 2,7.47,99470.51999999999,2026-05-06T19:11:09Z,0,0,0,0,0,0,0,0,0,0,0,0,0,0,0,0,0,0,0,0,0,0,0,0,0,0,0,0,0,0,0,0,0,0,0
2022-11-05,PR,113,2022-44,Region 2,7.22,100747.87999999999,2026-05-06T19:11:09Z,0,0,0,0,0,0,0,0,0,0,0,0,0,0,0,0,0,0,0,0,0,0,0,0,0,0,0,0,0,0,0,0,0,0,0
2022-11-12,PR,90,2022-45,Region 2,7.42,84528.64,2026-05-06T19:11:09Z,0,0,0,0,0,0,0,0,0,0,0,0,0,0,0,0,0,0,0,0,0,0,0,0,0,0,0,0,0,0,0,0,0,0,0
2022-11-19,PR,133,2022-46,Region 2,6.89,95736.54999999999,2026-05-06T19:11:09Z,0,0,0,0,0,0,0,0,0,0,0,0,0,0,0,0,0,0,0,0,0,0,0,0,0,0,0,0,0,0,0,0,0,0,0
2022-11-26,PR,116,2022-47,Region 2,7.43,97006.08,2026-05-06T19:11:09Z,0,0,0,0,0,0,0,0,0,0,0,0,0,0,0,0,0,0,0,0,0,0,0,0,0,0,0,0,0,0,0,0,0,0,0
2022-12-03,PR,178,2022-48,Region 2,7.94,132343.92,2026-05-06T19:11:09Z,0,0,0,0,0,0,0,0,0,0,0,0,0,0,0,0,0,0,0,0,0,0,0,0,0,0,0,0,0,0,0,0,0,0,0
2022-12-10,PR,172,2022-49,Region 2,8.4,133425.6,2026-05-06T19:11:09Z,0,0,0,0,0,0,0,0,0,0,0,0,0,0,0,0,0,0,0,0,0,0,0,0,0,0,0,0,0,0,0,0,0,0,0
2022-12-17,PR,166,2022-50,Region 2,8.91,135494.37,2026-05-06T19:11:09Z,0,0,0,0,0,0,0,0,0,0,0,0,0,0,0,0,0,0,0,0,0,0,0,0,0,0,0,0,0,0,0,0,0,0,0
2022-12-24,PR,139,2022-51,Region 2,10.89,141842.25,2026-05-06T19:11:09Z,0,0,0,0,0,0,0,0,0,0,0,0,0,0,0,0,0,0,0,0,0,0,0,0,0,0,0,0,0,0,0,0,0,0,0
2022-12-31,PR,160,2022-52,Region 2,11.74,141701.8,2026-05-06T19:11:09Z,0,0,0,0,0,0,0,0,0,0,0,0,0,0,0,0,0,0,0,0,0,0,0,0,0,0,0,0,0,0,0,0,0,0,0
2023-01-07,PR,149,2023-01,Region 2,11.6,154883.19999999998,2026-05-06T19:11:09Z,0,0,0,0,0,0,0,0,0,0,0,0,0,0,0,0,0,0,0,0,0,0,0,0,0,0,0,0,0,0,0,0,0,0,0
2023-01-14,PR,162,2023-02,Region 2,11.04,140472.96,2026-05-06T19:11:09Z,0,0,0,0,0,0,0,0,0,0,0,0,0,0,0,0,0,0,0,0,0,0,0,0,0,0,0,0,0,0,0,0,0,0,0
2023-01-21,PR,130,2023-03,Region 2,9.13,111258.18000000001,2026-05-06T19:11:09Z,0,0,0,0,0,0,0,0,0,0,0,0,0,0,0,0,0,0,0,0,0,0,0,0,0,0,0,0,0,0,0,0,0,0,0
2023-01-28,PR,132,2023-04,Region 2,9.13,111285.57,2026-05-06T19:11:09Z,0,0,0,0,0,0,0,0,0,0,0,0,0,0,0,0,0,0,0,0,0,0,0,0,0,0,0,0,0,0,0,0,0,0,0
2023-02-04,PR,94,2023-05,Region 2,8.31,96612.06000000001,2026-05-06T19:11:09Z,0,0,0,0,0,0,0,0,0,0,0,0,0,0,0,0,0,0,0,0,0,0,0,0,0,0,0,0,0,0,0,0,0,0,0
2023-02-11,PR,93,2023-06,Region 2,6.33,74744.64,2026-05-06T19:11:09Z,0,0,0,0,0,0,0,0,0,0,0,0,0,0,0,0,0,0,0,0,0,0,0,0,0,0,0,0,0,0,0,0,0,0,0
2023-02-18,PR,65,2023-07,Region 2,5.85,69591.59999999999,2026-05-06T19:11:09Z,0,0,0,0,0,0,0,0,0,0,0,0,0,0,0,0,0,0,0,0,0,0,0,0,0,0,0,0,0,0,0,0,0,0,0
2023-02-25,PR,64,2023-08,Region 2,5.24,57996.32,2026-05-06T19:11:09Z,0,0,0,0,0,0,0,0,0,0,0,0,0,0,0,0,0,0,0,0,0,0,0,0,0,0,0,0,0,0,0,0,0,0,0
2023-03-04,PR,73,2023-09,Region 2,4.22,46529.719999999994,2026-05-06T19:11:09Z,0,0,0,0,0,0,0,0,0,0,0,0,0,0,0,0,0,0,0,0,0,0,0,0,0,0,0,0,0,0,0,0,0,0,0
2023-03-11,PR,65,2023-10,Region 2,4.48,45772.16,2026-05-06T19:11:09Z,0,0,0,0,0,0,0,0,0,0,0,0,0,0,0,0,0,0,0,0,0,0,0,0,0,0,0,0,0,0,0,0,0,0,0
2023-03-18,PR,49,2023-11,Region 2,4.09,39178.11,2026-05-06T19:11:09Z,0,0,0,0,0,0,0,0,0,0,0,0,0,0,0,0,0,0,0,0,0,0,0,0,0,0,0,0,0,0,0,0,0,0,0
2023-03-25,PR,52,2023-12,Region 2,3.16,31508.36,2026-05-06T19:11:09Z,0,0,0,0,0,0,0,0,0,0,0,0,0,0,0,0,0,0,0,0,0,0,0,0,0,0,0,0,0,0,0,0,0,0,0
2023-04-01,PR,41,2023-13,Region 2,3.04,28074.4,2026-05-06T19:11:09Z,0,0,0,0,0,0,0,0,0,0,0,0,0,0,0,0,0,0,0,0,0,0,0,0,0,0,0,0,0,0,0,0,0,0,0
2023-04-08,PR,25,2023-14,Region 2,2.81,23376.39,2026-05-06T19:11:09Z,0,0,0,0,0,0,0,0,0,0,0,0,0,0,0,0,0,0,0,0,0,0,0,0,0,0,0,0,0,0,0,0,0,0,0
2023-04-15,PR,51,2023-15,Region 2,2.67,21135.72,2026-05-06T19:11:09Z,0,0,0,0,0,0,0,0,0,0,0,0,0,0,0,0,0,0,0,0,0,0,0,0,0,0,0,0,0,0,0,0,0,0,0
2023-04-22,PR,49,2023-16,Region 2,2.62,18326.9,2026-05-06T19:11:09Z,0,0,0,0,0,0,0,0,0,0,0,0,0,0,0,0,0,0,0,0,0,0,0,0,0,0,0,0,0,0,0,0,0,0,0
2023-04-29,PR,70,2023-17,Region 2,2.39,13895.460000000001,2026-05-06T19:11:09Z,0,0,0,0,0,0,0,0,0,0,0,0,0,0,0,0,0,0,0,0,0,0,0,0,0,0,0,0,0,0,0,0,0,0,0
2023-05-06,PR,73,2023-18,Region 2,2.52,14018.76,2026-05-06T19:11:09Z,0,0,0,0,0,0,0,0,0,0,0,0,0,0,0,0,0,0,0,0,0,0,0,0,0,0,0,0,0,0,0,0,0,0,0
2023-05-13,PR,74,2023-19,Region 2,2.98,16273.78,2026-05-06T19:11:09Z,0,0,0,0,0,0,0,0,0,0,0,0,0,0,0,0,0,0,0,0,0,0,0,0,0,0,0,0,0,0,0,0,0,0,0
2023-05-20,PR,104,2023-20,Region 2,2.93,16519.34,2026-05-06T19:11:09Z,0,0,0,0,0,0,0,0,0,0,0,0,0,0,0,0,0,0,0,0,0,0,0,0,0,0,0,0,0,0,0,0,0,0,0
2023-05-27,PR,95,2023-21,Region 2,3.04,15619.52,2026-05-06T19:11:09Z,0,0,0,0,0,0,0,0,0,0,0,0,0,0,0,0,0,0,0,0,0,0,0,0,0,0,0,0,0,0,0,0,0,0,0
2023-06-03,PR,104,2023-22,Region 2,2.94,14391.3,2026-05-06T19:11:09Z,0,0,0,0,0,0,0,0,0,0,0,0,0,0,0,0,0,0,0,0,0,0,0,0,0,0,0,0,0,0,0,0,0,0,0
2023-06-10,PR,133,2023-23,Region 2,3.31,16205.76,2026-05-06T19:11:09Z,0,0,0,0,0,0,0,0,0,0,0,0,0,0,0,0,0,0,0,0,0,0,0,0,0,0,0,0,0,0,0,0,0,0,0
2023-06-17,PR,141,2023-24,Region 2,3.72,14098.800000000001,2026-05-06T19:11:09Z,0,0,0,0,0,0,0,0,0,0,0,0,0,0,0,0,0,0,0,0,0,0,0,0,0,0,0,0,0,0,0,0,0,0,0
2023-06-24,PR,134,2023-25,Region 2,3.85,13690.6,2026-05-06T19:11:09Z,0,0,0,0,0,0,0,0,0,0,0,0,0,0,0,0,0,0,0,0,0,0,0,0,0,0,0,0,0,0,0,0,0,0,0
2023-07-01,PR,150,2023-26,Region 2,4.25,15117.25,2026-05-06T19:11:09Z,0,0,0,0,0,0,0,0,0,0,0,0,0,0,0,0,0,0,0,0,0,0,0,0,0,0,0,0,0,0,0,0,0,0,0
2023-07-08,PR,144,2023-27,Region 2,3.78,15989.4,2026-05-06T19:11:09Z,0,0,0,0,0,0,0,0,0,0,0,0,0,0,0,0,0,0,0,0,0,0,0,0,0,0,0,0,0,0,0,0,0,0,0
2023-07-15,PR,144,2023-28,Region 2,4.75,21493.75,2026-05-06T19:11:09Z,0,0,0,0,0,0,0,0,0,0,0,0,0,0,0,0,0,0,0,0,0,0,0,0,0,0,0,0,0,0,0,0,0,0,0
2023-07-22,PR,159,2023-29,Region 2,4.77,20515.769999999997,2026-05-06T19:11:09Z,0,0,0,0,0,0,0,0,0,0,0,0,0,0,0,0,0,0,0,0,0,0,0,0,0,0,0,0,0,0,0,0,0,0,0
2023-07-29,PR,128,2023-30,Region 2,6.54,28278.96,2026-05-06T19:11:09Z,0,0,0,0,0,0,0,0,0,0,0,0,0,0,0,0,0,0,0,0,0,0,0,0,0,0,0,0,0,0,0,0,0,0,0
2023-08-05,PR,148,2023-31,Region 2,7.93,34709.61,2026-05-06T19:11:09Z,0,0,0,0,0,0,0,0,0,0,0,0,0,0,0,0,0,0,0,0,0,0,0,0,0,0,0,0,0,0,0,0,0,0,0
2023-08-12,PR,138,2023-32,Region 2,9.47,41686.94,2026-05-06T19:11:09Z,0,0,0,0,0,0,0,0,0,0,0,0,0,0,0,0,0,0,0,0,0,0,0,0,0,0,0,0,0,0,0,0,0,0,0
2023-08-19,PR,113,2023-33,Region 2,10.08,45682.56,2026-05-06T19:11:09Z,0,0,0,0,0,0,0,0,0,0,0,0,0,0,0,0,0,0,0,0,0,0,0,0,0,0,0,0,0,0,0,0,0,0,0
2023-08-26,PR,110,2023-34,Region 2,10.26,49904.64,2026-05-06T19:11:09Z,0,0,0,0,0,0,0,0,0,0,0,0,0,0,0,0,0,0,0,0,0,0,0,0,0,0,0,0,0,0,0,0,0,0,0
2023-09-02,PR,129,2023-35,Region 2,10.8,52477.200000000004,2026-05-06T19:11:09Z,0,0,0,0,0,0,0,0,0,0,0,0,0,0,0,0,0,0,0,0,0,0,0,0,0,0,0,0,0,0,0,0,0,0,0
2023-09-09,PR,95,2023-36,Region 2,11.92,60780.08,2026-05-06T19:11:09Z,0,0,0,0,0,0,0,0,0,0,0,0,0,0,0,0,0,0,0,0,0,0,0,0,0,0,0,0,0,0,0,0,0,0,0
2023-09-16,PR,90,2023-37,Region 2,12.59,68489.6,2026-05-06T19:11:09Z,0,0,0,0,0,0,0,0,0,0,0,0,0,0,0,0,0,0,0,0,0,0,0,0,0,0,0,0,0,0,0,0,0,0,0
2023-09-23,PR,73,2023-38,Region 2,11.66,71499.12,2026-05-06T19:11:09Z,0,0,0,0,0,0,0,0,0,0,0,0,0,0,0,0,0,0,0,0,0,0,0,0,0,0,0,0,0,0,0,0,0,0,0
2023-09-30,PR,57,2023-39,Region 2,10.87,64904.77,2026-05-06T19:11:09Z,0,0,0,0,0,0,0,0,0,0,0,0,0,0,0,0,0,0,0,0,0,0,0,0,0,0,0,0,0,0,0,0,0,0,0
2023-10-07,PR,63,2023-40,Region 2,8.33,50579.76,2026-05-06T19:11:09Z,0,0,0,0,0,0,0,0,0,0,0,0,0,0,0,0,0,0,0,0,0,0,0,0,0,0,0,0,0,0,0,0,0,0,0
2023-10-14,PR,72,2023-41,Region 2,7.21,39777.57,2026-05-06T19:11:09Z,0,0,0,0,0,0,0,0,0,0,0,0,0,0,0,0,0,0,0,0,0,0,0,0,0,0,0,0,0,0,0,0,0,0,0
2023-10-21,PR,53,2023-42,Region 2,6.53,36306.8,2026-05-06T19:11:09Z,0,0,0,0,0,0,0,0,0,0,0,0,0,0,0,0,0,0,0,0,0,0,0,0,0,0,0,0,0,0,0,0,0,0,0
2023-10-28,PR,68,2023-43,Region 2,6.52,36225.119999999995,2026-05-06T19:11:09Z,0,0,0,0,0,0,0,0,0,0,0,0,0,0,0,0,0,0,0,0,0,0,0,0,0,0,0,0,0,0,0,0,0,0,0
2023-11-04,PR,70,2023-44,Region 2,5.5,29705.5,2026-05-06T19:11:09Z,0,0,0,0,0,0,0,0,0,0,0,0,0,0,0,0,0,0,0,0,0,0,0,0,0,0,0,0,0,0,0,0,0,0,0
2023-11-11,PR,75,2023-45,Region 2,5.9,33801.1,2026-05-06T19:11:09Z,0,0,0,0,0,0,0,0,0,0,0,0,0,0,0,0,0,0,0,0,0,0,0,0,0,0,0,0,0,0,0,0,0,0,0
2023-11-18,PR,55,2023-46,Region 2,6.08,36911.68,2026-05-06T19:11:09Z,0,0,0,0,0,0,0,0,0,0,0,0,0,0,0,0,0,0,0,0,0,0,0,0,0,0,0,0,0,0,0,0,0,0,0
2023-11-25,PR,78,2023-47,Region 2,6.61,37022.61,2026-05-06T19:11:09Z,0,0,0,0,0,0,0,0,0,0,0,0,0,0,0,0,0,0,0,0,0,0,0,0,0,0,0,0,0,0,0,0,0,0,0
2023-12-02,PR,81,2023-48,Region 2,8.02,53373.1,2026-05-06T19:11:09Z,0,0,0,0,0,0,0,0,0,0,0,0,0,0,0,0,0,0,0,0,0,0,0,0,0,0,0,0,0,0,0,0,0,0,0
2023-12-09,PR,57,2023-49,Region 2,9.04,61128.479999999996,2026-05-06T19:11:09Z,0,0,0,0,0,0,0,0,0,0,0,0,0,0,0,0,0,0,0,0,0,0,0,0,0,0,0,0,0,0,0,0,0,0,0
2023-12-16,PR,51,2023-50,Region 2,10.59,81924.24,2026-05-06T19:11:09Z,0,0,0,0,0,0,0,0,0,0,0,0,0,0,0,0,0,0,0,0,0,0,0,0,0,0,0,0,0,0,0,0,0,0,0
2023-12-23,PR,95,2023-51,Region 2,12.81,106694.49,2026-05-06T19:11:09Z,0,0,0,0,0,0,0,0,0,0,0,0,0,0,0,0,0,0,0,0,0,0,0,0,0,0,0,0,0,0,0,0,0,0,0
2023-12-30,PR,79,2023-52,Region 2,14.78,134276.3,2026-05-06T19:11:09Z,0,0,0,0,0,0,0,0,0,0,0,0,0,0,0,0,0,0,0,0,0,0,0,0,0,0,0,0,0,0,0,0,0,0,0
2024-01-06,PR,136,2024-01,Region 2,15.4,135119.6,2026-05-06T19:11:09Z,0,0,0,0,0,0,0,0,0,0,0,0,0,0,0,0,0,0,0,0,0,0,0,0,0,0,0,0,0,0,0,0,0,0,0
2024-01-13,PR,158,2024-02,Region 2,14.76,124367.76,2026-05-06T19:11:09Z,0,0,0,0,0,0,0,0,0,0,0,0,0,0,0,0,0,0,0,0,0,0,0,0,0,0,0,0,0,0,0,0,0,0,0
2024-01-20,PR,198,2024-03,Region 2,12.57,92100.39,2026-05-06T19:11:09Z,0,0,0,0,0,0,0,0,0,0,0,0,0,0,0,0,0,0,0,0,0,0,0,0,0,0,0,0,0,0,0,0,0,0,0
2024-01-27,PR,187,2024-04,Region 2,11.48,72702.84,2026-05-06T19:11:09Z,0,0,0,0,0,0,0,0,0,0,0,0,0,0,0,0,0,0,0,0,0,0,0,0,0,0,0,0,0,0,0,0,0,0,0
2024-02-03,PR,127,2024-05,Region 2,10.11,70133.06999999999,2026-05-06T19:11:09Z,0,0,0,0,0,0,0,0,0,0,0,0,0,0,0,0,0,0,0,0,0,0,0,0,0,0,0,0,0,0,0,0,0,0,0
2024-02-10,PR,129,2024-06,Region 2,8.73,60533.82,2026-05-06T19:11:09Z,0,0,0,0,0,0,0,0,0,0,0,0,0,0,0,0,0,0,0,0,0,0,0,0,0,0,0,0,0,0,0,0,0,0,0
2024-02-17,PR,143,2024-07,Region 2,6.28,37592.08,2026-05-06T19:11:09Z,0,0,0,0,0,0,0,0,0,0,0,0,0,0,0,0,0,0,0,0,0,0,0,0,0,0,0,0,0,0,0,0,0,0,0
2024-02-24,PR,98,2024-08,Region 2,6.12,38831.4,2026-05-06T19:11:09Z,0,0,0,0,0,0,0,0,0,0,0,0,0,0,0,0,0,0,0,0,0,0,0,0,0,0,0,0,0,0,0,0,0,0,0
2024-03-02,PR,87,2024-09,Region 2,5.67,35397.81,2026-05-06T19:11:09Z,0,0,0,0,0,0,0,0,0,0,0,0,0,0,0,0,0,0,0,0,0,0,0,0,0,0,0,0,0,0,0,0,0,0,0
2024-03-09,PR,48,2024-10,Region 2,4.65,29174.100000000002,2026-05-06T19:11:09Z,0,0,0,0,0,0,0,0,0,0,0,0,0,0,0,0,0,0,0,0,0,0,0,0,0,0,0,0,0,0,0,0,0,0,0
2024-03-16,PR,78,2024-11,Region 2,3.66,18395.16,2026-05-06T19:11:09Z,0,0,0,0,0,0,0,0,0,0,0,0,0,0,0,0,0,0,0,0,0,0,0,0,0,0,0,0,0,0,0,0,0,0,0
2024-03-23,PR,40,2024-12,Region 2,2.62,9298.380000000001,2026-05-06T19:11:09Z,0,0,0,0,0,0,0,0,0,0,0,0,0,0,0,0,0,0,0,0,0,0,0,0,0,0,0,0,0,0,0,0,0,0,0
2024-03-30,PR,49,2024-13,Region 2,4.02,18077.94,2026-05-06T19:11:09Z,0,0,0,0,0,0,0,0,0,0,0,0,0,0,0,0,0,0,0,0,0,0,0,0,0,0,0,0,0,0,0,0,0,0,0
2024-04-06,PR,35,2024-14,Region 2,2.85,12597,2026-05-06T19:11:09Z,0,0,0,0,0,0,0,0,0,0,0,0,0,0,0,0,0,0,0,0,0,0,0,0,0,0,0,0,0,0,0,0,0,0,0
2024-04-13,PR,26,2024-15,Region 2,2.61,9899.73,2026-05-06T19:11:09Z,0,0,0,0,0,0,0,0,0,0,0,0,0,0,0,0,0,0,0,0,0,0,0,0,0,0,0,0,0,0,0,0,0,0,0
2024-04-20,PR,35,2024-16,Region 2,2.44,8896.24,2026-05-06T19:11:09Z,0,0,0,0,0,0,0,0,0,0,0,0,0,0,0,0,0,0,0,0,0,0,0,0,0,0,0,0,0,0,0,0,0,0,0
2024-04-27,PR,42,2024-17,Region 2,3.39,13607.460000000001,2026-05-06T19:11:09Z,0,0,0,0,0,0,0,0,0,0,0,0,0,0,0,0,0,0,0,0,0,0,0,0,0,0,0,0,0,0,0,0,0,0,0
2022-10-01,RI,86,2022-39,Region 1,8.51,207107.87,2026-05-06T19:11:09Z,2.48,0,0,0,0,0,0,0,0,0,0,0,0,1,0,0,1,0,0,0,0,0,0,0,0,0,0,0,0,0,1,0,0,1,0
2022-10-08,RI,99,2022-40,Region 1,8.36,200104.96,2026-05-06T19:11:09Z,2.53,0,0,0,0,0,0,0,0,0,0,0,0,1,0,0,1,0,0,0,0,0,0,0,0,0,0,0,0,0,1,0,0,1,0
2022-10-15,RI,94,2022-41,Region 1,8.59,196333.04,2026-05-06T19:11:09Z,2.12,0,0,0,0,0,0,0,0,0,0,0,0,1,0,0,1,0,0,0,0,0,0,0,0,0,0,0,0,0,1,0,0,1,0
2022-10-22,RI,76,2022-42,Region 1,7.76,174801.76,2026-05-06T19:11:09Z,1.86,0,0,0,0,0,0,0,0,0,0,0,0,1,0,0,1,0,0,0,0,0,0,0,0,0,0,0,0,0,1,0,0,1,0
2022-10-29,RI,95,2022-43,Region 1,6.93,161787.78,2026-05-06T19:11:09Z,1.85,0,0,0,0,0,0,0,0,0,0,0,0,1,0,0,1,0,0,0,0,0,0,0,0,0,0,0,0,0,1,0,0,1,0
2022-11-05,RI,68,2022-44,Region 1,6.2,144013.6,2026-05-06T19:11:09Z,1.71,0,0,0,0,0,0,0,0,0,0,0,0,1,0,0,1,0,0,0,0,0,0,0,0,0,0,0,0,0,1,0,0,1,0
2022-11-12,RI,54,2022-45,Region 1,5.7,122629.8,2026-05-06T19:11:09Z,1.58,0,0,0,0,0,0,0,0,0,0,0,0,1,0,0,1,0,0,0,0,0,0,0,0,0,0,0,0,0,1,0,0,1,0
2022-11-19,RI,77,2022-46,Region 1,5.11,110815.46,2026-05-06T19:11:09Z,1.64,0,0,0,0,0,0,0,0,0,0,0,0,1,0,0,1,0,0,0,0,0,0,0,0,0,0,0,0,0,1,0,0,1,0
2022-11-26,RI,66,2022-47,Region 1,6.36,121088.04000000001,2026-05-06T19:11:09Z,1.97,0,0,0,0,0,0,0,0,0,0,0,0,1,0,0,1,0,0,0,0,0,0,0,0,0,0,0,0,0,1,0,0,1,0
2022-12-03,RI,87,2022-48,Region 1,7.48,181247.88,2026-05-06T19:11:09Z,2.42,0,0,0,0,0,0,0,0,0,0,0,0,1,0,0,1,0,0,0,0,0,0,0,0,0,0,0,0,0,1,0,0,1,0
2022-12-10,RI,79,2022-49,Region 1,7.63,175276.36,2026-05-06T19:11:09Z,2.61,0,0,0,0,0,0,0,0,0,0,0,0,1,0,0,1,0,0,0,0,0,0,0,0,0,0,0,0,0,1,0,0,1,0
2022-12-17,RI,110,2022-50,Region 1,8.23,195890.46000000002,2026-05-06T19:11:09Z,2.61,0,0,0,0,0,0,0,0,0,0,0,0,1,0,0,1,0,0,0,0,0,0,0,0,0,0,0,0,0,1,0,0,1,0
2022-12-24,RI,107,2022-51,Region 1,9.84,220780.08,2026-05-06T19:11:09Z,3.33,0,0,0,0,0,0,0,0,0,0,0,0,1,0,0,1,0,0,0,0,0,0,0,0,0,0,0,0,0,1,0,0,1,0
2022-12-31,RI,108,2022-52,Region 1,11.66,219744.36000000002,2026-05-06T19:11:09Z,4.09,0,0,0,0,0,0,0,0,0,0,0,0,1,0,0,1,0,0,0,0,0,0,0,0,0,0,0,0,0,1,0,0,1,0
2023-01-07,RI,126,2023-01,Region 1,11,214742,2026-05-06T19:11:09Z,3.57,0,0,0,0,0,0,0,0,0,0,0,0,1,0,0,1,0,0,0,0,0,0,0,0,0,0,0,0,0,1,0,0,1,0
2023-01-14,RI,125,2023-02,Region 1,10.56,196320.96000000002,2026-05-06T19:11:09Z,2.73,0,0,0,0,0,0,0,0,0,0,0,0,1,0,0,1,0,0,0,0,0,0,0,0,0,0,0,0,0,1,0,0,1,0
2023-01-21,RI,98,2023-03,Region 1,9.39,165151.32,2026-05-06T19:11:09Z,2.83,0,0,0,0,0,0,0,0,0,0,0,0,1,0,0,1,0,0,0,0,0,0,0,0,0,0,0,0,0,1,0,0,1,0
2023-01-28,RI,92,2023-04,Region 1,8.37,150936.21,2026-05-06T19:11:09Z,2.8,0,0,0,0,0,0,0,0,0,0,0,0,1,0,0,1,0,0,0,0,0,0,0,0,0,0,0,0,0,1,0,0,1,0
2023-02-04,RI,94,2023-05,Region 1,7.49,126064.19,2026-05-06T19:11:09Z,2.36,0,0,0,0,0,0,0,0,0,0,0,0,1,0,0,1,0,0,0,0,0,0,0,0,0,0,0,0,0,1,0,0,1,0
2023-02-11,RI,105,2023-06,Region 1,7.34,126057.16,2026-05-06T19:11:09Z,1.91,0,0,0,0,0,0,0,0,0,0,0,0,1,0,0,1,0,0,0,0,0,0,0,0,0,0,0,0,0,1,0,0,1,0
2023-02-18,RI,66,2023-07,Region 1,6.75,111381.75,2026-05-06T19:11:09Z,1.64,0,0,0,0,0,0,0,0,0,0,0,0,1,0,0,1,0,0,0,0,0,0,0,0,0,0,0,0,0,1,0,0,1,0
2023-02-25,RI,60,2023-08,Region 1,6.87,104245.38,2026-05-06T19:11:09Z,1.38,0,0,0,0,0,0,0,0,0,0,0,0,1,0,0,1,0,0,0,0,0,0,0,0,0,0,0,0,0,1,0,0,1,0
2023-03-04,RI,52,2023-09,Region 1,5.33,79939.34,2026-05-06T19:11:09Z,1.25,0,0,0,0,0,0,0,0,0,0,0,0,1,0,0,1,0,0,0,0,0,0,0,0,0,0,0,0,0,1,0,0,1,0
2023-03-11,RI,49,2023-10,Region 1,4.58,67880.18000000001,2026-05-06T19:11:09Z,0.91,0,0,0,0,0,0,0,0,0,0,0,0,1,0,0,1,0,0,0,0,0,0,0,0,0,0,0,0,0,1,0,0,1,0
2023-03-18,RI,43,2023-11,Region 1,4.57,60068.08,2026-05-06T19:11:09Z,0.8,0,0,0,0,0,0,0,0,0,0,0,0,1,0,0,1,0,0,0,0,0,0,0,0,0,0,0,0,0,1,0,0,1,0
2023-03-25,RI,37,2023-12,Region 1,4.24,55548.240000000005,2026-05-06T19:11:09Z,0.7,0,0,0,0,0,0,0,0,0,0,0,0,1,0,0,1,0,0,0,0,0,0,0,0,0,0,0,0,0,1,0,0,1,0
2023-04-01,RI,22,2023-13,Region 1,3.54,43120.74,2026-05-06T19:11:09Z,0.86,0,0,0,0,0,0,0,0,0,0,0,0,1,0,0,1,0,0,0,0,0,0,0,0,0,0,0,0,0,1,0,0,1,0
2023-04-08,RI,29,2023-14,Region 1,3.18,37342.740000000005,2026-05-06T19:11:09Z,0.57,0,0,0,0,0,0,0,0,0,0,0,0,1,0,0,1,0,0,0,0,0,0,0,0,0,0,0,0,0,1,0,0,1,0
2023-04-15,RI,39,2023-15,Region 1,2.94,31757.88,2026-05-06T19:11:09Z,0.6,0,0,0,0,0,0,0,0,0,0,0,0,1,0,0,1,0,0,0,0,0,0,0,0,0,0,0,0,0,1,0,0,1,0
2023-04-22,RI,26,2023-16,Region 1,2.98,26822.98,2026-05-06T19:11:09Z,0.41,0,0,0,0,0,0,0,0,0,0,0,0,1,0,0,1,0,0,0,0,0,0,0,0,0,0,0,0,0,1,0,0,1,0
2023-04-29,RI,16,2023-17,Region 1,2.94,24460.8,2026-05-06T19:11:09Z,0.34,0,0,0,0,0,0,0,0,0,0,0,0,1,0,0,1,0,0,0,0,0,0,0,0,0,0,0,0,0,1,0,0,1,0
2023-05-06,RI,14,2023-18,Region 1,3.27,18475.5,2026-05-06T19:11:09Z,0.33,0,0,0,0,0,0,0,0,0,0,0,0,1,0,0,1,0,0,0,0,0,0,0,0,0,0,0,0,0,1,0,0,1,0
2023-05-13,RI,10,2023-19,Region 1,3.31,16715.5,2026-05-06T19:11:09Z,0.35,0,0,0,0,0,0,0,0,0,0,0,0,1,0,0,1,0,0,0,0,0,0,0,0,0,0,0,0,0,1,0,0,1,0
2023-05-20,RI,15,2023-20,Region 1,4.18,18897.78,2026-05-06T19:11:09Z,0.41,0,0,0,0,0,0,0,0,0,0,0,0,1,0,0,1,0,0,0,0,0,0,0,0,0,0,0,0,0,1,0,0,1,0
2023-05-27,RI,24,2023-21,Region 1,4.86,21709.620000000003,2026-05-06T19:11:09Z,0.43,0,0,0,0,0,0,0,0,0,0,0,0,1,0,0,1,0,0,0,0,0,0,0,0,0,0,0,0,0,1,0,0,1,0
2023-06-03,RI,20,2023-22,Region 1,3.73,14103.13,2026-05-06T19:11:09Z,0.49,0,0,0,0,0,0,0,0,0,0,0,0,1,0,0,1,0,0,0,0,0,0,0,0,0,0,0,0,0,1,0,0,1,0
2023-06-10,RI,12,2023-23,Region 1,4.32,16182.720000000001,2026-05-06T19:11:09Z,0.41,0,0,0,0,0,0,0,0,0,0,0,0,1,0,0,1,0,0,0,0,0,0,0,0,0,0,0,0,0,1,0,0,1,0
2023-06-17,RI,20,2023-24,Region 1,3.24,11408.04,2026-05-06T19:11:09Z,0.47,0,0,0,0,0,0,0,0,0,0,0,0,1,0,0,1,0,0,0,0,0,0,0,0,0,0,0,0,0,1,0,0,1,0
2023-06-24,RI,18,2023-25,Region 1,3.35,9986.35,2026-05-06T19:11:09Z,0.43,0,0,0,0,0,0,0,0,0,0,0,0,1,0,0,1,0,0,0,0,0,0,0,0,0,0,0,0,0,1,0,0,1,0
2023-07-01,RI,11,2023-26,Region 1,3.8,9792.6,2026-05-06T19:11:09Z,0.36,0,0,0,0,0,0,0,0,0,0,0,0,1,0,0,1,0,0,0,0,0,0,0,0,0,0,0,0,0,1,0,0,1,0
2023-07-08,RI,16,2023-27,Region 1,4.77,11400.3,2026-05-06T19:11:09Z,0.33,0,0,0,0,0,0,0,0,0,0,0,0,1,0,0,1,0,0,0,0,0,0,0,0,0,0,0,0,0,1,0,0,1,0
2023-07-15,RI,11,2023-28,Region 1,6,15690,2026-05-06T19:11:09Z,0.34,0,0,0,0,0,0,0,0,0,0,0,0,1,0,0,1,0,0,0,0,0,0,0,0,0,0,0,0,0,1,0,0,1,0
2023-07-22,RI,9,2023-29,Region 1,5.97,14208.599999999999,2026-05-06T19:11:09Z,0.48,0,0,0,0,0,0,0,0,0,0,0,0,1,0,0,1,0,0,0,0,0,0,0,0,0,0,0,0,0,1,0,0,1,0
2023-07-29,RI,11,2023-30,Region 1,8.05,20994.4,2026-05-06T19:11:09Z,0.55,0,0,0,0,0,0,0,0,0,0,0,0,1,0,0,1,0,0,0,0,0,0,0,0,0,0,0,0,0,1,0,0,1,0
2023-08-05,RI,21,2023-31,Region 1,9.87,27211.589999999997,2026-05-06T19:11:09Z,0.56,0,0,0,0,0,0,0,0,0,0,0,0,1,0,0,1,0,0,0,0,0,0,0,0,0,0,0,0,0,1,0,0,1,0
2023-08-12,RI,16,2023-32,Region 1,10.66,34996.78,2026-05-06T19:11:09Z,0.74,0,0,0,0,0,0,0,0,0,0,0,0,1,0,0,1,0,0,0,0,0,0,0,0,0,0,0,0,0,1,0,0,1,0
2023-08-19,RI,29,2023-33,Region 1,10.03,37883.31,2026-05-06T19:11:09Z,0.85,0,0,0,0,0,0,0,0,0,0,0,0,1,0,0,1,0,0,0,0,0,0,0,0,0,0,0,0,0,1,0,0,1,0
2023-08-26,RI,34,2023-34,Region 1,11.03,41704.43,2026-05-06T19:11:09Z,1.41,0,0,0,0,0,0,0,0,0,0,0,0,1,0,0,1,0,0,0,0,0,0,0,0,0,0,0,0,0,1,0,0,1,0
2023-09-02,RI,40,2023-35,Region 1,12.93,51500.19,2026-05-06T19:11:09Z,1.49,0,0,0,0,0,0,0,0,0,0,0,0,1,0,0,1,0,0,0,0,0,0,0,0,0,0,0,0,0,1,0,0,1,0
2023-09-09,RI,45,2023-36,Region 1,13.36,62190.799999999996,2026-05-06T19:11:09Z,1.75,0,0,0,0,0,0,0,0,0,0,0,0,1,0,0,1,0,0,0,0,0,0,0,0,0,0,0,0,0,1,0,0,1,0
2023-09-16,RI,46,2023-37,Region 1,12.07,57694.6,2026-05-06T19:11:09Z,1.63,0,0,0,0,0,0,0,0,0,0,0,0,1,0,0,1,0,0,0,0,0,0,0,0,0,0,0,0,0,1,0,0,1,0
2023-09-23,RI,52,2023-38,Region 1,10.41,54277.74,2026-05-06T19:11:09Z,1.77,0,0,0,0,0,0,0,0,0,0,0,0,1,0,0,1,0,0,0,0,0,0,0,0,0,0,0,0,0,1,0,0,1,0
2023-09-30,RI,66,2023-39,Region 1,10.39,56978.76,2026-05-06T19:11:09Z,1.83,0,0,0,0,0,0,0,0,0,0,0,0,1,0,0,1,0,0,0,0,0,0,0,0,0,0,0,0,0,1,0,0,1,0
2023-10-07,RI,86,2023-40,Region 1,11.33,60876.090000000004,2026-05-06T19:11:09Z,1.68,0,0,0,0,0,0,0,0,0,0,0,0,1,0,0,1,0,0,0,0,0,0,0,0,0,0,0,0,0,1,0,0,1,0
2023-10-14,RI,55,2023-41,Region 1,9.68,50181.119999999995,2026-05-06T19:11:09Z,1.45,0,0,0,0,0,0,0,0,0,0,0,0,1,0,0,1,0,0,0,0,0,0,0,0,0,0,0,0,0,1,0,0,1,0
2023-10-21,RI,50,2023-42,Region 1,8.4,43990.8,2026-05-06T19:11:09Z,1.36,0,0,0,0,0,0,0,0,0,0,0,0,1,0,0,1,0,0,0,0,0,0,0,0,0,0,0,0,0,1,0,0,1,0
2023-10-28,RI,43,2023-43,Region 1,8.93,46114.52,2026-05-06T19:11:09Z,1.03,0,0,0,0,0,0,0,0,0,0,0,0,1,0,0,1,0,0,0,0,0,0,0,0,0,0,0,0,0,1,0,0,1,0
2023-11-04,RI,46,2023-44,Region 1,7.6,41990,2026-05-06T19:11:09Z,0.89,0,0,0,0,0,0,0,0,0,0,0,0,1,0,0,1,0,0,0,0,0,0,0,0,0,0,0,0,0,1,0,0,1,0
2023-11-11,RI,31,2023-45,Region 1,8.77,51295.729999999996,2026-05-06T19:11:09Z,1.03,0,0,0,0,0,0,0,0,0,0,0,0,1,0,0,1,0,0,0,0,0,0,0,0,0,0,0,0,0,1,0,0,1,0
2023-11-18,RI,38,2023-46,Region 1,8.45,52398.45,2026-05-06T19:11:09Z,1.3,0,0,0,0,0,0,0,0,0,0,0,0,1,0,0,1,0,0,0,0,0,0,0,0,0,0,0,0,0,1,0,0,1,0
2023-11-25,RI,44,2023-47,Region 1,10.34,62588.02,2026-05-06T19:11:09Z,1.59,0,0,0,0,0,0,0,0,0,0,0,0,1,0,0,1,0,0,0,0,0,0,0,0,0,0,0,0,0,1,0,0,1,0
2023-12-02,RI,51,2023-48,Region 1,11.54,81587.79999999999,2026-05-06T19:11:09Z,1.74,0,0,0,0,0,0,0,0,0,0,0,0,1,0,0,1,0,0,0,0,0,0,0,0,0,0,0,0,0,1,0,0,1,0
2023-12-09,RI,50,2023-49,Region 1,11.42,84199.66,2026-05-06T19:11:09Z,1.87,0,0,0,0,0,0,0,0,0,0,0,0,1,0,0,1,0,0,0,0,0,0,0,0,0,0,0,0,0,1,0,0,1,0
2023-12-16,RI,73,2023-50,Region 1,11.25,87693.75,2026-05-06T19:11:09Z,2.81,0,0,0,0,0,0,0,0,0,0,0,0,1,0,0,1,0,0,0,0,0,0,0,0,0,0,0,0,0,1,0,0,1,0
2023-12-23,RI,94,2023-51,Region 1,13.88,118507.44,2026-05-06T19:11:09Z,3.21,0,0,0,0,0,0,0,0,0,0,0,0,1,0,0,1,0,0,0,0,0,0,0,0,0,0,0,0,0,1,0,0,1,0
2023-12-30,RI,105,2023-52,Region 1,15.14,137955.68,2026-05-06T19:11:09Z,3.99,0,0,0,0,0,0,0,0,0,0,0,0,1,0,0,1,0,0,0,0,0,0,0,0,0,0,0,0,0,1,0,0,1,0
2024-01-06,RI,132,2024-01,Region 1,16.33,141287.15999999997,2026-05-06T19:11:09Z,3.63,0,0,0,0,0,0,0,0,0,0,0,0,1,0,0,1,0,0,0,0,0,0,0,0,0,0,0,0,0,1,0,0,1,0
2024-01-13,RI,115,2024-02,Region 1,14.9,113418.8,2026-05-06T19:11:09Z,3.02,0,0,0,0,0,0,0,0,0,0,0,0,1,0,0,1,0,0,0,0,0,0,0,0,0,0,0,0,0,1,0,0,1,0
2024-01-20,RI,83,2024-03,Region 1,13.1,78311.8,2026-05-06T19:11:09Z,2.46,0,0,0,0,0,0,0,0,0,0,0,0,1,0,0,1,0,0,0,0,0,0,0,0,0,0,0,0,0,1,0,0,1,0
2024-01-27,RI,76,2024-04,Region 1,11.94,69896.76,2026-05-06T19:11:09Z,2.23,0,0,0,0,0,0,0,0,0,0,0,0,1,0,0,1,0,0,0,0,0,0,0,0,0,0,0,0,0,1,0,0,1,0
2024-02-03,RI,56,2024-05,Region 1,9.56,58096.12,2026-05-06T19:11:09Z,1.71,0,0,0,0,0,0,0,0,0,0,0,0,1,0,0,1,0,0,0,0,0,0,0,0,0,0,0,0,0,1,0,0,1,0
2024-02-10,RI,54,2024-06,Region 1,8.85,55383.299999999996,2026-05-06T19:11:09Z,1.44,0,0,0,0,0,0,0,0,0,0,0,0,1,0,0,1,0,0,0,0,0,0,0,0,0,0,0,0,0,1,0,0,1,0
2024-02-17,RI,42,2024-07,Region 1,8.49,50829.630000000005,2026-05-06T19:11:09Z,1,0,0,0,0,0,0,0,0,0,0,0,0,1,0,0,1,0,0,0,0,0,0,0,0,0,0,0,0,0,1,0,0,1,0
2024-02-24,RI,40,2024-08,Region 1,7.06,40573.82,2026-05-06T19:11:09Z,0.98,0,0,0,0,0,0,0,0,0,0,0,0,1,0,0,1,0,0,0,0,0,0,0,0,0,0,0,0,0,1,0,0,1,0
2024-03-02,RI,17,2024-09,Region 1,6.32,34602,2026-05-06T19:11:09Z,0.69,0,0,0,0,0,0,0,0,0,0,0,0,1,0,0,1,0,0,0,0,0,0,0,0,0,0,0,0,0,1,0,0,1,0
2024-03-09,RI,31,2024-10,Region 1,5.38,28514,2026-05-06T19:11:09Z,0.6,0,0,0,0,0,0,0,0,0,0,0,0,1,0,0,1,0,0,0,0,0,0,0,0,0,0,0,0,0,1,0,0,1,0
2024-03-16,RI,16,2024-11,Region 1,4.55,22718.149999999998,2026-05-06T19:11:09Z,0.46,0,0,0,0,0,0,0,0,0,0,0,0,1,0,0,1,0,0,0,0,0,0,0,0,0,0,0,0,0,1,0,0,1,0
2024-03-23,RI,17,2024-12,Region 1,3.77,17707.69,2026-05-06T19:11:09Z,0.38,0,0,0,0,0,0,0,0,0,0,0,0,1,0,0,1,0,0,0,0,0,0,0,0,0,0,0,0,0,1,0,0,1,0
2024-03-30,RI,18,2024-13,Region 1,3.94,18100.36,2026-05-06T19:11:09Z,0.44,0,0,0,0,0,0,0,0,0,0,0,0,1,0,0,1,0,0,0,0,0,0,0,0,0,0,0,0,0,1,0,0,1,0
2024-04-06,RI,26,2024-14,Region 1,3.4,15589,2026-05-06T19:11:09Z,0.43,0,0,0,0,0,0,0,0,0,0,0,0,1,0,0,1,0,0,0,0,0,0,0,0,0,0,0,0,0,1,0,0,1,0
2024-04-13,RI,22,2024-15,Region 1,3.41,14478.86,2026-05-06T19:11:09Z,0.29,0,0,0,0,0,0,0,0,0,0,0,0,1,0,0,1,0,0,0,0,0,0,0,0,0,0,0,0,0,1,0,0,1,0
2024-04-20,RI,19,2024-16,Region 1,2.88,10503.359999999999,2026-05-06T19:11:09Z,0.2,0,0,0,0,0,0,0,0,0,0,0,0,1,0,0,1,0,0,0,0,0,0,0,0,0,0,0,0,0,1,0,0,1,0
2024-04-27,RI,17,2024-17,Region 1,3.34,12782.18,2026-05-06T19:11:09Z,0.22,0,0,0,0,0,0,0,0,0,0,0,0,1,0,0,1,0,0,0,0,0,0,0,0,0,0,0,0,0,1,0,0,1,0
2022-10-01,SC,279,2022-39,Region 4,5.27,64246.56999999999,2026-05-06T19:11:09Z,1.39,0,0,0,0,0,0,0,0,0,0,0,0,1,0,0,0.9856584869847184,0,0,0,0,0,0,0,0,0,0,0,0,0,1,0,0,0.9523809523809524,0
2022-10-08,SC,277,2022-40,Region 4,4.56,58564.079999999994,2026-05-06T19:11:09Z,1.25,0,0,0,0,0,0,0,0,0,0,0,0,1,0,0,0.9856584869847184,0,0,0,0,0,0,0,0,0,0,0,0,0,1,0,0,0.9523809523809524,0
2022-10-15,SC,227,2022-41,Region 4,4.85,56526.74999999999,2026-05-06T19:11:09Z,1.3,0,0,0,0,0,0,0,0,0,0,0,0,1,0,0,0.9856584869847184,0,0,0,0,0,0,0,0,0,0,0,0,0,1,0,0,0.9523809523809524,0
2022-10-22,SC,216,2022-42,Region 4,4.03,52394.030000000006,2026-05-06T19:11:09Z,1.02,0,0,0,0,0,0,0,0,0,0,0,0,1,0,0,0.9856584869847184,0,0,0,0,0,0,0,0,0,0,0,0,0,1,0,0,0.9523809523809524,0
2022-10-29,SC,253,2022-43,Region 4,4.31,58887.52999999999,2026-05-06T19:11:09Z,1.32,0,0,0,0,0,0,0,0,0,0,0,0,1,0,0,0.9856584869847184,0,0,0,0,0,0,0,0,0,0,0,0,0,1,0,0,0.9523809523809524,0
2022-11-05,SC,243,2022-44,Region 4,3.9,61230,2026-05-06T19:11:09Z,1.25,0,0,0,0,0,0,0,0,0,0,0,0,1,0,0,0.9856584869847184,0,0,0,0,0,0,0,0,0,0,0,0,0,1,0,0,0.9523809523809524,0
2022-11-12,SC,263,2022-45,Region 4,3.82,55321.24,2026-05-06T19:11:09Z,1.16,0,0,0,0,0,0,0,0,0,0,0,0,1,0,0,0.9856584869847184,0,0,0,0,0,0,0,0,0,0,0,0,0,1,0,0,0.9523809523809524,0
2022-11-19,SC,204,2022-46,Region 4,4.13,55288.31,2026-05-06T19:11:09Z,1.17,0,0,0,0,0,0,0,0,0,0,0,0,1,0,0,0.9856584869847184,0,0,0,0,0,0,0,0,0,0,0,0,0,1,0,0,0.9523809523809524,0
2022-11-26,SC,213,2022-47,Region 4,5.28,61644,2026-05-06T19:11:09Z,1.67,0,0,0,0,0,0,0,0,0,0,0,0,1,0,0,0.9856584869847184,0,0,0,0,0,0,0,0,0,0,0,0,0,1,0,0,0.9523809523809524,0
2022-12-03,SC,319,2022-48,Region 4,7.55,97455.4,2026-05-06T19:11:09Z,2.49,0,0,0,0,0,0,0,0,0,0,0,0,1,0,0,0.9856584869847184,0,0,0,0,0,0,0,0,0,0,0,0,0,1,0,0,0.9523809523809524,0
2022-12-10,SC,366,2022-49,Region 4,8.38,101909.18000000001,2026-05-06T19:11:09Z,2.91,0,0,0,0,0,0,0,0,0,0,0,0,1,0,0,0.9856584869847184,0,0,0,0,0,0,0,0,0,0,0,0,0,1,0,0,0.9523809523809524,0
2022-12-17,SC,427,2022-50,Region 4,10.21,118190.96,2026-05-06T19:11:09Z,3.59,0,0,0,0,0,0,0,0,0,0,0,0,1,0,0,0.9856584869847184,0,0,0,0,0,0,0,0,0,0,0,0,0,1,0,0,0.9523809523809524,0
2022-12-24,SC,574,2022-51,Region 4,11.52,119589.12,2026-05-06T19:11:09Z,4.67,0,0,0,0,0,0,0,0,0,0,0,0,1,0,0,0.9856584869847184,0,0,0,0,0,0,0,0,0,0,0,0,0,1,0,0,0.9523809523809524,0
2022-12-31,SC,792,2022-52,Region 4,14.04,149399.63999999998,2026-05-06T19:11:09Z,5.82,0,0,0,0,0,0,0,0,0,0,0,0,1,0,0,0.9856584869847184,0,0,0,0,0,0,0,0,0,0,0,0,0,1,0,0,0.9523809523809524,0
2023-01-07,SC,856,2023-01,Region 4,13.55,147139.45,2026-05-06T19:11:09Z,4.88,0,0,0,0,0,0,0,0,0,0,0,0,1,0,0,0.9856584869847184,0,0,0,0,0,0,0,0,0,0,0,0,0,1,0,0,0.9523809523809524,0
2023-01-14,SC,618,2023-02,Region 4,10.19,121373.09,2026-05-06T19:11:09Z,3.54,0,0,0,0,0,0,0,0,0,0,0,0,1,0,0,0.9856584869847184,0,0,0,0,0,0,0,0,0,0,0,0,0,1,0,0,0.9523809523809524,0
2023-01-21,SC,517,2023-03,Region 4,10.69,112565.7,2026-05-06T19:11:09Z,3,0,0,0,0,0,0,0,0,0,0,0,0,1,0,0,0.9856584869847184,0,0,0,0,0,0,0,0,0,0,0,0,0,1,0,0,0.9523809523809524,0
2023-01-28,SC,422,2023-04,Region 4,9.37,106461.93999999999,2026-05-06T19:11:09Z,2.47,0,0,0,0,0,0,0,0,0,0,0,0,1,0,0,0.9856584869847184,0,0,0,0,0,0,0,0,0,0,0,0,0,1,0,0,0.9523809523809524,0
2023-02-04,SC,393,2023-05,Region 4,9.03,104142.98999999999,2026-05-06T19:11:09Z,2.5,0,0,0,0,0,0,0,0,0,0,0,0,1,0,0,0.9856584869847184,0,0,0,0,0,0,0,0,0,0,0,0,0,1,0,0,0.9523809523809524,0
2023-02-11,SC,330,2023-06,Region 4,8.67,102514.08,2026-05-06T19:11:09Z,2.11,0,0,0,0,0,0,0,0,0,0,0,0,1,0,0,0.9856584869847184,0,0,0,0,0,0,0,0,0,0,0,0,0,1,0,0,0.9523809523809524,0
2023-02-18,SC,290,2023-07,Region 4,7.72,85136.16,2026-05-06T19:11:09Z,1.64,0,0,0,0,0,0,0,0,0,0,0,0,1,0,0,0.9856584869847184,0,0,0,0,0,0,0,0,0,0,0,0,0,1,0,0,0.9523809523809524,0
2023-02-25,SC,274,2023-08,Region 4,6.2,65069,2026-05-06T19:11:09Z,1.45,0,0,0,0,0,0,0,0,0,0,0,0,1,0,0,0.9856584869847184,0,0,0,0,0,0,0,0,0,0,0,0,0,1,0,0,0.9523809523809524,0
2023-03-04,SC,219,2023-09,Region 4,5.22,47945.7,2026-05-06T19:11:09Z,1.35,0,0,0,0,0,0,0,0,0,0,0,0,1,0,0,0.9856584869847184,0,0,0,0,0,0,0,0,0,0,0,0,0,1,0,0,0.9523809523809524,0
2023-03-11,SC,177,2023-10,Region 4,5.02,43116.78,2026-05-06T19:11:09Z,0.95,0,0,0,0,0,0,0,0,0,0,0,0,1,0,0,0.9856584869847184,0,0,0,0,0,0,0,0,0,0,0,0,0,1,0,0,0.9523809523809524,0
2023-03-18,SC,161,2023-11,Region 4,3.96,33184.8,2026-05-06T19:11:09Z,0.87,0,0,0,0,0,0,0,0,0,0,0,0,1,0,0,0.9856584869847184,0,0,0,0,0,0,0,0,0,0,0,0,0,1,0,0,0.9523809523809524,0
2023-03-25,SC,184,2023-12,Region 4,4.84,40670.52,2026-05-06T19:11:09Z,0.91,0,0,0,0,0,0,0,0,0,0,0,0,1,0,0,0.9856584869847184,0,0,0,0,0,0,0,0,0,0,0,0,0,1,0,0,0.9523809523809524,0
2023-04-01,SC,132,2023-13,Region 4,3.79,25897.07,2026-05-06T19:11:09Z,0.84,0,0,0,0,0,0,0,0,0,0,0,0,1,0,0,0.9856584869847184,0,0,0,0,0,0,0,0,0,0,0,0,0,1,0,0,0.9523809523809524,0
2023-04-08,SC,150,2023-14,Region 4,4.8,32630.399999999998,2026-05-06T19:11:09Z,0.8,0,0,0,0,0,0,0,0,0,0,0,0,1,0,0,0.9856584869847184,0,0,0,0,0,0,0,0,0,0,0,0,0,1,0,0,0.9523809523809524,0
2023-04-15,SC,124,2023-15,Region 4,4.62,30903.18,2026-05-06T19:11:09Z,0.65,0,0,0,0,0,0,0,0,0,0,0,0,1,0,0,0.9856584869847184,0,0,0,0,0,0,0,0,0,0,0,0,0,1,0,0,0.9523809523809524,0
2023-04-22,SC,102,2023-16,Region 4,4.32,26676,2026-05-06T19:11:09Z,0.71,0,0,0,0,0,0,0,0,0,0,0,0,1,0,0,0.9856584869847184,0,0,0,0,0,0,0,0,0,0,0,0,0,1,0,0,0.9523809523809524,0
2023-04-29,SC,111,2023-17,Region 4,4.32,27591.84,2026-05-06T19:11:09Z,0.6,0,0,0,0,0,0,0,0,0,0,0,0,1,0,0,0.9856584869847184,0,0,0,0,0,0,0,0,0,0,0,0,0,1,0,0,0.9523809523809524,0
2023-05-06,SC,88,2023-18,Region 4,4.56,25504.079999999998,2026-05-06T19:11:09Z,0.61,0,0,0,0,0,0,0,0,0,0,0,0,1,0,0,0.9856584869847184,0,0,0,0,0,0,0,0,0,0,0,0,0,1,0,0,0.9523809523809524,0
2023-05-13,SC,94,2023-19,Region 4,3.72,24697.08,2026-05-06T19:11:09Z,0.64,0,0,0,0,0,0,0,0,0,0,0,0,1,0,0,0.9856584869847184,0,0,0,0,0,0,0,0,0,0,0,0,0,1,0,0,0.9523809523809524,0
2023-05-20,SC,86,2023-20,Region 4,3.64,22389.64,2026-05-06T19:11:09Z,0.6,0,0,0,0,0,0,0,0,0,0,0,0,1,0,0,0.9856584869847184,0,0,0,0,0,0,0,0,0,0,0,0,0,1,0,0,0.9523809523809524,0
2023-05-27,SC,81,2023-21,Region 4,4.3,22394.399999999998,2026-05-06T19:11:09Z,0.6,0,0,0,0,0,0,0,0,0,0,0,0,1,0,0,0.9856584869847184,0,0,0,0,0,0,0,0,0,0,0,0,0,1,0,0,0.9523809523809524,0
2023-06-03,SC,84,2023-22,Region 4,3.4,17724.2,2026-05-06T19:11:09Z,0.65,0,0,0,0,0,0,0,0,0,0,0,0,1,0,0,0.9856584869847184,0,0,0,0,0,0,0,0,0,0,0,0,0,1,0,0,0.9523809523809524,0
2023-06-10,SC,91,2023-23,Region 4,4.08,20102.16,2026-05-06T19:11:09Z,0.63,0,0,0,0,0,0,0,0,0,0,0,0,1,0,0,0.9856584869847184,0,0,0,0,0,0,0,0,0,0,0,0,0,1,0,0,0.9523809523809524,0
2023-06-17,SC,76,2023-24,Region 4,4.07,17692.29,2026-05-06T19:11:09Z,0.59,0,0,0,0,0,0,0,0,0,0,0,0,1,0,0,0.9856584869847184,0,0,0,0,0,0,0,0,0,0,0,0,0,1,0,0,0.9523809523809524,0
2023-06-24,SC,53,2023-25,Region 4,4.27,18100.53,2026-05-06T19:11:09Z,0.6,0,0,0,0,0,0,0,0,0,0,0,0,1,0,0,0.9856584869847184,0,0,0,0,0,0,0,0,0,0,0,0,0,1,0,0,0.9523809523809524,0
2023-07-01,SC,79,2023-26,Region 4,5,18195,2026-05-06T19:11:09Z,0.53,0,0,0,0,0,0,0,0,0,0,0,0,1,0,0,0.9856584869847184,0,0,0,0,0,0,0,0,0,0,0,0,0,1,0,0,0.9523809523809524,0
2023-07-08,SC,73,2023-27,Region 4,5.97,20089.05,2026-05-06T19:11:09Z,0.75,0,0,0,0,0,0,0,0,0,0,0,0,1,0,0,0.9856584869847184,0,0,0,0,0,0,0,0,0,0,0,0,0,1,0,0,0.9523809523809524,0
2023-07-15,SC,84,2023-28,Region 4,6.38,21806.84,2026-05-06T19:11:09Z,0.78,0,0,0,0,0,0,0,0,0,0,0,0,1,0,0,0.9856584869847184,0,0,0,0,0,0,0,0,0,0,0,0,0,1,0,0,0.9523809523809524,0
2023-07-22,SC,100,2023-29,Region 4,8.78,33609.84,2026-05-06T19:11:09Z,0.97,0,0,0,0,0,0,0,0,0,0,0,0,1,0,0,0.9856584869847184,0,0,0,0,0,0,0,0,0,0,0,0,0,1,0,0,0.9523809523809524,0
2023-07-29,SC,109,2023-30,Region 4,10.16,51612.8,2026-05-06T19:11:09Z,1.31,0,0,0,0,0,0,0,0,0,0,0,0,1,0,0,0.9856584869847184,0,0,0,0,0,0,0,0,0,0,0,0,0,1,0,0,0.9523809523809524,0
2023-08-05,SC,164,2023-31,Region 4,11,52019,2026-05-06T19:11:09Z,2.02,0,0,0,0,0,0,0,0,0,0,0,0,1,0,0,0.9856584869847184,0,0,0,0,0,0,0,0,0,0,0,0,0,1,0,0,0.9523809523809524,0
2023-08-12,SC,249,2023-32,Region 4,12.55,60478.450000000004,2026-05-06T19:11:09Z,2.61,0,0,0,0,0,0,0,0,0,0,0,0,1,0,0,0.9856584869847184,0,0,0,0,0,0,0,0,0,0,0,0,0,1,0,0,0.9523809523809524,0
2023-08-19,SC,246,2023-33,Region 4,14.32,78917.52,2026-05-06T19:11:09Z,3.21,0,0,0,0,0,0,0,0,0,0,0,0,1,0,0,0.9856584869847184,0,0,0,0,0,0,0,0,0,0,0,0,0,1,0,0,0.9523809523809524,0
2023-08-26,SC,322,2023-34,Region 4,16.17,136992.24000000002,2026-05-06T19:11:09Z,3.94,0,0,0,0,0,0,0,0,0,0,0,0,1,0,0,0.9856584869847184,0,0,0,0,0,0,0,0,0,0,0,0,0,1,0,0,0.9523809523809524,0
2023-09-02,SC,361,2023-35,Region 4,12.35,96120.05,2026-05-06T19:11:09Z,4.05,0,0,0,0,0,0,0,0,0,0,0,0,1,0,0,0.9856584869847184,0,0,0,0,0,0,0,0,0,0,0,0,0,1,0,0,0.9523809523809524,0
2023-09-09,SC,378,2023-36,Region 4,13.49,104088.84,2026-05-06T19:11:09Z,3.57,0,0,0,0,0,0,0,0,0,0,0,0,1,0,0,0.9856584869847184,0,0,0,0,0,0,0,0,0,0,0,0,0,1,0,0,0.9523809523809524,0
2023-09-16,SC,352,2023-37,Region 4,11.63,92307.31000000001,2026-05-06T19:11:09Z,2.76,0,0,0,0,0,0,0,0,0,0,0,0,1,0,0,0.9856584869847184,0,0,0,0,0,0,0,0,0,0,0,0,0,1,0,0,0.9523809523809524,0
2023-09-23,SC,304,2023-38,Region 4,9.42,80465.64,2026-05-06T19:11:09Z,2.34,0,0,0,0,0,0,0,0,0,0,0,0,1,0,0,0.9856584869847184,0,0,0,0,0,0,0,0,0,0,0,0,0,1,0,0,0.9523809523809524,0
2023-09-30,SC,265,2023-39,Region 4,8.57,71208.13,2026-05-06T19:11:09Z,1.98,0,0,0,0,0,0,0,0,0,0,0,0,1,0,0,0.9856584869847184,0,0,0,0,0,0,0,0,0,0,0,0,0,1,0,0,0.9523809523809524,0
2023-10-07,SC,258,2023-40,Region 4,7.52,56994.079999999994,2026-05-06T19:11:09Z,1.78,0,0,0,0,0,0,0,0,0,0,0,0,1,0,0,0.9856584869847184,0,0,0,0,0,0,0,0,0,0,0,0,0,1,0,0,0.9523809523809524,0
2023-10-14,SC,238,2023-41,Region 4,7.03,51972.79,2026-05-06T19:11:09Z,1.6,0,0,0,0,0,0,0,0,0,0,0,0,1,0,0,0.9856584869847184,0,0,0,0,0,0,0,0,0,0,0,0,0,1,0,0,0.9523809523809524,0
2023-10-21,SC,205,2023-42,Region 4,7.86,56371.920000000006,2026-05-06T19:11:09Z,1.36,0,0,0,0,0,0,0,0,0,0,0,0,1,0,0,0.9856584869847184,0,0,0,0,0,0,0,0,0,0,0,0,0,1,0,0,0.9523809523809524,0
2023-10-28,SC,210,2023-43,Region 4,6.94,54895.4,2026-05-06T19:11:09Z,1.23,0,0,0,0,0,0,0,0,0,0,0,0,1,0,0,0.9856584869847184,0,0,0,0,0,0,0,0,0,0,0,0,0,1,0,0,0.9523809523809524,0
2023-11-04,SC,199,2023-44,Region 4,6.71,54478.49,2026-05-06T19:11:09Z,1.38,0,0,0,0,0,0,0,0,0,0,0,0,1,0,0,0.9856584869847184,0,0,0,0,0,0,0,0,0,0,0,0,0,1,0,0,0.9523809523809524,0
2023-11-11,SC,215,2023-45,Region 4,6.93,62065.079999999994,2026-05-06T19:11:09Z,1.57,0,0,0,0,0,0,0,0,0,0,0,0,1,0,0,0.9856584869847184,0,0,0,0,0,0,0,0,0,0,0,0,0,1,0,0,0.9523809523809524,0
2023-11-18,SC,230,2023-46,Region 4,7.42,60806.9,2026-05-06T19:11:09Z,1.43,0,0,0,0,0,0,0,0,0,0,0,0,1,0,0,0.9856584869847184,0,0,0,0,0,0,0,0,0,0,0,0,0,1,0,0,0.9523809523809524,0
2023-11-25,SC,243,2023-47,Region 4,7.28,60809.840000000004,2026-05-06T19:11:09Z,1.54,0,0,0,0,0,0,0,0,0,0,0,0,1,0,0,0.9856584869847184,0,0,0,0,0,0,0,0,0,0,0,0,0,1,0,0,0.9523809523809524,0
2023-12-02,SC,249,2023-48,Region 4,7.1,69466.4,2026-05-06T19:11:09Z,1.62,0,0,0,0,0,0,0,0,0,0,0,0,1,0,0,0.9856584869847184,0,0,0,0,0,0,0,0,0,0,0,0,0,1,0,0,0.9523809523809524,0
2023-12-09,SC,246,2023-49,Region 4,7.24,77815.52,2026-05-06T19:11:09Z,1.66,0,0,0,0,0,0,0,0,0,0,0,0,1,0,0,0.9856584869847184,0,0,0,0,0,0,0,0,0,0,0,0,0,1,0,0,0.9523809523809524,0
2023-12-16,SC,259,2023-50,Region 4,7.39,88546.98,2026-05-06T19:11:09Z,1.92,0,0,0,0,0,0,0,0,0,0,0,0,1,0,0,0.9856584869847184,0,0,0,0,0,0,0,0,0,0,0,0,0,1,0,0,0.9523809523809524,0
2023-12-23,SC,389,2023-51,Region 4,8.73,104725.08,2026-05-06T19:11:09Z,2.69,0,0,0,0,0,0,0,0,0,0,0,0,1,0,0,0.9856584869847184,0,0,0,0,0,0,0,0,0,0,0,0,0,1,0,0,0.9523809523809524,0
2023-12-30,SC,485,2023-52,Region 4,9.71,134901.03,2026-05-06T19:11:09Z,3.22,0,0,0,0,0,0,0,0,0,0,0,0,1,0,0,0.9856584869847184,0,0,0,0,0,0,0,0,0,0,0,0,0,1,0,0,0.9523809523809524,0
2024-01-06,SC,542,2024-01,Region 4,10.68,130605.72,2026-05-06T19:11:09Z,3.23,0,0,0,0,0,0,0,0,0,0,0,0,1,0,0,0.9856584869847184,0,0,0,0,0,0,0,0,0,0,0,0,0,1,0,0,0.9523809523809524,0
2024-01-13,SC,461,2024-02,Region 4,11.05,119549.95000000001,2026-05-06T19:11:09Z,2.98,0,0,0,0,0,0,0,0,0,0,0,0,1,0,0,0.9856584869847184,0,0,0,0,0,0,0,0,0,0,0,0,0,1,0,0,0.9523809523809524,0
2024-01-20,SC,402,2024-03,Region 4,11.23,107392.49,2026-05-06T19:11:09Z,2.79,0,0,0,0,0,0,0,0,0,0,0,0,1,0,0,0.9856584869847184,0,0,0,0,0,0,0,0,0,0,0,0,0,1,0,0,0.9523809523809524,0
2024-01-27,SC,416,2024-04,Region 4,11.38,120810.08,2026-05-06T19:11:09Z,3.11,0,0,0,0,0,0,0,0,0,0,0,0,1,0,0,0.9856584869847184,0,0,0,0,0,0,0,0,0,0,0,0,0,1,0,0,0.9523809523809524,0
2024-02-03,SC,383,2024-05,Region 4,11.9,121451.40000000001,2026-05-06T19:11:09Z,3.1,0,0,0,0,0,0,0,0,0,0,0,0,1,0,0,0.9856584869847184,0,0,0,0,0,0,0,0,0,0,0,0,0,1,0,0,0.9523809523809524,0
2024-02-10,SC,415,2024-06,Region 4,12.1,125682.7,2026-05-06T19:11:09Z,3.23,0,0,0,0,0,0,0,0,0,0,0,0,1,0,0,0.9856584869847184,0,0,0,0,0,0,0,0,0,0,0,0,0,1,0,0,0.9523809523809524,0
2024-02-17,SC,399,2024-07,Region 4,11.13,111133.05,2026-05-06T19:11:09Z,2.95,0,0,0,0,0,0,0,0,0,0,0,0,1,0,0,0.9856584869847184,0,0,0,0,0,0,0,0,0,0,0,0,0,1,0,0,0.9523809523809524,0
2024-02-24,SC,361,2024-08,Region 4,10.37,102580.04,2026-05-06T19:11:09Z,2.63,0,0,0,0,0,0,0,0,0,0,0,0,1,0,0,0.9856584869847184,0,0,0,0,0,0,0,0,0,0,0,0,0,1,0,0,0.9523809523809524,0
2024-03-02,SC,361,2024-09,Region 4,9.47,88184.64,2026-05-06T19:11:09Z,2.09,0,0,0,0,0,0,0,0,0,0,0,0,1,0,0,0.9856584869847184,0,0,0,0,0,0,0,0,0,0,0,0,0,1,0,0,0.9523809523809524,0
2024-03-09,SC,323,2024-10,Region 4,7.9,66265.2,2026-05-06T19:11:09Z,1.6,0,0,0,0,0,0,0,0,0,0,0,0,1,0,0,0.9856584869847184,0,0,0,0,0,0,0,0,0,0,0,0,0,1,0,0,0.9523809523809524,0
2024-03-16,SC,231,2024-11,Region 4,5.68,43202.079999999994,2026-05-06T19:11:09Z,1.17,0,0,0,0,0,0,0,0,0,0,0,0,1,0,0,0.9856584869847184,0,0,0,0,0,0,0,0,0,0,0,0,0,1,0,0,0.9523809523809524,0
2024-03-23,SC,180,2024-12,Region 4,4.9,36015,2026-05-06T19:11:09Z,0.81,0,0,0,0,0,0,0,0,0,0,0,0,1,0,0,0.9856584869847184,0,0,0,0,0,0,0,0,0,0,0,0,0,1,0,0,0.9523809523809524,0
2024-03-30,SC,175,2024-13,Region 4,5.39,34269.619999999995,2026-05-06T19:11:09Z,0.81,0,0,0,0,0,0,0,0,0,0,0,0,1,0,0,0.9856584869847184,0,0,0,0,0,0,0,0,0,0,0,0,0,1,0,0,0.9523809523809524,0
2024-04-06,SC,112,2024-14,Region 4,4.37,27115.850000000002,2026-05-06T19:11:09Z,0.61,0,0,0,0,0,0,0,0,0,0,0,0,1,0,0,0.9856584869847184,0,0,0,0,0,0,0,0,0,0,0,0,0,1,0,0,0.9523809523809524,0
2024-04-13,SC,109,2024-15,Region 4,3.76,21522.239999999998,2026-05-06T19:11:09Z,0.51,0,0,0,0,0,0,0,0,0,0,0,0,1,0,0,0.9856584869847184,0,0,0,0,0,0,0,0,0,0,0,0,0,1,0,0,0.9523809523809524,0
2024-04-20,SC,71,2024-16,Region 4,3.36,16615.2,2026-05-06T19:11:09Z,0.41,0,0,0,0,0,0,0,0,0,0,0,0,1,0,0,0.9856584869847184,0,0,0,0,0,0,0,0,0,0,0,0,0,1,0,0,0.9523809523809524,0
2024-04-27,SC,63,2024-17,Region 4,3.1,15190,2026-05-06T19:11:09Z,0.35,0,0,0,0,0,0,0,0,0,0,0,0,1,0,0,0.9856584869847184,0,0,0,0,0,0,0,0,0,0,0,0,0,1,0,0,0.9523809523809524,0
2022-10-01,SD,72,2022-39,Region 8,6.41,100752.38,2026-05-06T19:11:09Z,1.43,0,0,0,0,0,0,0,0,0,0,0,0,1,0,0,1,0,0,0,0,0,0,0,0,0,0,0,0,0,1,0,0,1,0
2022-10-08,SD,75,2022-40,Region 8,6.19,88331.3,2026-05-06T19:11:09Z,1.27,0,0,0,0,0,0,0,0,0,0,0,0,1,0,0,1,0,0,0,0,0,0,0,0,0,0,0,0,0,1,0,0,1,0
2022-10-15,SD,64,2022-41,Region 8,8.49,114648.96,2026-05-06T19:11:09Z,1.05,0,0,0,0,0,0,0,0,0,0,0,0,1,0,0,1,0,0,0,0,0,0,0,0,0,0,0,0,0,1,0,0,1,0
2022-10-22,SD,62,2022-42,Region 8,7.33,91559.03,2026-05-06T19:11:09Z,1.28,0,0,0,0,0,0,0,0,0,0,0,0,1,0,0,1,0,0,0,0,0,0,0,0,0,0,0,0,0,1,0,0,1,0
2022-10-29,SD,59,2022-43,Region 8,8.14,93325.1,2026-05-06T19:11:09Z,1.89,0,0,0,0,0,0,0,0,0,0,0,0,1,0,0,1,0,0,0,0,0,0,0,0,0,0,0,0,0,1,0,0,1,0
2022-11-05,SD,83,2022-44,Region 8,9.67,106360.33,2026-05-06T19:11:09Z,2.04,0,0,0,0,0,0,0,0,0,0,0,0,1,0,0,1,0,0,0,0,0,0,0,0,0,0,0,0,0,1,0,0,1,0
2022-11-12,SD,86,2022-45,Region 8,10.76,118994.84,2026-05-06T19:11:09Z,2.02,0,0,0,0,0,0,0,0,0,0,0,0,1,0,0,1,0,0,0,0,0,0,0,0,0,0,0,0,0,1,0,0,1,0
2022-11-19,SD,96,2022-46,Region 8,9.69,126939,2026-05-06T19:11:09Z,1.78,0,0,0,0,0,0,0,0,0,0,0,0,1,0,0,1,0,0,0,0,0,0,0,0,0,0,0,0,0,1,0,0,1,0
2022-11-26,SD,73,2022-47,Region 8,10.66,122952.44,2026-05-06T19:11:09Z,1.95,0,0,0,0,0,0,0,0,0,0,0,0,1,0,0,1,0,0,0,0,0,0,0,0,0,0,0,0,0,1,0,0,1,0
2022-12-03,SD,83,2022-48,Region 8,10.39,145304.15,2026-05-06T19:11:09Z,1.66,0,0,0,0,0,0,0,0,0,0,0,0,1,0,0,1,0,0,0,0,0,0,0,0,0,0,0,0,0,1,0,0,1,0
2022-12-10,SD,72,2022-49,Region 8,8.69,116915.26,2026-05-06T19:11:09Z,1.62,0,0,0,0,0,0,0,0,0,0,0,0,1,0,0,1,0,0,0,0,0,0,0,0,0,0,0,0,0,1,0,0,1,0
2022-12-17,SD,79,2022-50,Region 8,7.94,100441,2026-05-06T19:11:09Z,1.58,0,0,0,0,0,0,0,0,0,0,0,0,1,0,0,1,0,0,0,0,0,0,0,0,0,0,0,0,0,1,0,0,1,0
2022-12-24,SD,79,2022-51,Region 8,8.56,83297.36,2026-05-06T19:11:09Z,1.54,0,0,0,0,0,0,0,0,0,0,0,0,1,0,0,1,0,0,0,0,0,0,0,0,0,0,0,0,0,1,0,0,1,0
2022-12-31,SD,58,2022-52,Region 8,7.72,75123.31999999999,2026-05-06T19:11:09Z,1.04,0,0,0,0,0,0,0,0,0,0,0,0,1,0,0,1,0,0,0,0,0,0,0,0,0,0,0,0,0,1,0,0,1,0
2023-01-07,SD,55,2023-01,Region 8,7.05,61158.75,2026-05-06T19:11:09Z,0.93,0,0,0,0,0,0,0,0,0,0,0,0,1,0,0,1,0,0,0,0,0,0,0,0,0,0,0,0,0,1,0,0,1,0
2023-01-14,SD,49,2023-02,Region 8,5.74,47263.16,2026-05-06T19:11:09Z,1.02,0,0,0,0,0,0,0,0,0,0,0,0,1,0,0,1,0,0,0,0,0,0,0,0,0,0,0,0,0,1,0,0,1,0
2023-01-21,SD,50,2023-03,Region 8,6.57,52185.51,2026-05-06T19:11:09Z,1.27,0,0,0,0,0,0,0,0,0,0,0,0,1,0,0,1,0,0,0,0,0,0,0,0,0,0,0,0,0,1,0,0,1,0
2023-01-28,SD,68,2023-04,Region 8,7.26,52206.659999999996,2026-05-06T19:11:09Z,1.32,0,0,0,0,0,0,0,0,0,0,0,0,1,0,0,1,0,0,0,0,0,0,0,0,0,0,0,0,0,1,0,0,1,0
2023-02-04,SD,76,2023-05,Region 8,7.67,51028.51,2026-05-06T19:11:09Z,1.36,0,0,0,0,0,0,0,0,0,0,0,0,1,0,0,1,0,0,0,0,0,0,0,0,0,0,0,0,0,1,0,0,1,0
2023-02-11,SD,95,2023-06,Region 8,9.34,62587.34,2026-05-06T19:11:09Z,2.05,0,0,0,0,0,0,0,0,0,0,0,0,1,0,0,1,0,0,0,0,0,0,0,0,0,0,0,0,0,1,0,0,1,0
2023-02-18,SD,90,2023-07,Region 8,8.49,56483.97,2026-05-06T19:11:09Z,1.78,0,0,0,0,0,0,0,0,0,0,0,0,1,0,0,1,0,0,0,0,0,0,0,0,0,0,0,0,0,1,0,0,1,0
2023-02-25,SD,79,2023-08,Region 8,8.89,53082.19,2026-05-06T19:11:09Z,2.1,0,0,0,0,0,0,0,0,0,0,0,0,1,0,0,1,0,0,0,0,0,0,0,0,0,0,0,0,0,1,0,0,1,0
2023-03-04,SD,94,2023-09,Region 8,7.73,45722.950000000004,2026-05-06T19:11:09Z,1.46,0,0,0,0,0,0,0,0,0,0,0,0,1,0,0,1,0,0,0,0,0,0,0,0,0,0,0,0,0,1,0,0,1,0
2023-03-11,SD,76,2023-10,Region 8,7.84,44695.84,2026-05-06T19:11:09Z,0.9,0,0,0,0,0,0,0,0,0,0,0,0,1,0,0,1,0,0,0,0,0,0,0,0,0,0,0,0,0,1,0,0,1,0
2023-03-18,SD,45,2023-11,Region 8,7.15,40898,2026-05-06T19:11:09Z,1.16,0,0,0,0,0,0,0,0,0,0,0,0,1,0,0,1,0,0,0,0,0,0,0,0,0,0,0,0,0,1,0,0,1,0
2023-03-25,SD,68,2023-12,Region 8,6.9,41496.6,2026-05-06T19:11:09Z,0.98,0,0,0,0,0,0,0,0,0,0,0,0,1,0,0,1,0,0,0,0,0,0,0,0,0,0,0,0,0,1,0,0,1,0
2023-04-01,SD,65,2023-13,Region 8,6.42,33191.4,2026-05-06T19:11:09Z,1.21,0,0,0,0,0,0,0,0,0,0,0,0,1,0,0,1,0,0,0,0,0,0,0,0,0,0,0,0,0,1,0,0,1,0
2023-04-08,SD,37,2023-14,Region 8,6.63,27892.41,2026-05-06T19:11:09Z,0.86,0,0,0,0,0,0,0,0,0,0,0,0,1,0,0,1,0,0,0,0,0,0,0,0,0,0,0,0,0,1,0,0,1,0
2023-04-15,SD,36,2023-15,Region 8,5.56,24792.039999999997,2026-05-06T19:11:09Z,0.7,0,0,0,0,0,0,0,0,0,0,0,0,1,0,0,1,0,0,0,0,0,0,0,0,0,0,0,0,0,1,0,0,1,0
2023-04-22,SD,31,2023-16,Region 8,4.68,17718.48,2026-05-06T19:11:09Z,0.55,0,0,0,0,0,0,0,0,0,0,0,0,1,0,0,1,0,0,0,0,0,0,0,0,0,0,0,0,0,1,0,0,1,0
2023-04-29,SD,33,2023-17,Region 8,5.06,19900.98,2026-05-06T19:11:09Z,0.8,0,0,0,0,0,0,0,0,0,0,0,0,1,0,0,1,0,0,0,0,0,0,0,0,0,0,0,0,0,1,0,0,1,0
2023-05-06,SD,35,2023-18,Region 8,5.05,16513.5,2026-05-06T19:11:09Z,0.49,0,0,0,0,0,0,0,0,0,0,0,0,1,0,0,1,0,0,0,0,0,0,0,0,0,0,0,0,0,1,0,0,1,0
2023-05-13,SD,29,2023-19,Region 8,4.16,12105.6,2026-05-06T19:11:09Z,0.35,0,0,0,0,0,0,0,0,0,0,0,0,1,0,0,1,0,0,0,0,0,0,0,0,0,0,0,0,0,1,0,0,1,0
2023-05-20,SD,21,2023-20,Region 8,4.82,11404.12,2026-05-06T19:11:09Z,0.48,0,0,0,0,0,0,0,0,0,0,0,0,1,0,0,1,0,0,0,0,0,0,0,0,0,0,0,0,0,1,0,0,1,0
2023-05-27,SD,14,2023-21,Region 8,4.68,10796.76,2026-05-06T19:11:09Z,0.27,0,0,0,0,0,0,0,0,0,0,0,0,1,0,0,1,0,0,0,0,0,0,0,0,0,0,0,0,0,1,0,0,1,0
2023-06-03,SD,14,2023-22,Region 8,3.55,8101.0999999999995,2026-05-06T19:11:09Z,0.23,0,0,0,0,0,0,0,0,0,0,0,0,1,0,0,1,0,0,0,0,0,0,0,0,0,0,0,0,0,1,0,0,1,0
2023-06-10,SD,16,2023-23,Region 8,3.32,6500.5599999999995,2026-05-06T19:11:09Z,0.18,0,0,0,0,0,0,0,0,0,0,0,0,1,0,0,1,0,0,0,0,0,0,0,0,0,0,0,0,0,1,0,0,1,0
2023-06-17,SD,14,2023-24,Region 8,3.47,6707.51,2026-05-06T19:11:09Z,0.18,0,0,0,0,0,0,0,0,0,0,0,0,1,0,0,1,0,0,0,0,0,0,0,0,0,0,0,0,0,1,0,0,1,0
2023-06-24,SD,7,2023-25,Region 8,3.81,7490.46,2026-05-06T19:11:09Z,0.13,0,0,0,0,0,0,0,0,0,0,0,0,1,0,0,1,0,0,0,0,0,0,0,0,0,0,0,0,0,1,0,0,1,0
2023-07-01,SD,9,2023-26,Region 8,4.77,8891.279999999999,2026-05-06T19:11:09Z,0.31,0,0,0,0,0,0,0,0,0,0,0,0,1,0,0,1,0,0,0,0,0,0,0,0,0,0,0,0,0,1,0,0,1,0
2023-07-08,SD,16,2023-27,Region 8,6.36,9692.640000000001,2026-05-06T19:11:09Z,0.23,0,0,0,0,0,0,0,0,0,0,0,0,1,0,0,1,0,0,0,0,0,0,0,0,0,0,0,0,0,1,0,0,1,0
2023-07-15,SD,6,2023-28,Region 8,7.12,11306.56,2026-05-06T19:11:09Z,0.22,0,0,0,0,0,0,0,0,0,0,0,0,1,0,0,1,0,0,0,0,0,0,0,0,0,0,0,0,0,1,0,0,1,0
2023-07-22,SD,10,2023-29,Region 8,7.07,10795.890000000001,2026-05-06T19:11:09Z,0.2,0,0,0,0,0,0,0,0,0,0,0,0,1,0,0,1,0,0,0,0,0,0,0,0,0,0,0,0,0,1,0,0,1,0
2023-07-29,SD,13,2023-30,Region 8,8.06,12992.720000000001,2026-05-06T19:11:09Z,0.2,0,0,0,0,0,0,0,0,0,0,0,0,1,0,0,1,0,0,0,0,0,0,0,0,0,0,0,0,0,1,0,0,1,0
2023-08-05,SD,12,2023-31,Region 8,9.38,15008.000000000002,2026-05-06T19:11:09Z,0.41,0,0,0,0,0,0,0,0,0,0,0,0,1,0,0,1,0,0,0,0,0,0,0,0,0,0,0,0,0,1,0,0,1,0
2023-08-12,SD,11,2023-32,Region 8,12.72,22298.16,2026-05-06T19:11:09Z,0.55,0,0,0,0,0,0,0,0,0,0,0,0,1,0,0,1,0,0,0,0,0,0,0,0,0,0,0,0,0,1,0,0,1,0
2023-08-19,SD,25,2023-33,Region 8,13.11,27399.899999999998,2026-05-06T19:11:09Z,0.98,0,0,0,0,0,0,0,0,0,0,0,0,1,0,0,1,0,0,0,0,0,0,0,0,0,0,0,0,0,1,0,0,1,0
2023-08-26,SD,31,2023-34,Region 8,14.91,33010.74,2026-05-06T19:11:09Z,0.99,0,0,0,0,0,0,0,0,0,0,0,0,1,0,0,1,0,0,0,0,0,0,0,0,0,0,0,0,0,1,0,0,1,0
2023-09-02,SD,43,2023-35,Region 8,12.78,35694.54,2026-05-06T19:11:09Z,1.18,0,0,0,0,0,0,0,0,0,0,0,0,1,0,0,1,0,0,0,0,0,0,0,0,0,0,0,0,0,1,0,0,1,0
2023-09-09,SD,55,2023-36,Region 8,13.18,42202.36,2026-05-06T19:11:09Z,1.27,0,0,0,0,0,0,0,0,0,0,0,0,1,0,0,1,0,0,0,0,0,0,0,0,0,0,0,0,0,1,0,0,1,0
2023-09-16,SD,42,2023-37,Region 8,14.09,45186.63,2026-05-06T19:11:09Z,1.54,0,0,0,0,0,0,0,0,0,0,0,0,1,0,0,1,0,0,0,0,0,0,0,0,0,0,0,0,0,1,0,0,1,0
2023-09-23,SD,52,2023-38,Region 8,11.96,42792.880000000005,2026-05-06T19:11:09Z,1.5,0,0,0,0,0,0,0,0,0,0,0,0,1,0,0,1,0,0,0,0,0,0,0,0,0,0,0,0,0,1,0,0,1,0
2023-09-30,SD,66,2023-39,Region 8,13.59,46803.96,2026-05-06T19:11:09Z,1.6,0,0,0,0,0,0,0,0,0,0,0,0,1,0,0,1,0,0,0,0,0,0,0,0,0,0,0,0,0,1,0,0,1,0
2023-10-07,SD,55,2023-40,Region 8,14.66,47996.840000000004,2026-05-06T19:11:09Z,1.4,0,0,0,0,0,0,0,0,0,0,0,0,1,0,0,1,0,0,0,0,0,0,0,0,0,0,0,0,0,1,0,0,1,0
2023-10-14,SD,44,2023-41,Region 8,14.53,50288.329999999994,2026-05-06T19:11:09Z,1.27,0,0,0,0,0,0,0,0,0,0,0,0,1,0,0,1,0,0,0,0,0,0,0,0,0,0,0,0,0,1,0,0,1,0
2023-10-21,SD,54,2023-42,Region 8,14.43,44805.15,2026-05-06T19:11:09Z,1.37,0,0,0,0,0,0,0,0,0,0,0,0,1,0,0,1,0,0,0,0,0,0,0,0,0,0,0,0,0,1,0,0,1,0
2023-10-28,SD,60,2023-43,Region 8,13.03,37787,2026-05-06T19:11:09Z,1.84,0,0,0,0,0,0,0,0,0,0,0,0,1,0,0,1,0,0,0,0,0,0,0,0,0,0,0,0,0,1,0,0,1,0
2023-11-04,SD,74,2023-44,Region 8,12.65,36292.85,2026-05-06T19:11:09Z,2.35,0,0,0,0,0,0,0,0,0,0,0,0,1,0,0,1,0,0,0,0,0,0,0,0,0,0,0,0,0,1,0,0,1,0
2023-11-11,SD,72,2023-45,Region 8,14.2,46789,2026-05-06T19:11:09Z,2.56,0,0,0,0,0,0,0,0,0,0,0,0,1,0,0,1,0,0,0,0,0,0,0,0,0,0,0,0,0,1,0,0,1,0
2023-11-18,SD,73,2023-46,Region 8,14,60718,2026-05-06T19:11:09Z,2.66,0,0,0,0,0,0,0,0,0,0,0,0,1,0,0,1,0,0,0,0,0,0,0,0,0,0,0,0,0,1,0,0,1,0
2023-11-25,SD,97,2023-47,Region 8,12.63,54498.450000000004,2026-05-06T19:11:09Z,2.9,0,0,0,0,0,0,0,0,0,0,0,0,1,0,0,1,0,0,0,0,0,0,0,0,0,0,0,0,0,1,0,0,1,0
2023-12-02,SD,109,2023-48,Region 8,12.63,62518.50000000001,2026-05-06T19:11:09Z,2.88,0,0,0,0,0,0,0,0,0,0,0,0,1,0,0,1,0,0,0,0,0,0,0,0,0,0,0,0,0,1,0,0,1,0
2023-12-09,SD,94,2023-49,Region 8,11.07,49704.3,2026-05-06T19:11:09Z,2.92,0,0,0,0,0,0,0,0,0,0,0,0,1,0,0,1,0,0,0,0,0,0,0,0,0,0,0,0,0,1,0,0,1,0
2023-12-16,SD,117,2023-50,Region 8,10.76,56274.799999999996,2026-05-06T19:11:09Z,3.17,0,0,0,0,0,0,0,0,0,0,0,0,1,0,0,1,0,0,0,0,0,0,0,0,0,0,0,0,0,1,0,0,1,0
2023-12-23,SD,126,2023-51,Region 8,9.78,53701.979999999996,2026-05-06T19:11:09Z,3.62,0,0,0,0,0,0,0,0,0,0,0,0,1,0,0,1,0,0,0,0,0,0,0,0,0,0,0,0,0,1,0,0,1,0
2023-12-30,SD,130,2023-52,Region 8,11.09,57789.99,2026-05-06T19:11:09Z,3.61,0,0,0,0,0,0,0,0,0,0,0,0,1,0,0,1,0,0,0,0,0,0,0,0,0,0,0,0,0,1,0,0,1,0
2024-01-06,SD,115,2024-01,Region 8,9.77,51399.97,2026-05-06T19:11:09Z,3.14,0,0,0,0,0,0,0,0,0,0,0,0,1,0,0,1,0,0,0,0,0,0,0,0,0,0,0,0,0,1,0,0,1,0
2024-01-13,SD,96,2024-02,Region 8,9.44,45208.159999999996,2026-05-06T19:11:09Z,2.82,0,0,0,0,0,0,0,0,0,0,0,0,1,0,0,1,0,0,0,0,0,0,0,0,0,0,0,0,0,1,0,0,1,0
2024-01-20,SD,81,2024-03,Region 8,9.17,38816.61,2026-05-06T19:11:09Z,1.84,0,0,0,0,0,0,0,0,0,0,0,0,1,0,0,1,0,0,0,0,0,0,0,0,0,0,0,0,0,1,0,0,1,0
2024-01-27,SD,63,2024-04,Region 8,8.24,35720.4,2026-05-06T19:11:09Z,1.88,0,0,0,0,0,0,0,0,0,0,0,0,1,0,0,1,0,0,0,0,0,0,0,0,0,0,0,0,0,1,0,0,1,0
2024-02-03,SD,69,2024-05,Region 8,9.33,39913.74,2026-05-06T19:11:09Z,1.75,0,0,0,0,0,0,0,0,0,0,0,0,1,0,0,1,0,0,0,0,0,0,0,0,0,0,0,0,0,1,0,0,1,0
2024-02-10,SD,61,2024-06,Region 8,7.18,30787.84,2026-05-06T19:11:09Z,1.76,0,0,0,0,0,0,0,0,0,0,0,0,1,0,0,1,0,0,0,0,0,0,0,0,0,0,0,0,0,1,0,0,1,0
2024-02-17,SD,55,2024-07,Region 8,6.89,26485.16,2026-05-06T19:11:09Z,1.57,0,0,0,0,0,0,0,0,0,0,0,0,1,0,0,1,0,0,0,0,0,0,0,0,0,0,0,0,0,1,0,0,1,0
2024-02-24,SD,47,2024-08,Region 8,6.79,25102.63,2026-05-06T19:11:09Z,1.13,0,0,0,0,0,0,0,0,0,0,0,0,1,0,0,1,0,0,0,0,0,0,0,0,0,0,0,0,0,1,0,0,1,0
2024-03-02,SD,29,2024-09,Region 8,5.03,18495.31,2026-05-06T19:11:09Z,0.84,0,0,0,0,0,0,0,0,0,0,0,0,1,0,0,1,0,0,0,0,0,0,0,0,0,0,0,0,0,1,0,0,1,0
2024-03-09,SD,33,2024-10,Region 8,4.71,16216.53,2026-05-06T19:11:09Z,0.74,0,0,0,0,0,0,0,0,0,0,0,0,1,0,0,1,0,0,0,0,0,0,0,0,0,0,0,0,0,1,0,0,1,0
2024-03-16,SD,21,2024-11,Region 8,5,16410,2026-05-06T19:11:09Z,0.6,0,0,0,0,0,0,0,0,0,0,0,0,1,0,0,1,0,0,0,0,0,0,0,0,0,0,0,0,0,1,0,0,1,0
2024-03-23,SD,17,2024-12,Region 8,3.65,10902.55,2026-05-06T19:11:09Z,0.46,0,0,0,0,0,0,0,0,0,0,0,0,1,0,0,1,0,0,0,0,0,0,0,0,0,0,0,0,0,1,0,0,1,0
2024-03-30,SD,17,2024-13,Region 8,3.47,9608.43,2026-05-06T19:11:09Z,0.43,0,0,0,0,0,0,0,0,0,0,0,0,1,0,0,1,0,0,0,0,0,0,0,0,0,0,0,0,0,1,0,0,1,0
2024-04-06,SD,21,2024-14,Region 8,4.33,11703.99,2026-05-06T19:11:09Z,0.37,0,0,0,0,0,0,0,0,0,0,0,0,1,0,0,1,0,0,0,0,0,0,0,0,0,0,0,0,0,1,0,0,1,0
2024-04-13,SD,29,2024-15,Region 8,3,8187,2026-05-06T19:11:09Z,0.28,0,0,0,0,0,0,0,0,0,0,0,0,1,0,0,1,0,0,0,0,0,0,0,0,0,0,0,0,0,1,0,0,1,0
2024-04-20,SD,17,2024-16,Region 8,3.11,7597.73,2026-05-06T19:11:09Z,0.21,0,0,0,0,0,0,0,0,0,0,0,0,0.9441176470588235,0,0,1,0,0,0,0,0,0,0,0,0,0,0,0,0,0.9321428571428573,0,0,1,0
2024-04-27,SD,16,2024-17,Region 8,2.72,5989.4400000000005,2026-05-06T19:11:09Z,0.09,0,0,0,0,0,0,0,0,0,0,0,0,0.7647058823529411,0,0,1,0,0,0,0,0,0,0,0,0,0,0,0,0,0.7142857142857143,0,0,1,0
2022-10-01,TN,383,2022-39,Region 4,5.27,64246.56999999999,2026-05-06T19:11:09Z,1.19,0,0,0,0,0,0,0,0,0,0,0,0,1,0,0,0,0,0,0,0,0,0,0,0,0,0,0,0,0,1,0,0,0,0
2022-10-08,TN,317,2022-40,Region 4,4.56,58564.079999999994,2026-05-06T19:11:09Z,1.1,0,0,0,0,0,0,0,0,0,0,0,0,1,0,0,0,0,0,0,0,0,0,0,0,0,0,0,0,0,1,0,0,0,0
2022-10-15,TN,299,2022-41,Region 4,4.85,56526.74999999999,2026-05-06T19:11:09Z,1.19,0,0,0,0,0,0,0,0,0,0,0,0,1,0,0,0,0,0,0,0,0,0,0,0,0,0,0,0,0,1,0,0,0,0
2022-10-22,TN,327,2022-42,Region 4,4.03,52394.030000000006,2026-05-06T19:11:09Z,1.25,0,0,0,0,0,0,0,0,0,0,0,0,1,0,0,0,0,0,0,0,0,0,0,0,0,0,0,0,0,1,0,0,0,0
2022-10-29,TN,323,2022-43,Region 4,4.31,58887.52999999999,2026-05-06T19:11:09Z,1.32,0,0,0,0,0,0,0,0,0,0,0,0,1,0,0,0,0,0,0,0,0,0,0,0,0,0,0,0,0,1,0,0,0,0
2022-11-05,TN,342,2022-44,Region 4,3.9,61230,2026-05-06T19:11:09Z,1.42,0,0,0,0,0,0,0,0,0,0,0,0,1,0,0,0,0,0,0,0,0,0,0,0,0,0,0,0,0,1,0,0,0,0
2022-11-12,TN,346,2022-45,Region 4,3.82,55321.24,2026-05-06T19:11:09Z,1.28,0,0,0,0,0,0,0,0,0,0,0,0,1,0,0,0,0,0,0,0,0,0,0,0,0,0,0,0,0,1,0,0,0,0
2022-11-19,TN,341,2022-46,Region 4,4.13,55288.31,2026-05-06T19:11:09Z,1.27,0,0,0,0,0,0,0,0,0,0,0,0,1,0,0,0,0,0,0,0,0,0,0,0,0,0,0,0,0,1,0,0,0,0
2022-11-26,TN,359,2022-47,Region 4,5.28,61644,2026-05-06T19:11:09Z,1.75,0,0,0,0,0,0,0,0,0,0,0,0,1,0,0,0,0,0,0,0,0,0,0,0,0,0,0,0,0,1,0,0,0,0
2022-12-03,TN,499,2022-48,Region 4,7.55,97455.4,2026-05-06T19:11:09Z,2.14,0,0,0,0,0,0,0,0,0,0,0,0,1,0,0,0,0,0,0,0,0,0,0,0,0,0,0,0,0,1,0,0,0,0
2022-12-10,TN,571,2022-49,Region 4,8.38,101909.18000000001,2026-05-06T19:11:09Z,2.52,0,0,0,0,0,0,0,0,0,0,0,0,1,0,0,0,0,0,0,0,0,0,0,0,0,0,0,0,0,1,0,0,0,0
2022-12-17,TN,597,2022-50,Region 4,10.21,118190.96,2026-05-06T19:11:09Z,2.7,0,0,0,0,0,0,0,0,0,0,0,0,1,0,0,0,0,0,0,0,0,0,0,0,0,0,0,0,0,1,0,0,0,0
2022-12-24,TN,645,2022-51,Region 4,11.52,119589.12,2026-05-06T19:11:09Z,3.22,0,0,0,0,0,0,0,0,0,0,0,0,1,0,0,0,0,0,0,0,0,0,0,0,0,0,0,0,0,1,0,0,0,0
2022-12-31,TN,794,2022-52,Region 4,14.04,149399.63999999998,2026-05-06T19:11:09Z,3.83,0,0,0,0,0,0,0,0,0,0,0,0,1,0,0,0,0,0,0,0,0,0,0,0,0,0,0,0,0,1,0,0,0,0
2023-01-07,TN,748,2023-01,Region 4,13.55,147139.45,2026-05-06T19:11:09Z,3.29,0,0,0,0,0,0,0,0,0,0,0,0,1,0,0,0,0,0,0,0,0,0,0,0,0,0,0,0,0,1,0,0,0,0
2023-01-14,TN,671,2023-02,Region 4,10.19,121373.09,2026-05-06T19:11:09Z,2.6,0,0,0,0,0,0,0,0,0,0,0,0,1,0,0,0,0,0,0,0,0,0,0,0,0,0,0,0,0,1,0,0,0,0
2023-01-21,TN,530,2023-03,Region 4,10.69,112565.7,2026-05-06T19:11:09Z,2.44,0,0,0,0,0,0,0,0,0,0,0,0,1,0,0,0,0,0,0,0,0,0,0,0,0,0,0,0,0,1,0,0,0,0
2023-01-28,TN,451,2023-04,Region 4,9.37,106461.93999999999,2026-05-06T19:11:09Z,2.4,0,0,0,0,0,0,0,0,0,0,0,0,1,0,0,0,0,0,0,0,0,0,0,0,0,0,0,0,0,1,0,0,0,0
2023-02-04,TN,471,2023-05,Region 4,9.03,104142.98999999999,2026-05-06T19:11:09Z,2.44,0,0,0,0,0,0,0,0,0,0,0,0,1,0,0,0,0,0,0,0,0,0,0,0,0,0,0,0,0,1,0,0,0,0
2023-02-11,TN,544,2023-06,Region 4,8.67,102514.08,2026-05-06T19:11:09Z,2.3,0,0,0,0,0,0,0,0,0,0,0,0,1,0,0,0,0,0,0,0,0,0,0,0,0,0,0,0,0,1,0,0,0,0
2023-02-18,TN,471,2023-07,Region 4,7.72,85136.16,2026-05-06T19:11:09Z,2.04,0,0,0,0,0,0,0,0,0,0,0,0,1,0,0,0,0,0,0,0,0,0,0,0,0,0,0,0,0,1,0,0,0,0
2023-02-25,TN,428,2023-08,Region 4,6.2,65069,2026-05-06T19:11:09Z,1.83,0,0,0,0,0,0,0,0,0,0,0,0,1,0,0,0,0,0,0,0,0,0,0,0,0,0,0,0,0,1,0,0,0,0
2023-03-04,TN,393,2023-09,Region 4,5.22,47945.7,2026-05-06T19:11:09Z,1.36,0,0,0,0,0,0,0,0,0,0,0,0,1,0,0,0,0,0,0,0,0,0,0,0,0,0,0,0,0,1,0,0,0,0
2023-03-11,TN,291,2023-10,Region 4,5.02,43116.78,2026-05-06T19:11:09Z,1.12,0,0,0,0,0,0,0,0,0,0,0,0,1,0,0,0,0,0,0,0,0,0,0,0,0,0,0,0,0,1,0,0,0,0
2023-03-18,TN,238,2023-11,Region 4,3.96,33184.8,2026-05-06T19:11:09Z,1.03,0,0,0,0,0,0,0,0,0,0,0,0,1,0,0,0,0,0,0,0,0,0,0,0,0,0,0,0,0,1,0,0,0,0
2023-03-25,TN,280,2023-12,Region 4,4.84,40670.52,2026-05-06T19:11:09Z,0.97,0,0,0,0,0,0,0,0,0,0,0,0,1,0,0,0,0,0,0,0,0,0,0,0,0,0,0,0,0,1,0,0,0,0
2023-04-01,TN,227,2023-13,Region 4,3.79,25897.07,2026-05-06T19:11:09Z,0.92,0,0,0,0,0,0,0,0,0,0,0,0,1,0,0,0,0,0,0,0,0,0,0,0,0,0,0,0,0,1,0,0,0,0
2023-04-08,TN,204,2023-14,Region 4,4.8,32630.399999999998,2026-05-06T19:11:09Z,0.78,0,0,0,0,0,0,0,0,0,0,0,0,1,0,0,0,0,0,0,0,0,0,0,0,0,0,0,0,0,1,0,0,0,0
2023-04-15,TN,216,2023-15,Region 4,4.62,30903.18,2026-05-06T19:11:09Z,0.73,0,0,0,0,0,0,0,0,0,0,0,0,1,0,0,0,0,0,0,0,0,0,0,0,0,0,0,0,0,1,0,0,0,0
2023-04-22,TN,181,2023-16,Region 4,4.32,26676,2026-05-06T19:11:09Z,0.67,0,0,0,0,0,0,0,0,0,0,0,0,1,0,0,0,0,0,0,0,0,0,0,0,0,0,0,0,0,1,0,0,0,0
2023-04-29,TN,153,2023-17,Region 4,4.32,27591.84,2026-05-06T19:11:09Z,0.62,0,0,0,0,0,0,0,0,0,0,0,0,1,0,0,0,0,0,0,0,0,0,0,0,0,0,0,0,0,1,0,0,0,0
2023-05-06,TN,151,2023-18,Region 4,4.56,25504.079999999998,2026-05-06T19:11:09Z,0.61,0,0,0,0,0,0,0,0,0,0,0,0,1,0,0,0,0,0,0,0,0,0,0,0,0,0,0,0,0,1,0,0,0,0
2023-05-13,TN,152,2023-19,Region 4,3.72,24697.08,2026-05-06T19:11:09Z,0.58,0,0,0,0,0,0,0,0,0,0,0,0,1,0,0,0,0,0,0,0,0,0,0,0,0,0,0,0,0,1,0,0,0,0
2023-05-20,TN,131,2023-20,Region 4,3.64,22389.64,2026-05-06T19:11:09Z,0.53,0,0,0,0,0,0,0,0,0,0,0,0,1,0,0,0,0,0,0,0,0,0,0,0,0,0,0,0,0,1,0,0,0,0
2023-05-27,TN,120,2023-21,Region 4,4.3,22394.399999999998,2026-05-06T19:11:09Z,0.45,0,0,0,0,0,0,0,0,0,0,0,0,1,0,0,0,0,0,0,0,0,0,0,0,0,0,0,0,0,1,0,0,0,0
2023-06-03,TN,90,2023-22,Region 4,3.4,17724.2,2026-05-06T19:11:09Z,0.41,0,0,0,0,0,0,0,0,0,0,0,0,1,0,0,0,0,0,0,0,0,0,0,0,0,0,0,0,0,1,0,0,0,0
2023-06-10,TN,90,2023-23,Region 4,4.08,20102.16,2026-05-06T19:11:09Z,0.37,0,0,0,0,0,0,0,0,0,0,0,0,1,0,0,0,0,0,0,0,0,0,0,0,0,0,0,0,0,1,0,0,0,0
2023-06-17,TN,55,2023-24,Region 4,4.07,17692.29,2026-05-06T19:11:09Z,0.33,0,0,0,0,0,0,0,0,0,0,0,0,1,0,0,0,0,0,0,0,0,0,0,0,0,0,0,0,0,1,0,0,0,0
2023-06-24,TN,74,2023-25,Region 4,4.27,18100.53,2026-05-06T19:11:09Z,0.36,0,0,0,0,0,0,0,0,0,0,0,0,1,0,0,0,0,0,0,0,0,0,0,0,0,0,0,0,0,1,0,0,0,0
2023-07-01,TN,73,2023-26,Region 4,5,18195,2026-05-06T19:11:09Z,0.37,0,0,0,0,0,0,0,0,0,0,0,0,1,0,0,0,0,0,0,0,0,0,0,0,0,0,0,0,0,1,0,0,0,0
2023-07-08,TN,81,2023-27,Region 4,5.97,20089.05,2026-05-06T19:11:09Z,0.48,0,0,0,0,0,0,0,0,0,0,0,0,1,0,0,0,0,0,0,0,0,0,0,0,0,0,0,0,0,1,0,0,0,0
2023-07-15,TN,91,2023-28,Region 4,6.38,21806.84,2026-05-06T19:11:09Z,0.57,0,0,0,0,0,0,0,0,0,0,0,0,1,0,0,0,0,0,0,0,0,0,0,0,0,0,0,0,0,1,0,0,0,0
2023-07-22,TN,114,2023-29,Region 4,8.78,33609.84,2026-05-06T19:11:09Z,0.77,0,0,0,0,0,0,0,0,0,0,0,0,1,0,0,0,0,0,0,0,0,0,0,0,0,0,0,0,0,1,0,0,0,0
2023-07-29,TN,138,2023-30,Region 4,10.16,51612.8,2026-05-06T19:11:09Z,1.03,0,0,0,0,0,0,0,0,0,0,0,0,1,0,0,0,0,0,0,0,0,0,0,0,0,0,0,0,0,1,0,0,0,0
2023-08-05,TN,180,2023-31,Region 4,11,52019,2026-05-06T19:11:09Z,1.27,0,0,0,0,0,0,0,0,0,0,0,0,1,0,0,0,0,0,0,0,0,0,0,0,0,0,0,0,0,1,0,0,0,0
2023-08-12,TN,231,2023-32,Region 4,12.55,60478.450000000004,2026-05-06T19:11:09Z,1.7,0,0,0,0,0,0,0,0,0,0,0,0,1,0,0,0,0,0,0,0,0,0,0,0,0,0,0,0,0,1,0,0,0,0
2023-08-19,TN,289,2023-33,Region 4,14.32,78917.52,2026-05-06T19:11:09Z,2.4,0,0,0,0,0,0,0,0,0,0,0,0,1,0,0,0,0,0,0,0,0,0,0,0,0,0,0,0,0,1,0,0,0,0
2023-08-26,TN,372,2023-34,Region 4,16.17,136992.24000000002,2026-05-06T19:11:09Z,3.21,0,0,0,0,0,0,0,0,0,0,0,0,1,0,0,0,0,0,0,0,0,0,0,0,0,0,0,0,0,1,0,0,0,0
2023-09-02,TN,388,2023-35,Region 4,12.35,96120.05,2026-05-06T19:11:09Z,2.84,0,0,0,0,0,0,0,0,0,0,0,0,1,0,0,0,0,0,0,0,0,0,0,0,0,0,0,0,0,1,0,0,0,0
2023-09-09,TN,444,2023-36,Region 4,13.49,104088.84,2026-05-06T19:11:09Z,2.35,0,0,0,0,0,0,0,0,0,0,0,0,1,0,0,0,0,0,0,0,0,0,0,0,0,0,0,0,0,1,0,0,0,0
2023-09-16,TN,379,2023-37,Region 4,11.63,92307.31000000001,2026-05-06T19:11:09Z,1.7,0,0,0,0,0,0,0,0,0,0,0,0,1,0,0,0,0,0,0,0,0,0,0,0,0,0,0,0,0,1,0,0,0,0
2023-09-23,TN,307,2023-38,Region 4,9.42,80465.64,2026-05-06T19:11:09Z,1.34,0,0,0,0,0,0,0,0,0,0,0,0,1,0,0,0,0,0,0,0,0,0,0,0,0,0,0,0,0,1,0,0,0,0
2023-09-30,TN,289,2023-39,Region 4,8.57,71208.13,2026-05-06T19:11:09Z,1.19,0,0,0,0,0,0,0,0,0,0,0,0,1,0,0,0,0,0,0,0,0,0,0,0,0,0,0,0,0,1,0,0,0,0
2023-10-07,TN,235,2023-40,Region 4,7.52,56994.079999999994,2026-05-06T19:11:09Z,1.13,0,0,0,0,0,0,0,0,0,0,0,0,1,0,0,0,0,0,0,0,0,0,0,0,0,0,0,0,0,1,0,0,0,0
2023-10-14,TN,235,2023-41,Region 4,7.03,51972.79,2026-05-06T19:11:09Z,1.03,0,0,0,0,0,0,0,0,0,0,0,0,1,0,0,0,0,0,0,0,0,0,0,0,0,0,0,0,0,1,0,0,0,0
2023-10-21,TN,237,2023-42,Region 4,7.86,56371.920000000006,2026-05-06T19:11:09Z,1.11,0,0,0,0,0,0,0,0,0,0,0,0,1,0,0,0,0,0,0,0,0,0,0,0,0,0,0,0,0,1,0,0,0,0
2023-10-28,TN,252,2023-43,Region 4,6.94,54895.4,2026-05-06T19:11:09Z,1.25,0,0,0,0,0,0,0,0,0,0,0,0,1,0,0,0,0,0,0,0,0,0,0,0,0,0,0,0,0,1,0,0,0,0
2023-11-04,TN,246,2023-44,Region 4,6.71,54478.49,2026-05-06T19:11:09Z,1.32,0,0,0,0,0,0,0,0,0,0,0,0,1,0,0,0,0,0,0,0,0,0,0,0,0,0,0,0,0,1,0,0,0,0
2023-11-11,TN,335,2023-45,Region 4,6.93,62065.079999999994,2026-05-06T19:11:09Z,1.42,0,0,0,0,0,0,0,0,0,0,0,0,1,0,0,0,0,0,0,0,0,0,0,0,0,0,0,0,0,1,0,0,0,0
2023-11-18,TN,318,2023-46,Region 4,7.42,60806.9,2026-05-06T19:11:09Z,1.54,0,0,0,0,0,0,0,0,0,0,0,0,1,0,0,0,0,0,0,0,0,0,0,0,0,0,0,0,0,1,0,0,0,0
2023-11-25,TN,308,2023-47,Region 4,7.28,60809.840000000004,2026-05-06T19:11:09Z,1.89,0,0,0,0,0,0,0,0,0,0,0,0,1,0,0,0,0,0,0,0,0,0,0,0,0,0,0,0,0,1,0,0,0,0
2023-12-02,TN,379,2023-48,Region 4,7.1,69466.4,2026-05-06T19:11:09Z,1.84,0,0,0,0,0,0,0,0,0,0,0,0,0.9395918367346939,0,0,0,0,0,0,0,0,0,0,0,0,0,0,0,0,0.9471428571428572,0,0,0,0
2023-12-09,TN,393,2023-49,Region 4,7.24,77815.52,2026-05-06T19:11:09Z,1.92,0,0,0,0,0,0,0,0,0,0,0,0,0.8955102040816327,0,0,0,0,0,0,0,0,0,0,0,0,0,0,0,0,0.9085714285714286,0,0,0,0
2023-12-16,TN,460,2023-50,Region 4,7.39,88546.98,2026-05-06T19:11:09Z,2,0,0,0,0,0,0,0,0,0,0,0,0,0.9493877551020408,0,0,0,0,0,0,0,0,0,0,0,0,0,0,0,0,0.9557142857142857,0,0,0,0
2023-12-23,TN,497,2023-51,Region 4,8.73,104725.08,2026-05-06T19:11:09Z,2.51,0,0,0,0,0,0,0,0,0,0,0,0,1,0,0,0,0,0,0,0,0,0,0,0,0,0,0,0,0,1,0,0,0,0
2023-12-30,TN,686,2023-52,Region 4,9.71,134901.03,2026-05-06T19:11:09Z,3.05,0,0,0,0,0,0,0,0,0,0,0,0,1,0,0,0,0,0,0,0,0,0,0,0,0,0,0,0,0,1,0,0,0,0
2024-01-06,TN,667,2024-01,Region 4,10.68,130605.72,2026-05-06T19:11:09Z,2.81,0,0,0,0,0,0,0,0,0,0,0,0,1,0,0,0,0,0,0,0,0,0,0,0,0,0,0,0,0,1,0,0,0,0
2024-01-13,TN,524,2024-02,Region 4,11.05,119549.95000000001,2026-05-06T19:11:09Z,2.24,0,0,0,0,0,0,0,0,0,0,0,0,1,0,0,0,0,0,0,0,0,0,0,0,0,0,0,0,0,1,0,0,0,0
2024-01-20,TN,386,2024-03,Region 4,11.23,107392.49,2026-05-06T19:11:09Z,1.99,0,0,0,0,0,0,0,0,0,0,0,0,1,0,0,0,0,0,0,0,0,0,0,0,0,0,0,0,0,1,0,0,0,0
2024-01-27,TN,381,2024-04,Region 4,11.38,120810.08,2026-05-06T19:11:09Z,1.48,0,0,0,0,0,0,0,0,0,0,0,0,1,0,0,0,0,0,0,0,0,0,0,0,0,0,0,0,0,1,0,0,0,0
2024-02-03,TN,349,2024-05,Region 4,11.9,121451.40000000001,2026-05-06T19:11:09Z,1.38,0,0,0,0,0,0,0,0,0,0,0,0,1,0,0,0,0,0,0,0,0,0,0,0,0,0,0,0,0,1,0,0,0,0
2024-02-10,TN,300,2024-06,Region 4,12.1,125682.7,2026-05-06T19:11:09Z,1.95,0,0,0,0,0,0,0,0,0,0,0,0,1,0,0,0,0,0,0,0,0,0,0,0,0,0,0,0,0,1,0,0,0,0
2024-02-17,TN,401,2024-07,Region 4,11.13,111133.05,2026-05-06T19:11:09Z,2.3,0,0,0,0,0,0,0,0,0,0,0,0,1,0,0,0,0,0,0,0,0,0,0,0,0,0,0,0,0,1,0,0,0,0
2024-02-24,TN,376,2024-08,Region 4,10.37,102580.04,2026-05-06T19:11:09Z,2.34,0,0,0,0,0,0,0,0,0,0,0,0,1,0,0,0,0,0,0,0,0,0,0,0,0,0,0,0,0,1,0,0,0,0
2024-03-02,TN,448,2024-09,Region 4,9.47,88184.64,2026-05-06T19:11:09Z,2.14,0,0,0,0,0,0,0,0,0,0,0,0,1,0,0,0,0,0,0,0,0,0,0,0,0,0,0,0,0,1,0,0,0,0
2024-03-09,TN,385,2024-10,Region 4,7.9,66265.2,2026-05-06T19:11:09Z,1.58,0,0,0,0,0,0,0,0,0,0,0,0,1,0,0,0,0,0,0,0,0,0,0,0,0,0,0,0,0,1,0,0,0,0
2024-03-16,TN,270,2024-11,Region 4,5.68,43202.079999999994,2026-05-06T19:11:09Z,1.23,0,0,0,0,0,0,0,0,0,0,0,0,1,0,0,0,0,0,0,0,0,0,0,0,0,0,0,0,0,1,0,0,0,0
2024-03-23,TN,231,2024-12,Region 4,4.9,36015,2026-05-06T19:11:09Z,0.87,0,0,0,0,0,0,0,0,0,0,0,0,1,0,0,0,0,0,0,0,0,0,0,0,0,0,0,0,0,1,0,0,0,0
2024-03-30,TN,192,2024-13,Region 4,5.39,34269.619999999995,2026-05-06T19:11:09Z,0.79,0,0,0,0,0,0,0,0,0,0,0,0,1,0,0,0,0,0,0,0,0,0,0,0,0,0,0,0,0,1,0,0,0,0
2024-04-06,TN,183,2024-14,Region 4,4.37,27115.850000000002,2026-05-06T19:11:09Z,0.63,0,0,0,0,0,0,0,0,0,0,0,0,1,0,0,0,0,0,0,0,0,0,0,0,0,0,0,0,0,1,0,0,0,0
2024-04-13,TN,135,2024-15,Region 4,3.76,21522.239999999998,2026-05-06T19:11:09Z,0.51,0,0,0,0,0,0,0,0,0,0,0,0,0.9673469387755103,0,0,0,0,0,0,0,0,0,0,0,0,0,0,0,0,0.9714285714285714,0,0,0,0
2024-04-20,TN,147,2024-16,Region 4,3.36,16615.2,2026-05-06T19:11:09Z,0.39,0,0,0,0,0,0,0,0,0,0,0,0,0.893061224489796,0,0,0,0,0,0,0,0,0,0,0,0,0,0,0,0,0.9064285714285714,0,0,0,0
2024-04-27,TN,97,2024-17,Region 4,3.1,15190,2026-05-06T19:11:09Z,0.28,0,0,0,0,0,0,0,0,0,0,0,0,0.9142857142857143,0,0,0,0,0,0,0,0,0,0,0,0,0,0,0,0,0.925,0,0,0,0
2023-11-04,VT,23,2023-44,Region 1,7.6,41990,2026-05-06T19:11:09Z,1.84,0,0,0,0,0,0,0,0,0,0,0,0,1,0,1,1,0,0,0,0,0,0,0,0,0,0,0,0,0,1,0,1,1,0
2023-11-11,VT,41,2023-45,Region 1,8.77,51295.729999999996,2026-05-06T19:11:09Z,2.13,0,0,0,0,0,0,0,0,0,0,0,0,1,0,1,1,0,0,0,0,0,0,0,0,0,0,0,0,0,1,0,1,1,0
2022-10-01,TX,1574,2022-39,Region 6,5.52,133043.03999999998,2026-05-06T19:11:09Z,1.02,0,0,0,0,0,0,0,0,0,0,0,0,1,0,1,1,0,0,0,0,0,0,0,0,0,0,0,0,0,1,0,1,1,0
2022-10-08,TX,1363,2022-40,Region 6,5.27,117789.76999999999,2026-05-06T19:11:09Z,0.85,0,0,0,0,0,0,0,0,0,0,0,0,1,0,1,1,0,0,0,0,0,0,0,0,0,0,0,0,0,1,0,1,1,0
2022-10-15,TX,1186,2022-41,Region 6,5.06,117184.54,2026-05-06T19:11:09Z,0.72,0,0,0,0,0,0,0,0,0,0,0,0,1,0,1,1,0,0,0,0,0,0,0,0,0,0,0,0,0,1,0,1,1,0
2022-10-22,TX,1086,2022-42,Region 6,4.88,105193.28,2026-05-06T19:11:09Z,0.63,0,0,0,0,0,0,0,0,0,0,0,0,1,0,1,1,0,0,0,0,0,0,0,0,0,0,0,0,0,1,0,1,1,0
2022-10-29,TX,1052,2022-43,Region 6,5.63,135660.48,2026-05-06T19:11:09Z,0.7,0,0,0,0,0,0,0,0,0,0,0,0,1,0,1,1,0,0,0,0,0,0,0,0,0,0,0,0,0,1,0,1,1,0
2022-11-05,TX,974,2022-44,Region 6,6.43,170298.55,2026-05-06T19:11:09Z,0.76,0,0,0,0,0,0,0,0,0,0,0,0,1,0,1,1,0,0,0,0,0,0,0,0,0,0,0,0,0,1,0,1,1,0
2022-11-12,TX,1055,2022-45,Region 6,7.17,195898.74,2026-05-06T19:11:09Z,0.79,0,0,0,0,0,0,0,0,0,0,0,0,1,0,1,1,0,0,0,0,0,0,0,0,0,0,0,0,0,1,0,1,1,0
2022-11-19,TX,1167,2022-46,Region 6,7.42,208613.3,2026-05-06T19:11:09Z,1.02,0,0,0,0,0,0,0,0,0,0,0,0,1,0,1,1,0,0,0,0,0,0,0,0,0,0,0,0,0,1,0,1,1,0
2022-11-26,TX,1491,2022-47,Region 6,8.45,203475.99999999997,2026-05-06T19:11:09Z,1.7,0,0,0,0,0,0,0,0,0,0,0,0,1,0,1,1,0,0,0,0,0,0,0,0,0,0,0,0,0,1,0,1,1,0
2022-12-03,TX,2107,2022-48,Region 6,9.33,259635.24,2026-05-06T19:11:09Z,2.1,0,0,0,0,0,0,0,0,0,0,0,0,1,0,1,1,0,0,0,0,0,0,0,0,0,0,0,0,0,1,0,1,1,0
2022-12-10,TX,2300,2022-49,Region 6,9.03,245363.15999999997,2026-05-06T19:11:09Z,2.39,0,0,0,0,0,0,0,0,0,0,0,0,1,0,1,1,0,0,0,0,0,0,0,0,0,0,0,0,0,1,0,1,1,0
2022-12-17,TX,2471,2022-50,Region 6,8.82,223163.64,2026-05-06T19:11:09Z,2.52,0,0,0,0,0,0,0,0,0,0,0,0,1,0,1,1,0,0,0,0,0,0,0,0,0,0,0,0,0,1,0,1,1,0
2022-12-24,TX,2684,2022-51,Region 6,10.74,230759.64,2026-05-06T19:11:09Z,3.19,0,0,0,0,0,0,0,0,0,0,0,0,1,0,1,1,0,0,0,0,0,0,0,0,0,0,0,0,0,1,0,1,1,0
2022-12-31,TX,3658,2022-52,Region 6,12.68,273938.72,2026-05-06T19:11:09Z,4.14,0,0,0,0,0,0,0,0,0,0,0,0,1,0,1,1,0,0,0,0,0,0,0,0,0,0,0,0,0,1,0,1,1,0
2023-01-07,TX,3788,2023-01,Region 6,12.78,279191.88,2026-05-06T19:11:09Z,3.63,0,0,0,0,0,0,0,0,0,0,0,0,1,0,1,1,0,0,0,0,0,0,0,0,0,0,0,0,0,1,0,1,1,0
2023-01-14,TX,3311,2023-02,Region 6,10.91,209962.95,2026-05-06T19:11:09Z,2.64,0,0,0,0,0,0,0,0,0,0,0,0,1,0,1,1,0,0,0,0,0,0,0,0,0,0,0,0,0,1,0,1,1,0
2023-01-21,TX,2754,2023-03,Region 6,9.68,174172.24,2026-05-06T19:11:09Z,2.36,0,0,0,0,0,0,0,0,0,0,0,0,1,0,1,1,0,0,0,0,0,0,0,0,0,0,0,0,0,1,0,1,1,0
2023-01-28,TX,2531,2023-04,Region 6,9.35,175256.4,2026-05-06T19:11:09Z,2.12,0,0,0,0,0,0,0,0,0,0,0,0,1,0,1,1,0,0,0,0,0,0,0,0,0,0,0,0,0,1,0,1,1,0
2023-02-04,TX,2155,2023-05,Region 6,8.8,153621.6,2026-05-06T19:11:09Z,2.08,0,0,0,0,0,0,0,0,0,0,0,0,1,0,1,1,0,0,0,0,0,0,0,0,0,0,0,0,0,1,0,1,1,0
2023-02-11,TX,2097,2023-06,Region 6,8.4,147932.4,2026-05-06T19:11:09Z,1.83,0,0,0,0,0,0,0,0,0,0,0,0,1,0,1,1,0,0,0,0,0,0,0,0,0,0,0,0,0,1,0,1,1,0
2023-02-18,TX,1961,2023-07,Region 6,7.91,134580.74,2026-05-06T19:11:09Z,1.62,0,0,0,0,0,0,0,0,0,0,0,0,1,0,1,1,0,0,0,0,0,0,0,0,0,0,0,0,0,1,0,1,1,0
2023-02-25,TX,1909,2023-08,Region 6,8.37,140565.78,2026-05-06T19:11:09Z,1.64,0,0,0,0,0,0,0,0,0,0,0,0,1,0,1,1,0,0,0,0,0,0,0,0,0,0,0,0,0,1,0,1,1,0
2023-03-04,TX,1730,2023-09,Region 6,7.52,124644,2026-05-06T19:11:09Z,1.42,0,0,0,0,0,0,0,0,0,0,0,0,1,0,1,1,0,0,0,0,0,0,0,0,0,0,0,0,0,1,0,1,1,0
2023-03-11,TX,1612,2023-10,Region 6,7.03,112972.1,2026-05-06T19:11:09Z,1.26,0,0,0,0,0,0,0,0,0,0,0,0,0.988940995310422,0,1,1,0,0,0,0,0,0,0,0,0,0,0,0,0,0.9838775510204081,0,1,1,0
2023-03-18,TX,1394,2023-11,Region 6,7.05,104875.8,2026-05-06T19:11:09Z,1.04,0,0,0,0,0,0,0,0,0,0,0,0,0.9846013858752712,0,1,1,0,0,0,0,0,0,0,0,0,0,0,0,0,0.9775510204081632,0,1,1,0
2023-03-25,TX,1331,2023-12,Region 6,8.13,116137.05000000002,2026-05-06T19:11:09Z,1.03,0,0,0,0,0,0,0,0,0,0,0,0,0.9941205291523763,0,1,1,0,0,0,0,0,0,0,0,0,0,0,0,0,0.9914285714285714,0,1,1,0
2023-04-01,TX,1235,2023-13,Region 6,7.77,108655.68,2026-05-06T19:11:09Z,1,0,0,0,0,0,0,0,0,0,0,0,0,1,0,1,1,0,0,0,0,0,0,0,0,0,0,0,0,0,1,0,1,1,0
2023-04-08,TX,1260,2023-14,Region 6,7.21,97161.96,2026-05-06T19:11:09Z,0.99,0,0,0,0,0,0,0,0,0,0,0,0,1,0,1,1,0,0,0,0,0,0,0,0,0,0,0,0,0,1,0,1,1,0
2023-04-15,TX,1273,2023-15,Region 6,7.36,95113.28,2026-05-06T19:11:09Z,1.02,0,0,0,0,0,0,0,0,0,0,0,0,1,0,1,1,0,0,0,0,0,0,0,0,0,0,0,0,0,1,0,1,1,0
2023-04-22,TX,1116,2023-16,Region 6,6.51,83972.48999999999,2026-05-06T19:11:09Z,0.86,0,0,0,0,0,0,0,0,0,0,0,0,0.9949371223256575,0,1,1,0,0,0,0,0,0,0,0,0,0,0,0,0,0.9936734693877551,0,1,1,0
2023-04-29,TX,928,2023-17,Region 6,6.39,75932.37,2026-05-06T19:11:09Z,0.7,0,0,0,0,0,0,0,0,0,0,0,0,0.9685961596789622,0,1,1,0,0,0,0,0,0,0,0,0,0,0,0,0,0.9579591836734694,0,1,1,0
2023-05-06,TX,900,2023-18,Region 6,6.35,70643.75,2026-05-06T19:11:09Z,0.66,0,0,0,0,0,0,0,0,0,0,0,0,0.9698327150556451,0,1,1,0,0,0,0,0,0,0,0,0,0,0,0,0,0.9591836734693878,0,1,1,0
2023-05-13,TX,787,2023-19,Region 6,5.98,59871.76,2026-05-06T19:11:09Z,0.6,0,0,0,0,0,0,0,0,0,0,0,0,0.994829098714449,0,1,1,0,0,0,0,0,0,0,0,0,0,0,0,0,0.9879591836734695,0,1,1,0
2023-05-20,TX,727,2023-20,Region 6,5.73,55397.64000000001,2026-05-06T19:11:09Z,0.56,0,0,0,0,0,0,0,0,0,0,0,0,0.9955600662607033,0,1,1,0,0,0,0,0,0,0,0,0,0,0,0,0,0.9775510204081632,0,1,1,0
2023-05-27,TX,620,2023-21,Region 6,5.29,47615.29,2026-05-06T19:11:09Z,0.51,0,0,0,0,0,0,0,0,0,0,0,0,0.9962462378385945,0,1,1,0,0,0,0,0,0,0,0,0,0,0,0,0,0.9810204081632654,0,1,1,0
2023-06-03,TX,590,2023-22,Region 6,4.07,34481.04,2026-05-06T19:11:09Z,0.49,0,0,0,0,0,0,0,0,0,0,0,0,0.997013135484473,0,1,1,0,0,0,0,0,0,0,0,0,0,0,0,0,0.9848979591836735,0,1,1,0
2023-06-10,TX,536,2023-23,Region 6,4.14,32184.359999999997,2026-05-06T19:11:09Z,0.4,0,0,0,0,0,0,0,0,0,0,0,0,0.9664751172394485,0,1,1,0,0,0,0,0,0,0,0,0,0,0,0,0,0.9491836734693878,0,1,1,0
2023-06-17,TX,464,2023-24,Region 6,4.72,33016.4,2026-05-06T19:11:09Z,0.38,0,0,0,0,0,0,0,0,0,0,0,0,0.9198287487459461,0,1,1,0,0,0,0,0,0,0,0,0,0,0,0,0,0.9116326530612245,0,1,1,0
2023-06-24,TX,409,2023-25,Region 6,5.22,34984.439999999995,2026-05-06T19:11:09Z,0.44,0,0,0,0,0,0,0,0,0,0,0,0,0.9478813208068527,0,1,1,0,0,0,0,0,0,0,0,0,0,0,0,0,0.9057142857142857,0,1,1,0
2023-07-01,TX,488,2023-26,Region 6,5.67,35817.39,2026-05-06T19:11:09Z,0.49,0,0,0,0,0,0,0,0,0,0,0,0,0.9833036637612647,0,1,1,0,0,0,0,0,0,0,0,0,0,0,0,0,0.94,0,1,1,0
2023-07-08,TX,460,2023-27,Region 6,6.8,42520.4,2026-05-06T19:11:09Z,0.65,0,0,0,0,0,0,0,0,0,0,0,0,0.9918414832323829,0,1,1,0,0,0,0,0,0,0,0,0,0,0,0,0,0.9574285714285715,0,1,1,0
2023-07-15,TX,609,2023-28,Region 6,8.94,57117.659999999996,2026-05-06T19:11:09Z,0.77,0,0,0,0,0,0,0,0,0,0,0,0,0.992523637169449,0,1,1,0,0,0,0,0,0,0,0,0,0,0,0,0,0.9690000000000001,0,1,1,0
2023-07-22,TX,694,2023-29,Region 6,10.23,69103.65000000001,2026-05-06T19:11:09Z,1,0,0,0,0,0,0,0,0,0,0,0,0,0.989853523415571,0,1,1,0,0,0,0,0,0,0,0,0,0,0,0,0,0.9798571428571428,0,1,1,0
2023-11-18,VT,34,2023-46,Region 1,8.45,52398.45,2026-05-06T19:11:09Z,2.24,0,0,0,0,0,0,0,0,0,0,0,0,1,0,1,1,0,0,0,0,0,0,0,0,0,0,0,0,0,1,0,1,1,0
2023-07-29,TX,796,2023-30,Region 6,11.7,82520.09999999999,2026-05-06T19:11:09Z,1.28,0,0,0,0,0,0,0,0,0,0,0,0,0.989464470379672,0,1,0.9176540850453894,0,0,0,0,0,0,0,0,0,0,0,0,0,0.9637142857142856,0,1,0.9142857142857143,0
2023-08-05,TX,967,2023-31,Region 6,15.53,92915.98999999999,2026-05-06T19:11:09Z,1.72,0,0,0,0,0,0,0,0,0,0,0,0,0.9939364012409514,0,1,0.8490324892498805,0,0,0,0,0,0,0,0,0,0,0,0,0,0.971,0,1,0.842857142857143,0
2023-08-12,TX,1050,2023-32,Region 6,16.58,142289.56,2026-05-06T19:11:09Z,2.14,0,0,0,0,0,0,0,0,0,0,0,0,0.9981385729058946,0,1,0.9130793119923554,0,0,0,0,0,0,0,0,0,0,0,0,0,0.9940000000000001,0,1,0.9095238095238095,0
2023-08-19,TX,1267,2023-33,Region 6,18.01,198992.49000000002,2026-05-06T19:11:09Z,2.74,0,0,0,0,0,0,0,0,0,0,0,0,1,0,1,1,0,0,0,0,0,0,0,0,0,0,0,0,0,1,0,1,1,0
2023-08-26,TX,1544,2023-34,Region 6,18.13,253348.62,2026-05-06T19:11:09Z,3.58,0,0,0,0,0,0,0,0,0,0,0,0,1,0,1,1,0,0,0,0,0,0,0,0,0,0,0,0,0,1,0,1,1,0
2023-09-02,TX,1829,2023-35,Region 6,17.69,277414.58,2026-05-06T19:11:09Z,3.78,0,0,0,0,0,0,0,0,0,0,0,0,1,0,1,1,0,0,0,0,0,0,0,0,0,0,0,0,0,1,0,1,1,0
2023-09-09,TX,1921,2023-36,Region 6,15.74,231078.94,2026-05-06T19:11:09Z,3.24,0,0,0,0,0,0,0,0,0,0,0,0,1,0,1,1,0,0,0,0,0,0,0,0,0,0,0,0,0,1,0,1,1,0
2023-09-16,TX,1827,2023-37,Region 6,12.76,168865.84,2026-05-06T19:11:09Z,2.35,0,0,0,0,0,0,0,0,0,0,0,0,1,0,1,1,0,0,0,0,0,0,0,0,0,0,0,0,0,1,0,1,1,0
2023-09-23,TX,1634,2023-38,Region 6,11.89,127948.29000000001,2026-05-06T19:11:09Z,1.81,0,0,0,0,0,0,0,0,0,0,0,0,1,0,1,1,0,0,0,0,0,0,0,0,0,0,0,0,0,1,0,1,1,0
2023-09-30,TX,1385,2023-39,Region 6,10.19,127222.15,2026-05-06T19:11:09Z,1.44,0,0,0,0,0,0,0,0,0,0,0,0,1,0,1,1,0,0,0,0,0,0,0,0,0,0,0,0,0,1,0,1,1,0
2023-10-07,TX,1199,2023-40,Region 6,9.19,110647.59999999999,2026-05-06T19:11:09Z,1.16,0,0,0,0,0,0,0,0,0,0,0,0,1,0,1,1,0,0,0,0,0,0,0,0,0,0,0,0,0,1,0,1,1,0
2023-10-14,TX,1105,2023-41,Region 6,9.64,116046.32,2026-05-06T19:11:09Z,1.08,0,0,0,0,0,0,0,0,0,0,0,0,0.9957453094991875,0,1,1,0,0,0,0,0,0,0,0,0,0,0,0,0,0.9862857142857143,0,1,1,0
2023-10-21,TX,946,2023-42,Region 6,10.1,131047.5,2026-05-06T19:11:09Z,1.1,0,0,0,0,0,0,0,0,0,0,0,0,0.9939364012409514,0,1,1,0,0,0,0,0,0,0,0,0,0,0,0,0,0.971,0,1,1,0
2023-10-28,TX,1198,2023-43,Region 6,10.44,139937.75999999998,2026-05-06T19:11:09Z,1.18,0,0,0,0,0,0,0,0,0,0,0,0,0.9941475845767469,0,1,1,0,0,0,0,0,0,0,0,0,0,0,0,0,0.9758571428571429,0,1,1,0
2023-11-04,TX,1053,2023-44,Region 6,10.62,146396.69999999998,2026-05-06T19:11:09Z,1.07,0,0,0,0,0,0,0,0,0,0,0,0,0.988228468015955,0,0.9748799519807924,1,0,0,0,0,0,0,0,0,0,0,0,0,0,0.9798571428571428,0,0.9557142857142857,1,0
2023-11-11,TX,1241,2023-45,Region 6,10.33,160745.13,2026-05-06T19:11:09Z,1.29,0,0,0,0,0,0,0,0,0,0,0,0,0.9900723888314374,0,0.9702881152460984,1,0,0,0,0,0,0,0,0,0,0,0,0,0,0.9862857142857143,0,0.9476190476190476,1,0
2023-11-18,TX,1016,2023-46,Region 6,6.35,162401.25,2026-05-06T19:11:09Z,1.2,0,0,0,0,0,0,0,0,0,0,0,0,1,0,0.991626650660264,1,0,0,0,0,0,0,0,0,0,0,0,0,0,1,0,0.9852380952380951,1,0
2023-11-25,TX,1026,2023-47,Region 6,8.94,130979.93999999999,2026-05-06T19:11:09Z,1.29,0,0,0,0,0,0,0,0,0,0,0,0,1,0,1,1,0,0,0,0,0,0,0,0,0,0,0,0,0,1,0,1,1,0
2023-12-02,TX,1184,2023-48,Region 6,8.97,150516.6,2026-05-06T19:11:09Z,1.42,0,0,0,0,0,0,0,0,0,0,0,0,1,0,1,1,0,0,0,0,0,0,0,0,0,0,0,0,0,1,0,1,1,0
2023-12-09,TX,1257,2023-49,Region 6,8.49,151351.23,2026-05-06T19:11:09Z,1.54,0,0,0,0,0,0,0,0,0,0,0,0,1,0,1,1,0,0,0,0,0,0,0,0,0,0,0,0,0,1,0,1,1,0
2023-12-16,TX,1436,2023-50,Region 6,8.4,150116.4,2026-05-06T19:11:09Z,1.72,0,0,0,0,0,0,0,0,0,0,0,0,1,0,1,1,0,0,0,0,0,0,0,0,0,0,0,0,0,1,0,1,1,0
2023-12-23,TX,1749,2023-51,Region 6,8.35,176560.75,2026-05-06T19:11:09Z,2.25,0,0,0,0,0,0,0,0,0,0,0,0,1,0,1,1,0,0,0,0,0,0,0,0,0,0,0,0,0,1,0,1,1,0
2023-12-30,TX,1873,2023-52,Region 6,8.52,168508.56,2026-05-06T19:11:09Z,2.57,0,0,0,0,0,0,0,0,0,0,0,0,1,0,1,1,0,0,0,0,0,0,0,0,0,0,0,0,0,1,0,1,1,0
2024-01-06,TX,2228,2024-01,Region 6,10.15,127494.15000000001,2026-05-06T19:11:09Z,2.67,0,0,0,0,0,0,0,0,0,0,0,0,1,0,1,1,0,0,0,0,0,0,0,0,0,0,0,0,0,1,0,1,1,0
2024-01-13,TX,1980,2024-02,Region 6,9.3,155403,2026-05-06T19:11:09Z,2.4,0,0,0,0,0,0,0,0,0,0,0,0,1,0,1,1,0,0,0,0,0,0,0,0,0,0,0,0,0,1,0,1,1,0
2024-01-20,TX,1785,2024-03,Region 6,9.74,155937.4,2026-05-06T19:11:09Z,2.44,0,0,0,0,0,0,0,0,0,0,0,0,1,0,1,1,0,0,0,0,0,0,0,0,0,0,0,0,0,1,0,1,1,0
2024-01-27,TX,1859,2024-04,Region 6,10.95,213207.44999999998,2026-05-06T19:11:09Z,2.72,0,0,0,0,0,0,0,0,0,0,0,0,1,0,1,1,0,0,0,0,0,0,0,0,0,0,0,0,0,1,0,1,1,0
2024-02-03,TX,1928,2024-05,Region 6,11.05,228403.50000000003,2026-05-06T19:11:09Z,2.72,0,0,0,0,0,0,0,0,0,0,0,0,1,0,1,1,0,0,0,0,0,0,0,0,0,0,0,0,0,1,0,1,1,0
2024-02-10,TX,1866,2024-06,Region 6,10.83,218256.99,2026-05-06T19:11:09Z,2.56,0,0,0,0,0,0,0,0,0,0,0,0,1,0,1,1,0,0,0,0,0,0,0,0,0,0,0,0,0,1,0,1,1,0
2024-02-17,TX,1736,2024-07,Region 6,9.14,165452.28,2026-05-06T19:11:09Z,2.06,0,0,0,0,0,0,0,0,0,0,0,0,1,0,1,1,0,0,0,0,0,0,0,0,0,0,0,0,0,1,0,1,1,0
2024-02-24,TX,1514,2024-08,Region 6,8.2,142778.4,2026-05-06T19:11:09Z,1.68,0,0,0,0,0,0,0,0,0,0,0,0,0.9997165704848986,0,1,1,0,0,0,0,0,0,0,0,0,0,0,0,0,0.9965934065934066,0,1,1,0
2024-03-02,TX,1268,2024-09,Region 6,6.99,113657.40000000001,2026-05-06T19:11:09Z,1.28,0,0,0,0,0,0,0,0,0,0,0,0,0.9989942823657693,0,1,1,0,0,0,0,0,0,0,0,0,0,0,0,0,0.9879120879120878,0,1,1,0
2024-03-09,TX,1094,2024-10,Region 6,5.86,91902.38,2026-05-06T19:11:09Z,0.98,0,0,0,0,0,0,0,0,0,0,0,0,0.9982902800218076,0,1,1,0,0,0,0,0,0,0,0,0,0,0,0,0,0.9794505494505494,0,1,1,0
2024-03-16,TX,889,2024-11,Region 6,4.81,67950.87,2026-05-06T19:11:09Z,0.76,0,0,0,0,0,0,0,0,0,0,0,0,0.9989942823657693,0,1,1,0,0,0,0,0,0,0,0,0,0,0,0,0,0.9879120879120878,0,1,1,0
2024-03-23,TX,794,2024-12,Region 6,4.85,63947.24999999999,2026-05-06T19:11:09Z,0.65,0,0,0,0,0,0,0,0,0,0,0,0,0.9997165704848986,0,1,1,0,0,0,0,0,0,0,0,0,0,0,0,0,0.9965934065934066,0,1,1,0
2024-03-30,TX,682,2024-13,Region 6,3.6,44719.200000000004,2026-05-06T19:11:09Z,0.53,0,0,0,0,0,0,0,0,0,0,0,0,0.9968329671598047,0,1,0.9647386016231903,0,0,0,0,0,0,0,0,0,0,0,0,0,0.9841758241758243,0,1,0.9455357142857143,0
2024-04-06,TX,642,2024-14,Region 6,3.5,42308,2026-05-06T19:11:09Z,0.48,0,0,0,0,0,0,0,0,0,0,0,0,0.9955062443279746,0,1,0.9569116094580095,0,0,0,0,0,0,0,0,0,0,0,0,0,0.9758241758241758,0,1,0.9392857142857143,0
2024-04-13,TX,585,2024-15,Region 6,2.84,33344.439999999995,2026-05-06T19:11:09Z,0.41,0,0,0,0,0,0,0,0,0,0,0,0,0.9949066188798409,0,1,0.979291662549651,0,0,0,0,0,0,0,0,0,0,0,0,0,0.9783516483516483,0,1,0.8785714285714286,0
2024-04-20,TX,560,2024-16,Region 6,2.99,33018.57,2026-05-06T19:11:09Z,0.36,0,0,0,0,0,0,0,0,0,0,0,0,0.9792805255648876,0,1,0.9756890767762171,0,0,0,0,0,0,0,0,0,0,0,0,0,0.9746153846153847,0,1,0.8,0
2024-04-27,TX,470,2024-17,Region 6,2.75,29779.75,2026-05-06T19:11:09Z,0.32,0,0,0,0,0,0,0,0,0,0,0,0,0.975820867472946,0,1,0.9718317585864292,0,0,0,0,0,0,0,0,0,0,0,0,0,0.9756043956043956,0,1,0.7764285714285714,0
2023-11-25,VT,48,2023-47,Region 1,10.34,62588.02,2026-05-06T19:11:09Z,3.13,0,0,0,0,0,0,0,0,0,0,0,0,1,0,1,1,0,0,0,0,0,0,0,0,0,0,0,0,0,1,0,1,1,0
2023-12-02,VT,41,2023-48,Region 1,11.54,81587.79999999999,2026-05-06T19:11:09Z,2.95,0,0,0,0,0,0,0,0,0,0,0,0,1,0,1,1,0,0,0,0,0,0,0,0,0,0,0,0,0,1,0,1,1,0
2022-10-01,USA,23965,2022-39,National,6.95,1416111.1500000001,2026-05-06T19:11:09Z,1.84,0,0,0,0,0,0,0,0,0,0,0,0,0,0,0,0,0,0,0,0,0,0,0,0,0,0,0,0,0,0,0,0,0,0
2022-10-08,USA,23227,2022-40,National,6.92,1331442.6,2026-05-06T19:11:09Z,1.68,0,0,0,0,0,0,0,0,0,0,0,0,0,0,0,0,0,0,0,0,0,0,0,0,0,0,0,0,0,0,0,0,0,0
2022-10-15,USA,22577,2022-41,National,7.15,1384597.5,2026-05-06T19:11:09Z,1.63,0,0,0,0,0,0,0,0,0,0,0,0,0,0,0,0,0,0,0,0,0,0,0,0,0,0,0,0,0,0,0,0,0,0
2022-10-22,USA,22463,2022-42,National,6.83,1358323.08,2026-05-06T19:11:09Z,1.61,0,0,0,0,0,0,0,0,0,0,0,0,0,0,0,0,0,0,0,0,0,0,0,0,0,0,0,0,0,0,0,0,0,0
2022-10-29,USA,22964,2022-43,National,6.93,1420261.92,2026-05-06T19:11:09Z,1.67,0,0,0,0,0,0,0,0,0,0,0,0,0,0,0,0,0,0,0,0,0,0,0,0,0,0,0,0,0,0,0,0,0,0
2022-11-05,USA,23250,2022-44,National,6.53,1487364.22,2026-05-06T19:11:09Z,1.72,0,0,0,0,0,0,0,0,0,0,0,0,0,0,0,0,0,0,0,0,0,0,0,0,0,0,0,0,0,0,0,0,0,0
2022-11-12,USA,23432,2022-45,National,6.77,1425369.3399999999,2026-05-06T19:11:09Z,1.7,0,0,0,0,0,0,0,0,0,0,0,0,0,0,0,0,0,0,0,0,0,0,0,0,0,0,0,0,0,0,0,0,0,0
2022-11-19,USA,23745,2022-46,National,6.74,1507401,2026-05-06T19:11:09Z,1.76,0,0,0,0,0,0,0,0,0,0,0,0,0,0,0,0,0,0,0,0,0,0,0,0,0,0,0,0,0,0,0,0,0,0
2022-11-26,USA,26049,2022-47,National,7.61,1556952.73,2026-05-06T19:11:09Z,2.25,0,0,0,0,0,0,0,0,0,0,0,0,0,0,0,0,0,0,0,0,0,0,0,0,0,0,0,0,0,0,0,0,0,0
2022-12-03,USA,33366,2022-48,National,8.58,2136960.54,2026-05-06T19:11:09Z,2.6,0,0,0,0,0,0,0,0,0,0,0,0,0,0,0,0,0,0,0,0,0,0,0,0,0,0,0,0,0,0,0,0,0,0
2022-12-10,USA,34413,2022-49,National,8.7,2072183.4,2026-05-06T19:11:09Z,2.72,0,0,0,0,0,0,0,0,0,0,0,0,0,0,0,0,0,0,0,0,0,0,0,0,0,0,0,0,0,0,0,0,0,0
2022-12-17,USA,35972,2022-50,National,9.42,2169576.72,2026-05-06T19:11:09Z,2.9,0,0,0,0,0,0,0,0,0,0,0,0,0,0,0,0,0,0,0,0,0,0,0,0,0,0,0,0,0,0,0,0,0,0
2022-12-24,USA,38187,2022-51,National,9.8,1929139.8,2026-05-06T19:11:09Z,3.28,0,0,0,0,0,0,0,0,0,0,0,0,0,0,0,0,0,0,0,0,0,0,0,0,0,0,0,0,0,0,0,0,0,0
2022-12-31,USA,44221,2022-52,National,10.61,1887932.7899999998,2026-05-06T19:11:09Z,3.8,0,0,0,0,0,0,0,0,0,0,0,0,0,0,0,0,0,0,0,0,0,0,0,0,0,0,0,0,0,0,0,0,0,0
2023-01-07,USA,43476,2023-01,National,10.24,1814384.6400000001,2026-05-06T19:11:09Z,3.32,0,0,0,0,0,0,0,0,0,0,0,0,0,0,0,0,0,0,0,0,0,0,0,0,0,0,0,0,0,0,0,0,0,0
2023-01-14,USA,36719,2023-02,National,8.81,1487277.77,2026-05-06T19:11:09Z,2.58,0,0,0,0,0,0,0,0,0,0,0,0,0,0,0,0,0,0,0,0,0,0,0,0,0,0,0,0,0,0,0,0,0,0
2023-01-21,USA,31072,2023-03,National,8.43,1331510.07,2026-05-06T19:11:09Z,2.3,0,0,0,0,0,0,0,0,0,0,0,0,0,0,0,0,0,0,0,0,0,0,0,0,0,0,0,0,0,0,0,0,0,0
2023-01-28,USA,27687,2023-04,National,8.28,1302013.44,2026-05-06T19:11:09Z,2.13,0,0,0,0,0,0,0,0,0,0,0,0,0,0,0,0,0,0,0,0,0,0,0,0,0,0,0,0,0,0,0,0,0,0
2023-02-04,USA,25899,2023-05,National,7.98,1187192.58,2026-05-06T19:11:09Z,2.06,0,0,0,0,0,0,0,0,0,0,0,0,0,0,0,0,0,0,0,0,0,0,0,0,0,0,0,0,0,0,0,0,0,0
2023-02-11,USA,25808,2023-06,National,8,1217128,2026-05-06T19:11:09Z,1.95,0,0,0,0,0,0,0,0,0,0,0,0,0,0,0,0,0,0,0,0,0,0,0,0,0,0,0,0,0,0,0,0,0,0
2023-02-18,USA,24902,2023-07,National,8.13,1164321.6900000002,2026-05-06T19:11:09Z,1.84,0,0,0,0,0,0,0,0,0,0,0,0,0,0,0,0,0,0,0,0,0,0,0,0,0,0,0,0,0,0,0,0,0,0
2023-02-25,USA,23536,2023-08,National,7.87,1069902.8900000001,2026-05-06T19:11:09Z,1.73,0,0,0,0,0,0,0,0,0,0,0,0,0,0,0,0,0,0,0,0,0,0,0,0,0,0,0,0,0,0,0,0,0,0
2023-03-04,USA,21877,2023-09,National,7.37,984322.46,2026-05-06T19:11:09Z,1.51,0,0,0,0,0,0,0,0,0,0,0,0,0,0,0,0,0,0,0,0,0,0,0,0,0,0,0,0,0,0,0,0,0,0
2023-03-11,USA,19738,2023-10,National,6.84,884822.4,2026-05-06T19:11:09Z,1.32,0,0,0,0,0,0,0,0,0,0,0,0,0,0,0,0,0,0,0,0,0,0,0,0,0,0,0,0,0,0,0,0,0,0
2023-03-18,USA,17701,2023-11,National,6.85,838398.8999999999,2026-05-06T19:11:09Z,1.22,0,0,0,0,0,0,0,0,0,0,0,0,0,0,0,0,0,0,0,0,0,0,0,0,0,0,0,0,0,0,0,0,0,0
2023-03-25,USA,16768,2023-12,National,6.86,812134.8200000001,2026-05-06T19:11:09Z,1.17,0,0,0,0,0,0,0,0,0,0,0,0,0,0,0,0,0,0,0,0,0,0,0,0,0,0,0,0,0,0,0,0,0,0
2023-04-01,USA,15495,2023-13,National,6.47,718267.0499999999,2026-05-06T19:11:09Z,1.09,0,0,0,0,0,0,0,0,0,0,0,0,0,0,0,0,0,0,0,0,0,0,0,0,0,0,0,0,0,0,0,0,0,0
2023-04-08,USA,14080,2023-14,National,6.18,646520.7,2026-05-06T19:11:09Z,1,0,0,0,0,0,0,0,0,0,0,0,0,0,0,0,0,0,0,0,0,0,0,0,0,0,0,0,0,0,0,0,0,0,0
2023-04-15,USA,13029,2023-15,National,5.72,570518.52,2026-05-06T19:11:09Z,0.91,0,0,0,0,0,0,0,0,0,0,0,0,0,0,0,0,0,0,0,0,0,0,0,0,0,0,0,0,0,0,0,0,0,0
2023-04-22,USA,11531,2023-16,National,5.05,457752.2,2026-05-06T19:11:09Z,0.77,0,0,0,0,0,0,0,0,0,0,0,0,0,0,0,0,0,0,0,0,0,0,0,0,0,0,0,0,0,0,0,0,0,0
2023-04-29,USA,9914,2023-17,National,4.94,429404.56000000006,2026-05-06T19:11:09Z,0.7,0,0,0,0,0,0,0,0,0,0,0,0,0,0,0,0,0,0,0,0,0,0,0,0,0,0,0,0,0,0,0,0,0,0
2023-05-06,USA,9479,2023-18,National,5.04,413033.04,2026-05-06T19:11:09Z,0.67,0,0,0,0,0,0,0,0,0,0,0,0,0,0,0,0,0,0,0,0,0,0,0,0,0,0,0,0,0,0,0,0,0,0
2023-05-13,USA,9057,2023-19,National,4.77,361203.48,2026-05-06T19:11:09Z,0.63,0,0,0,0,0,0,0,0,0,0,0,0,0,0,0,0,0,0,0,0,0,0,0,0,0,0,0,0,0,0,0,0,0,0
2023-05-20,USA,8240,2023-20,National,4.63,320173.76,2026-05-06T19:11:09Z,0.58,0,0,0,0,0,0,0,0,0,0,0,0,0,0,0,0,0,0,0,0,0,0,0,0,0,0,0,0,0,0,0,0,0,0
2023-05-27,USA,7655,2023-21,National,4.57,287498.7,2026-05-06T19:11:09Z,0.55,0,0,0,0,0,0,0,0,0,0,0,0,0,0,0,0,0,0,0,0,0,0,0,0,0,0,0,0,0,0,0,0,0,0
2023-06-03,USA,7256,2023-22,National,4.17,243336.18,2026-05-06T19:11:09Z,0.56,0,0,0,0,0,0,0,0,0,0,0,0,0,0,0,0,0,0,0,0,0,0,0,0,0,0,0,0,0,0,0,0,0,0
2023-06-10,USA,6787,2023-23,National,4.1,229509.8,2026-05-06T19:11:09Z,0.49,0,0,0,0,0,0,0,0,0,0,0,0,0,0,0,0,0,0,0,0,0,0,0,0,0,0,0,0,0,0,0,0,0,0
2023-06-17,USA,6492,2023-24,National,4.26,211790.16,2026-05-06T19:11:09Z,0.49,0,0,0,0,0,0,0,0,0,0,0,0,0,0,0,0,0,0,0,0,0,0,0,0,0,0,0,0,0,0,0,0,0,0
2023-06-24,USA,6115,2023-25,National,4.44,208484.64,2026-05-06T19:11:09Z,0.51,0,0,0,0,0,0,0,0,0,0,0,0,0,0,0,0,0,0,0,0,0,0,0,0,0,0,0,0,0,0,0,0,0,0
2023-07-01,USA,6317,2023-26,National,4.87,214206.95,2026-05-06T19:11:09Z,0.54,0,0,0,0,0,0,0,0,0,0,0,0,0,0,0,0,0,0,0,0,0,0,0,0,0,0,0,0,0,0,0,0,0,0
2023-07-08,USA,6265,2023-27,National,5.92,253056.32,2026-05-06T19:11:09Z,0.61,0,0,0,0,0,0,0,0,0,0,0,0,0,0,0,0,0,0,0,0,0,0,0,0,0,0,0,0,0,0,0,0,0,0
2023-07-15,USA,6994,2023-28,National,6.59,300306.3,2026-05-06T19:11:09Z,0.68,0,0,0,0,0,0,0,0,0,0,0,0,0,0,0,0,0,0,0,0,0,0,0,0,0,0,0,0,0,0,0,0,0,0
2023-07-22,USA,7802,2023-29,National,7.44,341443.92000000004,2026-05-06T19:11:09Z,0.83,0,0,0,0,0,0,0,0,0,0,0,0,0,0,0,0,0,0,0,0,0,0,0,0,0,0,0,0,0,0,0,0,0,0
2023-07-29,USA,8892,2023-30,National,8.96,425241.60000000003,2026-05-06T19:11:09Z,1.04,0,0,0,0,0,0,0,0,0,0,0,0,0,0,0,0,0,0,0,0,0,0,0,0,0,0,0,0,0,0,0,0,0,0
2023-08-05,USA,10437,2023-31,National,10.56,499403.52,2026-05-06T19:11:09Z,1.3,0,0,0,0,0,0,0,0,0,0,0,0,0,0,0,0,0,0,0,0,0,0,0,0,0,0,0,0,0,0,0,0,0,0
2023-08-12,USA,12687,2023-32,National,12.32,650742.4,2026-05-06T19:11:09Z,1.59,0,0,0,0,0,0,0,0,0,0,0,0,0,0,0,0,0,0,0,0,0,0,0,0,0,0,0,0,0,0,0,0,0,0
2023-08-19,USA,14774,2023-33,National,13.29,797798.7,2026-05-06T19:11:09Z,1.97,0,0,0,0,0,0,0,0,0,0,0,0,0,0,0,0,0,0,0,0,0,0,0,0,0,0,0,0,0,0,0,0,0,0
2023-08-26,USA,17067,2023-34,National,14.55,1023170.55,2026-05-06T19:11:09Z,2.41,0,0,0,0,0,0,0,0,0,0,0,0,0,0,0,0,0,0,0,0,0,0,0,0,0,0,0,0,0,0,0,0,0,0
2023-09-02,USA,18678,2023-35,National,14.08,1089594.8800000001,2026-05-06T19:11:09Z,2.47,0,0,0,0,0,0,0,0,0,0,0,0,0,0,0,0,0,0,0,0,0,0,0,0,0,0,0,0,0,0,0,0,0,0
2023-09-09,USA,20174,2023-36,National,13.87,1136993.25,2026-05-06T19:11:09Z,2.42,0,0,0,0,0,0,0,0,0,0,0,0,0,0,0,0,0,0,0,0,0,0,0,0,0,0,0,0,0,0,0,0,0,0
2023-09-16,USA,19432,2023-37,National,12.64,1102182.72,2026-05-06T19:11:09Z,2.06,0,0,0,0,0,0,0,0,0,0,0,0,0,0,0,0,0,0,0,0,0,0,0,0,0,0,0,0,0,0,0,0,0,0
2023-09-23,USA,19002,2023-38,National,12.01,1074090.33,2026-05-06T19:11:09Z,1.89,0,0,0,0,0,0,0,0,0,0,0,0,0,0,0,0,0,0,0,0,0,0,0,0,0,0,0,0,0,0,0,0,0,0
2023-09-30,USA,17915,2023-39,National,10.87,951266.3099999999,2026-05-06T19:11:09Z,1.69,0,0,0,0,0,0,0,0,0,0,0,0,0,0,0,0,0,0,0,0,0,0,0,0,0,0,0,0,0,0,0,0,0,0
2023-10-07,USA,16724,2023-40,National,10.04,856843.72,2026-05-06T19:11:09Z,1.47,0,0,0,0,0,0,0,0,0,0,0,0,0,0,0,0,0,0,0,0,0,0,0,0,0,0,0,0,0,0,0,0,0,0
2023-10-14,USA,15716,2023-41,National,9.15,764162.25,2026-05-06T19:11:09Z,1.35,0,0,0,0,0,0,0,0,0,0,0,0,0,0,0,0,0,0,0,0,0,0,0,0,0,0,0,0,0,0,0,0,0,0
2023-10-21,USA,15513,2023-42,National,9.44,818145.9199999999,2026-05-06T19:11:09Z,1.36,0,0,0,0,0,0,0,0,0,0,0,0,0,0,0,0,0,0,0,0,0,0,0,0,0,0,0,0,0,0,0,0,0,0
2023-10-28,USA,15826,2023-43,National,9.6,841747.2,2026-05-06T19:11:09Z,1.37,0,0,0,0,0,0,0,0,0,0,0,0,0,0,0,0,0,0,0,0,0,0,0,0,0,0,0,0,0,0,0,0,0,0
2023-11-04,USA,14693,2023-44,National,9.3,810987.9,2026-05-06T19:11:09Z,1.33,0,0,0,0,0,0,0,0,0,0,0,0,0,0,0,0,0,0,0,0,0,0,0,0,0,0,0,0,0,0,0,0,0,0
2023-12-09,VT,46,2023-49,Region 1,11.42,84199.66,2026-05-06T19:11:09Z,3.15,0,0,0,0,0,0,0,0,0,0,0,0,1,0,1,1,0,0,0,0,0,0,0,0,0,0,0,0,0,1,0,1,1,0
2023-11-11,USA,16266,2023-45,National,10.05,967131.6000000001,2026-05-06T19:11:09Z,1.51,0,0,0,0,0,0,0,0,0,0,0,0,0,0,0,0,0,0,0,0,0,0,0,0,0,0,0,0,0,0,0,0,0,0
2023-11-18,USA,17369,2023-46,National,9.53,1061079.73,2026-05-06T19:11:09Z,1.61,0,0,0,0,0,0,0,0,0,0,0,0,0,0,0,0,0,0,0,0,0,0,0,0,0,0,0,0,0,0,0,0,0,0
2023-11-25,USA,18715,2023-47,National,11.15,1069597.2,2026-05-06T19:11:09Z,1.89,0,0,0,0,0,0,0,0,0,0,0,0,0,0,0,0,0,0,0,0,0,0,0,0,0,0,0,0,0,0,0,0,0,0
2023-12-02,USA,22351,2023-48,National,11.69,1360774.45,2026-05-06T19:11:09Z,2.06,0,0,0,0,0,0,0,0,0,0,0,0,0,0,0,0,0,0,0,0,0,0,0,0,0,0,0,0,0,0,0,0,0,0
2023-12-09,USA,22857,2023-49,National,11.57,1410938.36,2026-05-06T19:11:09Z,2.11,0,0,0,0,0,0,0,0,0,0,0,0,0,0,0,0,0,0,0,0,0,0,0,0,0,0,0,0,0,0,0,0,0,0
2023-12-16,USA,24595,2023-50,National,11.9,1568420,2026-05-06T19:11:09Z,2.35,0,0,0,0,0,0,0,0,0,0,0,0,0,0,0,0,0,0,0,0,0,0,0,0,0,0,0,0,0,0,0,0,0,0
2023-12-23,USA,28813,2023-51,National,12.45,1752462,2026-05-06T19:11:09Z,2.81,0,0,0,0,0,0,0,0,0,0,0,0,0,0,0,0,0,0,0,0,0,0,0,0,0,0,0,0,0,0,0,0,0,0
2023-12-30,USA,34161,2023-52,National,13.12,1855456.64,2026-05-06T19:11:09Z,3.42,0,0,0,0,0,0,0,0,0,0,0,0,0,0,0,0,0,0,0,0,0,0,0,0,0,0,0,0,0,0,0,0,0,0
2024-01-06,USA,34351,2024-01,National,12.86,1658978.5799999998,2026-05-06T19:11:09Z,3.12,0,0,0,0,0,0,0,0,0,0,0,0,0,0,0,0,0,0,0,0,0,0,0,0,0,0,0,0,0,0,0,0,0,0
2024-01-13,USA,30459,2024-02,National,11.86,1453051.6199999999,2026-05-06T19:11:09Z,2.63,0,0,0,0,0,0,0,0,0,0,0,0,0,0,0,0,0,0,0,0,0,0,0,0,0,0,0,0,0,0,0,0,0,0
2024-01-20,USA,25362,2024-03,National,10.9,1164425.2,2026-05-06T19:11:09Z,2.28,0,0,0,0,0,0,0,0,0,0,0,0,0,0,0,0,0,0,0,0,0,0,0,0,0,0,0,0,0,0,0,0,0,0
2024-01-27,USA,22776,2024-04,National,10.43,1154872.18,2026-05-06T19:11:09Z,2.1,0,0,0,0,0,0,0,0,0,0,0,0,0,0,0,0,0,0,0,0,0,0,0,0,0,0,0,0,0,0,0,0,0,0
2024-02-03,USA,20899,2024-05,National,9.96,1144194.84,2026-05-06T19:11:09Z,1.97,0,0,0,0,0,0,0,0,0,0,0,0,0,0,0,0,0,0,0,0,0,0,0,0,0,0,0,0,0,0,0,0,0,0
2024-02-10,USA,19763,2024-06,National,9.49,1119734.59,2026-05-06T19:11:09Z,1.94,0,0,0,0,0,0,0,0,0,0,0,0,0,0,0,0,0,0,0,0,0,0,0,0,0,0,0,0,0,0,0,0,0,0
2024-02-17,USA,18974,2024-07,National,8.39,960101.26,2026-05-06T19:11:09Z,1.77,0,0,0,0,0,0,0,0,0,0,0,0,0,0,0,0,0,0,0,0,0,0,0,0,0,0,0,0,0,0,0,0,0,0
2024-02-24,USA,17372,2024-08,National,7.69,856204.6000000001,2026-05-06T19:11:09Z,1.57,0,0,0,0,0,0,0,0,0,0,0,0,0,0,0,0,0,0,0,0,0,0,0,0,0,0,0,0,0,0,0,0,0,0
2024-03-02,USA,15308,2024-09,National,6.74,716495.7000000001,2026-05-06T19:11:09Z,1.29,0,0,0,0,0,0,0,0,0,0,0,0,0,0,0,0,0,0,0,0,0,0,0,0,0,0,0,0,0,0,0,0,0,0
2024-03-09,USA,13358,2024-10,National,5.53,559934.62,2026-05-06T19:11:09Z,1.01,0,0,0,0,0,0,0,0,0,0,0,0,0,0,0,0,0,0,0,0,0,0,0,0,0,0,0,0,0,0,0,0,0,0
2024-03-16,USA,10666,2024-11,National,4.71,429250.56,2026-05-06T19:11:09Z,0.79,0,0,0,0,0,0,0,0,0,0,0,0,0,0,0,0,0,0,0,0,0,0,0,0,0,0,0,0,0,0,0,0,0,0
2024-03-23,USA,9262,2024-12,National,4.12,346533.2,2026-05-06T19:11:09Z,0.65,0,0,0,0,0,0,0,0,0,0,0,0,0,0,0,0,0,0,0,0,0,0,0,0,0,0,0,0,0,0,0,0,0,0
2024-03-30,USA,7955,2024-13,National,3.83,299138.32,2026-05-06T19:11:09Z,0.59,0,0,0,0,0,0,0,0,0,0,0,0,0,0,0,0,0,0,0,0,0,0,0,0,0,0,0,0,0,0,0,0,0,0
2024-04-06,USA,7322,2024-14,National,3.55,267354.05,2026-05-06T19:11:09Z,0.52,0,0,0,0,0,0,0,0,0,0,0,0,0,0,0,0,0,0,0,0,0,0,0,0,0,0,0,0,0,0,0,0,0,0
2024-04-13,USA,6457,2024-15,National,3.41,240807.38,2026-05-06T19:11:09Z,0.44,0,0,0,0,0,0,0,0,0,0,0,0,0,0,0,0,0,0,0,0,0,0,0,0,0,0,0,0,0,0,0,0,0,0
2024-04-20,USA,5630,2024-16,National,3.13,199944.4,2026-05-06T19:11:09Z,0.38,0,0,0,0,0,0,0,0,0,0,0,0,0,0,0,0,0,0,0,0,0,0,0,0,0,0,0,0,0,0,0,0,0,0
2024-04-27,USA,5102,2024-17,National,3.11,195824.25999999998,2026-05-06T19:11:09Z,0.35,0,0,0,0,0,0,0,0,0,0,0,0,0,0,0,0,0,0,0,0,0,0,0,0,0,0,0,0,0,0,0,0,0,0
2023-12-16,VT,37,2023-50,Region 1,11.25,87693.75,2026-05-06T19:11:09Z,2.87,0,0,0,0,0,0,0,0,0,0,0,0,1,0,1,1,0,0,0,0,0,0,0,0,0,0,0,0,0,1,0,1,1,0
2022-10-01,UT,149,2022-39,Region 8,6.41,100752.38,2026-05-06T19:11:09Z,1.88,1,1,0,0,0,0,0,0,1,0,0,1,1,0,1,0.9917903978086073,0,1,1,0,0,0,0,0,0,1,0,0,1,1,0,1,0.9642857142857143,0
2022-10-08,UT,128,2022-40,Region 8,6.19,88331.3,2026-05-06T19:11:09Z,1.41,1,1,0,0,0,0,0,0,1,0,0,1,1,0,1,0.9917903978086073,0,1,1,0,0,0,0,0,0,1,0,0,1,1,0,1,0.9642857142857143,0
2022-10-15,UT,156,2022-41,Region 8,8.49,114648.96,2026-05-06T19:11:09Z,1.77,1,1,0,0,0,0,0,0,1,0,0,1,1,0,1,0.9917903978086073,0,1,1,0,0,0,0,0,0,1,0,0,1,1,0,1,0.9642857142857143,0
2022-10-22,UT,130,2022-42,Region 8,7.33,91559.03,2026-05-06T19:11:09Z,1.91,1,1,0,0,0,0,0,0,1,0,0,1,1,0,1,0.9917903978086073,0,1,1,0,0,0,0,0,0,1,0,0,1,1,0,1,0.9642857142857143,0
2022-10-29,UT,175,2022-43,Region 8,8.14,93325.1,2026-05-06T19:11:09Z,2.39,1,1,0,0,0,0,0,0,1,0,0,1,1,0,1,0.9917903978086073,0,1,1,0,0,0,0,0,0,1,0,0,1,1,0,1,0.9642857142857143,0
2022-11-05,UT,170,2022-44,Region 8,9.67,106360.33,2026-05-06T19:11:09Z,2.63,1,1,0,0,0,0,0,0,1,0,0,1,1,0,1,0.9917903978086073,0,1,1,0,0,0,0,0,0,1,0,0,1,1,0,1,0.9642857142857143,0
2022-11-12,UT,207,2022-45,Region 8,10.76,118994.84,2026-05-06T19:11:09Z,3.32,1,1,0,0,0,0,0,0,1,0,0,1,1,0,1,0.9917903978086073,0,1,1,0,0,0,0,0,0,1,0,0,1,1,0,1,0.9642857142857143,0
2022-11-19,UT,242,2022-46,Region 8,9.69,126939,2026-05-06T19:11:09Z,3.66,1,1,0,0,0,0,0,0,1,0,0,1,1,0,1,0.9917903978086073,0,1,1,0,0,0,0,0,0,1,0,0,1,1,0,1,0.9642857142857143,0
2022-11-26,UT,252,2022-47,Region 8,10.66,122952.44,2026-05-06T19:11:09Z,3.99,1,1,0,0,0,0,0,0,1,0,0,1,1,0,1,0.9917903978086073,0,1,1,0,0,0,0,0,0,1,0,0,1,1,0,1,0.9642857142857143,0
2022-12-03,UT,338,2022-48,Region 8,10.39,145304.15,2026-05-06T19:11:09Z,4.57,1,1,0,0,0,0,0,0,1,0,0,1,1,0,1,0.9917903978086073,0,1,1,0,0,0,0,0,0,1,0,0,1,1,0,1,0.9642857142857143,0
2022-12-10,UT,279,2022-49,Region 8,8.69,116915.26,2026-05-06T19:11:09Z,3.82,1,1,0,0,0,0,0,0,1,0,0,1,1,0,1,0.9917903978086073,0,1,1,0,0,0,0,0,0,1,0,0,1,1,0,1,0.9642857142857143,0
2022-12-17,UT,255,2022-50,Region 8,7.94,100441,2026-05-06T19:11:09Z,3.38,1,1,0,0,0,0,0,0,1,0,0,1,1,0,1,0.9917903978086073,0,1,1,0,0,0,0,0,0,1,0,0,1,1,0,1,0.9642857142857143,0
2022-12-24,UT,272,2022-51,Region 8,8.56,83297.36,2026-05-06T19:11:09Z,3.17,1,1,0,0,0,0,0,0,1,0,0,1,1,0,1,0.9917903978086073,0,1,1,0,0,0,0,0,0,1,0,0,1,1,0,1,0.9642857142857143,0
2022-12-31,UT,287,2022-52,Region 8,7.72,75123.31999999999,2026-05-06T19:11:09Z,3.47,1,1,0,0,0,0,0,0,1,0,0,1,1,0,1,0.9917903978086073,0,1,1,0,0,0,0,0,0,1,0,0,1,1,0,1,0.9642857142857143,0
2023-01-07,UT,266,2023-01,Region 8,7.05,61158.75,2026-05-06T19:11:09Z,2.65,1,1,0,0,0,0,0,0,1,0,0,1,1,0,1,0.9917903978086073,0,1,1,0,0,0,0,0,0,1,0,0,1,1,0,1,0.9642857142857143,0
2023-01-14,UT,186,2023-02,Region 8,5.74,47263.16,2026-05-06T19:11:09Z,1.8,1,1,0,0,0,0,0,0,1,0,0,1,1,0,1,0.9917903978086073,0,1,1,0,0,0,0,0,0,1,0,0,1,1,0,1,0.9642857142857143,0
2023-01-21,UT,125,2023-03,Region 8,6.57,52185.51,2026-05-06T19:11:09Z,1.54,1,1,0,0,0,0,0,0,1,0,0,1,1,0,1,0.9917903978086073,0,1,1,0,0,0,0,0,0,1,0,0,1,1,0,1,0.9642857142857143,0
2023-01-28,UT,136,2023-04,Region 8,7.26,52206.659999999996,2026-05-06T19:11:09Z,1.36,1,1,0,0,0,0,0,0,1,0,0,1,1,0,1,0.9917903978086073,0,1,1,0,0,0,0,0,0,1,0,0,1,1,0,1,0.9642857142857143,0
2023-02-04,UT,108,2023-05,Region 8,7.67,51028.51,2026-05-06T19:11:09Z,1.56,1,1,0,0,0,0,0,0,1,0,0,1,1,0,1,0.9917903978086073,0,1,1,0,0,0,0,0,0,1,0,0,1,1,0,1,0.9642857142857143,0
2023-02-11,UT,137,2023-06,Region 8,9.34,62587.34,2026-05-06T19:11:09Z,1.97,1,1,0,0,0,0,0,0,1,0,0,1,1,0,1,0.9917903978086073,0,1,1,0,0,0,0,0,0,1,0,0,1,1,0,1,0.9642857142857143,0
2023-02-18,UT,176,2023-07,Region 8,8.49,56483.97,2026-05-06T19:11:09Z,2.13,1,1,0,0,0,0,0,0,1,0,0,1,1,0,1,0.9917903978086073,0,1,1,0,0,0,0,0,0,1,0,0,1,1,0,1,0.9642857142857143,0
2023-02-25,UT,154,2023-08,Region 8,8.89,53082.19,2026-05-06T19:11:09Z,2.3,1,1,0,0,0,0,0,0,1,0,0,1,1,0,1,0.9917903978086073,0,1,1,0,0,0,0,0,0,1,0,0,1,1,0,1,0.9642857142857143,0
2023-03-04,UT,188,2023-09,Region 8,7.73,45722.950000000004,2026-05-06T19:11:09Z,2.18,1,1,0,0,0,0,0,0,1,0,0,1,1,0,1,0.9917903978086073,0,1,1,0,0,0,0,0,0,1,0,0,1,1,0,1,0.9642857142857143,0
2023-03-11,UT,165,2023-10,Region 8,7.84,44695.84,2026-05-06T19:11:09Z,1.98,1,1,0,0,0,0,0,0,1,0,0,1,1,0,1,0.9917903978086073,0,1,1,0,0,0,0,0,0,1,0,0,1,1,0,1,0.9642857142857143,0
2023-03-18,UT,146,2023-11,Region 8,7.15,40898,2026-05-06T19:11:09Z,1.77,1,1,0,0,0,0,0,0,1,0,0,1,1,0,1,0.9917903978086073,0,1,1,0,0,0,0,0,0,1,0,0,1,1,0,1,0.9642857142857143,0
2023-03-25,UT,135,2023-12,Region 8,6.9,41496.6,2026-05-06T19:11:09Z,1.34,1,1,0,0,0,0,0,0,1,0,0,1,1,0,1,0.9917903978086073,0,1,1,0,0,0,0,0,0,1,0,0,1,1,0,1,0.9642857142857143,0
2023-04-01,UT,153,2023-13,Region 8,6.42,33191.4,2026-05-06T19:11:09Z,1.41,1,1,0,0,0,0,0,0,1,0,0,1,1,0,1,0.9917903978086073,0,1,1,0,0,0,0,0,0,1,0,0,1,1,0,1,0.9642857142857143,0
2023-04-08,UT,112,2023-14,Region 8,6.63,27892.41,2026-05-06T19:11:09Z,1.12,1,1,0,0,0,0,0,0,1,0,0,1,1,0,1,0.9917903978086073,0,1,1,0,0,0,0,0,0,1,0,0,1,1,0,1,0.9642857142857143,0
2023-04-15,UT,113,2023-15,Region 8,5.56,24792.039999999997,2026-05-06T19:11:09Z,1.11,1,1,0,0,0,0,0,0,1,0,0,1,1,0,1,0.9917903978086073,0,1,1,0,0,0,0,0,0,1,0,0,1,1,0,1,0.9642857142857143,0
2023-04-22,UT,108,2023-16,Region 8,4.68,17718.48,2026-05-06T19:11:09Z,0.94,1,1,0,0,0,0,0,0,1,0,0,1,1,0,1,0.9917903978086073,0,1,1,0,0,0,0,0,0,1,0,0,1,1,0,1,0.9642857142857143,0
2023-04-29,UT,93,2023-17,Region 8,5.06,19900.98,2026-05-06T19:11:09Z,0.8,1,1,0,0,0,0,0,0,1,0,0,1,1,0,1,0.9917903978086073,0,1,1,0,0,0,0,0,0,1,0,0,1,1,0,1,0.9642857142857143,0
2023-05-06,UT,69,2023-18,Region 8,5.05,16513.5,2026-05-06T19:11:09Z,0.81,1,1,0,0,0,0,0,0,1,0,0,1,1,0,1,0.9917903978086073,0,1,1,0,0,0,0,0,0,1,0,0,1,1,0,1,0.9642857142857143,0
2023-05-13,UT,83,2023-19,Region 8,4.16,12105.6,2026-05-06T19:11:09Z,0.82,1,1,0,0,0,0,0,0,1,0,0,1,1,0,1,0.9917903978086073,0,1,1,0,0,0,0,0,0,1,0,0,1,1,0,1,0.9642857142857143,0
2023-05-20,UT,81,2023-20,Region 8,4.82,11404.12,2026-05-06T19:11:09Z,0.74,1,1,0,0,0,0,0,0,1,0,0,1,1,0,1,0.9917903978086073,0,1,1,0,0,0,0,0,0,1,0,0,1,1,0,1,0.9642857142857143,0
2023-05-27,UT,61,2023-21,Region 8,4.68,10796.76,2026-05-06T19:11:09Z,0.61,1,1,0,0,0,0,0,0,1,0,0,1,1,0,1,0.9917903978086073,0,1,1,0,0,0,0,0,0,1,0,0,1,1,0,1,0.9642857142857143,0
2023-06-03,UT,66,2023-22,Region 8,3.55,8101.0999999999995,2026-05-06T19:11:09Z,0.74,1,1,0,0,0,0,0,0,1,0,0,1,1,0,1,0.9917903978086073,0,1,1,0,0,0,0,0,0,1,0,0,1,1,0,1,0.9642857142857143,0
2023-06-10,UT,68,2023-23,Region 8,3.32,6500.5599999999995,2026-05-06T19:11:09Z,0.54,1,1,0,0,0,0,0,0,1,0,0,1,1,0,1,0.9917903978086073,0,1,1,0,0,0,0,0,0,1,0,0,1,1,0,1,0.9642857142857143,0
2023-06-17,UT,57,2023-24,Region 8,3.47,6707.51,2026-05-06T19:11:09Z,0.47,1,1,0,0,0,0,0,0,1,0,0,1,1,0,1,0.9917903978086073,0,1,1,0,0,0,0,0,0,1,0,0,1,1,0,1,0.9642857142857143,0
2023-06-24,UT,48,2023-25,Region 8,3.81,7490.46,2026-05-06T19:11:09Z,0.44,1,1,0,0,0,0,0,0,1,0,0,1,1,0,1,0.9917903978086073,0,1,1,0,0,0,0,0,0,1,0,0,1,1,0,1,0.9642857142857143,0
2023-07-01,UT,42,2023-26,Region 8,4.77,8891.279999999999,2026-05-06T19:11:09Z,0.43,1,1,0,0,0,0,0,0,1,0,0,1,1,0,1,0.9917903978086073,0,1,1,0,0,0,0,0,0,1,0,0,1,1,0,1,0.9642857142857143,0
2023-07-08,UT,39,2023-27,Region 8,6.36,9692.640000000001,2026-05-06T19:11:09Z,0.52,1,1,0,0,0,0,0,0,1,0,0,1,1,0,1,0.9917903978086073,0,1,1,0,0,0,0,0,0,1,0,0,1,1,0,1,0.9642857142857143,0
2023-07-15,UT,50,2023-28,Region 8,7.12,11306.56,2026-05-06T19:11:09Z,0.59,1,1,0,0,0,0,0,0,1,0,0,1,1,0,1,0.9917903978086073,0,1,1,0,0,0,0,0,0,1,0,0,1,1,0,1,0.9642857142857143,0
2023-07-22,UT,46,2023-29,Region 8,7.07,10795.890000000001,2026-05-06T19:11:09Z,0.65,1,1,0,0,0,0,0,0,1,0,0,1,1,0,1,0.9917903978086073,0,1,1,0,0,0,0,0,0,1,0,0,1,1,0,1,0.9642857142857143,0
2023-07-29,UT,49,2023-30,Region 8,8.06,12992.720000000001,2026-05-06T19:11:09Z,0.72,1,1,0,0,0,0,0,0,1,0,0,1,1,0,1,0.9917903978086073,0,1,1,0,0,0,0,0,0,1,0,0,1,1,0,1,0.9642857142857143,0
2023-08-05,UT,51,2023-31,Region 8,9.38,15008.000000000002,2026-05-06T19:11:09Z,0.85,1,1,0,0,0,0,0,0,1,0,0,1,1,0,1,0.9917903978086073,0,1,1,0,0,0,0,0,0,1,0,0,1,1,0,1,0.9642857142857143,0
2023-08-12,UT,57,2023-32,Region 8,12.72,22298.16,2026-05-06T19:11:09Z,1.01,1,1,0,0,0,0,0,0,1,0,0,1,1,0,1,0.9917903978086073,0,1,1,0,0,0,0,0,0,1,0,0,1,1,0,1,0.9642857142857143,0
2023-08-19,UT,71,2023-33,Region 8,13.11,27399.899999999998,2026-05-06T19:11:09Z,1.17,1,1,0,0,0,0,0,0,1,0,0,1,1,0,1,0.9917903978086073,0,1,1,0,0,0,0,0,0,1,0,0,1,1,0,1,0.9642857142857143,0
2023-08-26,UT,96,2023-34,Region 8,14.91,33010.74,2026-05-06T19:11:09Z,1.31,1,1,0,0,0,0,0,0,1,0,0,1,1,0,1,0.9917903978086073,0,1,1,0,0,0,0,0,0,1,0,0,1,1,0,1,0.9642857142857143,0
2023-09-02,UT,99,2023-35,Region 8,12.78,35694.54,2026-05-06T19:11:09Z,1.73,1,1,0,0,0,0,0,0,1,0,0,1,1,0,1,0.9917903978086073,0,1,1,0,0,0,0,0,0,1,0,0,1,1,0,1,0.9642857142857143,0
2023-09-09,UT,125,2023-36,Region 8,13.18,42202.36,2026-05-06T19:11:09Z,2.04,1,1,0,0,0,0,0,0,1,0,0,1,1,0,1,0.9917903978086073,0,1,1,0,0,0,0,0,0,1,0,0,1,1,0,1,0.9642857142857143,0
2023-09-16,UT,131,2023-37,Region 8,14.09,45186.63,2026-05-06T19:11:09Z,1.93,1,1,0,0,0,0,0,0,1,0,0,1,1,0,1,0.9917903978086073,0,1,1,0,0,0,0,0,0,1,0,0,1,1,0,1,0.9642857142857143,0
2023-09-23,UT,135,2023-38,Region 8,11.96,42792.880000000005,2026-05-06T19:11:09Z,2.11,1,1,0,0,0,0,0,0,1,0,0,1,1,0,1,0.9917903978086073,0,1,1,0,0,0,0,0,0,1,0,0,1,1,0,1,0.9642857142857143,0
2023-09-30,UT,150,2023-39,Region 8,13.59,46803.96,2026-05-06T19:11:09Z,1.92,1,1,0,0,0,0,0,0,1,0,0,1,1,0,1,0.9917903978086073,0,1,1,0,0,0,0,0,0,1,0,0,1,1,0,1,0.9642857142857143,0
2023-10-07,UT,139,2023-40,Region 8,14.66,47996.840000000004,2026-05-06T19:11:09Z,1.94,1,1,0,0,0,0,0,0,1,0,0,1,1,0,1,0.9917903978086073,0,1,1,0,0,0,0,0,0,1,0,0,1,1,0,1,0.9642857142857143,0
2023-10-14,UT,154,2023-41,Region 8,14.53,50288.329999999994,2026-05-06T19:11:09Z,1.79,1,1,0,0,0,0,0,0,1,0,0,1,1,0,1,0.9917903978086073,0,1,1,0,0,0,0,0,0,1,0,0,1,1,0,1,0.9642857142857143,0
2023-10-21,UT,126,2023-42,Region 8,14.43,44805.15,2026-05-06T19:11:09Z,1.94,1,1,0,0,0,0,0,0,1,0,0,1,1,0,1,0.9917903978086073,0,1,1,0,0,0,0,0,0,1,0,0,1,1,0,1,0.9642857142857143,0
2023-10-28,UT,120,2023-43,Region 8,13.03,37787,2026-05-06T19:11:09Z,1.93,1,1,0,0,0,0,0,0,1,0,0,1,1,0,1,0.9917903978086073,0,1,1,0,0,0,0,0,0,1,0,0,1,1,0,1,0.9642857142857143,0
2023-11-04,UT,132,2023-44,Region 8,12.65,36292.85,2026-05-06T19:11:09Z,2.11,1,1,0,0,0,0,0,0,1,0,0,1,1,0,1,0.9917903978086073,0,1,1,0,0,0,0,0,0,1,0,0,1,1,0,1,0.9642857142857143,0
2023-11-11,UT,146,2023-45,Region 8,14.2,46789,2026-05-06T19:11:09Z,2.09,1,1,0,0,0,0,0,0,1,0,0,1,1,0,1,0.9917903978086073,0,1,1,0,0,0,0,0,0,1,0,0,1,1,0,1,0.9642857142857143,0
2023-11-18,UT,160,2023-46,Region 8,14,60718,2026-05-06T19:11:09Z,2.46,1,1,0,0,0,0,0,0,1,0,0,1,1,0,1,0.9917903978086073,0,1,1,0,0,0,0,0,0,1,0,0,1,1,0,1,0.9642857142857143,0
2023-11-25,UT,191,2023-47,Region 8,12.63,54498.450000000004,2026-05-06T19:11:09Z,2.78,1,1,0,0,0,0,0,0,1,0,0,1,1,0,1,0.9917903978086073,0,1,1,0,0,0,0,0,0,1,0,0,1,1,0,1,0.9642857142857143,0
2023-12-02,UT,218,2023-48,Region 8,12.63,62518.50000000001,2026-05-06T19:11:09Z,2.98,1,1,0,0,0,0,0,0,1,0,0,1,1,0,1,0.9917903978086073,0,1,1,0,0,0,0,0,0,1,0,0,1,1,0,1,0.9642857142857143,0
2023-12-09,UT,203,2023-49,Region 8,11.07,49704.3,2026-05-06T19:11:09Z,2.88,1,1,0,0,0,0,0,0,1,0,0,1,1,0,1,0.9917903978086073,0,1,1,0,0,0,0,0,0,1,0,0,1,1,0,1,0.9642857142857143,0
2023-12-16,UT,232,2023-50,Region 8,10.76,56274.799999999996,2026-05-06T19:11:09Z,2.95,1,1,0,0,0,0,0,0,1,0,0,1,1,0,1,0.9917903978086073,0,1,1,0,0,0,0,0,0,1,0,0,1,1,0,1,0.9642857142857143,0
2023-12-23,UT,191,2023-51,Region 8,9.78,53701.979999999996,2026-05-06T19:11:09Z,3.14,1,1,0,0,0,0,0,0,1,0,0,1,1,0,1,0.9917903978086073,0,1,1,0,0,0,0,0,0,1,0,0,1,1,0,1,0.9642857142857143,0
2023-12-30,UT,228,2023-52,Region 8,11.09,57789.99,2026-05-06T19:11:09Z,3.58,1,1,0,0,0,0,0,0,1,0,0,1,1,0,1,0.9917903978086073,0,1,1,0,0,0,0,0,0,1,0,0,1,1,0,1,0.9642857142857143,0
2024-01-06,UT,244,2024-01,Region 8,9.77,51399.97,2026-05-06T19:11:09Z,3.15,1,1,0,0,0,0,0,0,1,0,0,1,1,0,1,0.9917903978086073,0,1,1,0,0,0,0,0,0,1,0,0,1,1,0,1,0.9642857142857143,0
2024-01-13,UT,191,2024-02,Region 8,9.44,45208.159999999996,2026-05-06T19:11:09Z,2.5,1,1,0,0,0,0,0,0,1,0,0,1,1,0,1,0.9917903978086073,0,1,1,0,0,0,0,0,0,1,0,0,1,1,0,1,0.9642857142857143,0
2024-01-20,UT,147,2024-03,Region 8,9.17,38816.61,2026-05-06T19:11:09Z,1.9,1,1,0,0,0,0,0,0,1,0,0,1,1,0,1,0.9917903978086073,0,1,1,0,0,0,0,0,0,1,0,0,1,1,0,1,0.9642857142857143,0
2024-01-27,UT,139,2024-04,Region 8,8.24,35720.4,2026-05-06T19:11:09Z,1.67,1,1,0,0,0,0,0,0,1,0,0,1,1,0,1,0.9917903978086073,0,1,1,0,0,0,0,0,0,1,0,0,1,1,0,1,0.9642857142857143,0
2024-02-03,UT,124,2024-05,Region 8,9.33,39913.74,2026-05-06T19:11:09Z,1.55,1,1,0,0,0,0,0,0,1,0,0,1,1,0,1,0.9917903978086073,0,1,1,0,0,0,0,0,0,1,0,0,1,1,0,1,0.9642857142857143,0
2024-02-10,UT,111,2024-06,Region 8,7.18,30787.84,2026-05-06T19:11:09Z,1.24,1,1,0,0,0,0,0,0,1,0,0,1,1,0,1,0.9917903978086073,0,1,1,0,0,0,0,0,0,1,0,0,1,1,0,1,0.9642857142857143,0
2024-02-17,UT,99,2024-07,Region 8,6.89,26485.16,2026-05-06T19:11:09Z,1.22,1,1,0,0,0,0,0,0,1,0,0,1,1,0,1,0.9917903978086073,0,1,1,0,0,0,0,0,0,1,0,0,1,1,0,1,0.9642857142857143,0
2024-02-24,UT,84,2024-08,Region 8,6.79,25102.63,2026-05-06T19:11:09Z,1.3,1,1,0,0,0,0,0,0,1,0,0,1,1,0,1,0.9917903978086073,0,1,1,0,0,0,0,0,0,1,0,0,1,1,0,1,0.9642857142857143,0
2024-03-02,UT,84,2024-09,Region 8,5.03,18495.31,2026-05-06T19:11:09Z,0.94,1,1,0,0,0,0,0,0,1,0,0,1,1,0,1,0.9917903978086073,0,1,1,0,0,0,0,0,0,1,0,0,1,1,0,1,0.9642857142857143,0
2024-03-09,UT,113,2024-10,Region 8,4.71,16216.53,2026-05-06T19:11:09Z,0.91,1,1,0,0,0,0,0,0,1,0,0,1,1,0,1,0.9917903978086073,0,1,1,0,0,0,0,0,0,1,0,0,1,1,0,1,0.9642857142857143,0
2024-03-16,UT,74,2024-11,Region 8,5,16410,2026-05-06T19:11:09Z,0.7,1,1,0,0,0,0,0,0,1,0,0,1,1,0,1,0.9917903978086073,0,1,1,0,0,0,0,0,0,1,0,0,1,1,0,1,0.9642857142857143,0
2024-03-23,UT,63,2024-12,Region 8,3.65,10902.55,2026-05-06T19:11:09Z,0.77,1,1,0,0,0,0,0,0,1,0,0,1,1,0,1,0.9917903978086073,0,1,1,0,0,0,0,0,0,1,0,0,1,1,0,1,0.9642857142857143,0
2024-03-30,UT,56,2024-13,Region 8,3.47,9608.43,2026-05-06T19:11:09Z,0.63,1,1,0,0,0,0,0,0,1,0,0,1,1,0,1,0.9917903978086073,0,1,1,0,0,0,0,0,0,1,0,0,1,1,0,1,0.9642857142857143,0
2024-04-06,UT,57,2024-14,Region 8,4.33,11703.99,2026-05-06T19:11:09Z,0.54,1,1,0,0,0,0,0,0,1,0,0,1,1,0,1,0.9917903978086073,0,1,1,0,0,0,0,0,0,1,0,0,1,1,0,1,0.9642857142857143,0
2024-04-13,UT,45,2024-15,Region 8,3,8187,2026-05-06T19:11:09Z,0.46,1,1,0,0,0,0,0,0,1,0,0,1,1,0,1,0.9917903978086073,0,1,1,0,0,0,0,0,0,1,0,0,1,1,0,1,0.9642857142857143,0
2024-04-20,UT,57,2024-16,Region 8,3.11,7597.73,2026-05-06T19:11:09Z,0.46,1,1,0,0,0,0,0,0,1,0,0,1,1,0,1,0.9917903978086073,0,1,1,0,0,0,0,0,0,1,0,0,1,1,0,1,0.9642857142857143,0
2024-04-27,UT,36,2024-17,Region 8,2.72,5989.4400000000005,2026-05-06T19:11:09Z,0.37,1,1,0,0,0,0,0,0,1,0,0,1,1,0,1,0.9917903978086073,0,1,1,0,0,0,0,0,0,1,0,0,1,1,0,1,0.9642857142857143,0
2022-10-01,VA,519,2022-39,Region 3,6.56,59505.759999999995,2026-05-06T19:11:09Z,2.08,0,0,0,0,0,0,0,0,0,0,0,0,1,0,1,0.9697759095115421,0,0,0,0,0,0,0,0,0,0,0,0,0,1,0,1,0.85,0
2022-10-08,VA,588,2022-40,Region 3,6.53,59305.46,2026-05-06T19:11:09Z,1.94,0,0,0,0,0,0,0,0,0,0,0,0,1,0,1,0.9697759095115421,0,0,0,0,0,0,0,0,0,0,0,0,0,1,0,1,0.85,0
2022-10-15,VA,516,2022-41,Region 3,6.42,58556.82,2026-05-06T19:11:09Z,1.92,0,0,0,0,0,0,0,0,0,0,0,0,1,0,1,0.9697759095115421,0,0,0,0,0,0,0,0,0,0,0,0,0,1,0,1,0.85,0
2023-12-23,VT,49,2023-51,Region 1,13.88,118507.44,2026-05-06T19:11:09Z,3.35,0,0,0,0,0,0,0,0,0,0,0,0,1,0,1,1,0,0,0,0,0,0,0,0,0,0,0,0,0,1,0,1,1,0
2022-10-22,VA,461,2022-42,Region 3,5.81,53167.31,2026-05-06T19:11:09Z,1.78,0,0,0,0,0,0,0,0,0,0,0,0,1,0,1,0.9697759095115421,0,0,0,0,0,0,0,0,0,0,0,0,0,1,0,1,0.85,0
2022-10-29,VA,484,2022-43,Region 3,6.07,58915.420000000006,2026-05-06T19:11:09Z,1.95,0,0,0,0,0,0,0,0,0,0,0,0,1,0,1,0.9697759095115421,0,0,0,0,0,0,0,0,0,0,0,0,0,1,0,1,0.85,0
2022-11-05,VA,558,2022-44,Region 3,6.33,65236.98,2026-05-06T19:11:09Z,1.77,0,0,0,0,0,0,0,0,0,0,0,0,1,0,1,0.9697759095115421,0,0,0,0,0,0,0,0,0,0,0,0,0,1,0,1,0.85,0
2022-11-12,VA,536,2022-45,Region 3,5.7,59302.8,2026-05-06T19:11:09Z,1.56,0,0,0,0,0,0,0,0,0,0,0,0,1,0,1,0.9697759095115421,0,0,0,0,0,0,0,0,0,0,0,0,0,1,0,1,0.85,0
2022-11-19,VA,481,2022-46,Region 3,5.58,56307.78,2026-05-06T19:11:09Z,1.68,0,0,0,0,0,0,0,0,0,0,0,0,1,0,1,0.9697759095115421,0,0,0,0,0,0,0,0,0,0,0,0,0,1,0,1,0.85,0
2022-11-26,VA,433,2022-47,Region 3,5.69,53423.41,2026-05-06T19:11:09Z,2.1,0,0,0,0,0,0,0,0,0,0,0,0,1,0,1,0.9697759095115421,0,0,0,0,0,0,0,0,0,0,0,0,0,1,0,1,0.85,0
2022-12-03,VA,603,2022-48,Region 3,6.54,70703.94,2026-05-06T19:11:09Z,2.67,0,0,0,0,0,0,0,0,0,0,0,0,1,0,1,0.9697759095115421,0,0,0,0,0,0,0,0,0,0,0,0,0,1,0,1,0.85,0
2022-12-10,VA,680,2022-49,Region 3,7.12,73150.88,2026-05-06T19:11:09Z,3.07,0,0,0,0,0,0,0,0,0,0,0,0,1,0,1,0.9697759095115421,0,0,0,0,0,0,0,0,0,0,0,0,0,1,0,1,0.85,0
2022-12-17,VA,857,2022-50,Region 3,7.92,66583.44,2026-05-06T19:11:09Z,3.75,0,0,0,0,0,0,0,0,0,0,0,0,1,0,1,0.9697759095115421,0,0,0,0,0,0,0,0,0,0,0,0,0,1,0,1,0.85,0
2022-12-24,VA,851,2022-51,Region 3,8.66,78736.72,2026-05-06T19:11:09Z,4.92,0,0,0,0,0,0,0,0,0,0,0,0,1,0,1,0.9697759095115421,0,0,0,0,0,0,0,0,0,0,0,0,0,1,0,1,0.85,0
2022-12-31,VA,1233,2022-52,Region 3,10.04,86876.12,2026-05-06T19:11:09Z,6,0,0,0,0,0,0,0,0,0,0,0,0,1,0,1,0.9697759095115421,0,0,0,0,0,0,0,0,0,0,0,0,0,1,0,1,0.85,0
2023-01-07,VA,1220,2023-01,Region 3,11.23,98037.90000000001,2026-05-06T19:11:09Z,5.05,0,0,0,0,0,0,0,0,0,0,0,0,1,0,1,0.9697759095115421,0,0,0,0,0,0,0,0,0,0,0,0,0,1,0,1,0.85,0
2023-01-14,VA,990,2023-02,Region 3,9.02,75885.26,2026-05-06T19:11:09Z,3.87,0,0,0,0,0,0,0,0,0,0,0,0,1,0,1,0.9697759095115421,0,0,0,0,0,0,0,0,0,0,0,0,0,1,0,1,0.85,0
2023-01-21,VA,883,2023-03,Region 3,9.4,70518.8,2026-05-06T19:11:09Z,3.47,0,0,0,0,0,0,0,0,0,0,0,0,1,0,1,0.9697759095115421,0,0,0,0,0,0,0,0,0,0,0,0,0,1,0,1,0.85,0
2023-01-28,VA,742,2023-04,Region 3,9.67,73501.67,2026-05-06T19:11:09Z,3.18,0,0,0,0,0,0,0,0,0,0,0,0,1,0,1,0.9697759095115421,0,0,0,0,0,0,0,0,0,0,0,0,0,1,0,1,0.85,0
2023-02-04,VA,684,2023-05,Region 3,8.91,59296.05,2026-05-06T19:11:09Z,2.93,0,0,0,0,0,0,0,0,0,0,0,0,1,0,1,0.9697759095115421,0,0,0,0,0,0,0,0,0,0,0,0,0,1,0,1,0.85,0
2023-02-11,VA,663,2023-06,Region 3,8.01,50703.299999999996,2026-05-06T19:11:09Z,2.51,0,0,0,0,0,0,0,0,0,0,0,0,1,0,1,0.9697759095115421,0,0,0,0,0,0,0,0,0,0,0,0,0,1,0,1,0.85,0
2023-02-18,VA,546,2023-07,Region 3,8.52,50080.56,2026-05-06T19:11:09Z,2,0,0,0,0,0,0,0,0,0,0,0,0,1,0,1,0.9697759095115421,0,0,0,0,0,0,0,0,0,0,0,0,0,1,0,1,0.85,0
2023-02-25,VA,458,2023-08,Region 3,8.04,44911.439999999995,2026-05-06T19:11:09Z,1.57,0,0,0,0,0,0,0,0,0,0,0,0,1,0,1,0.9697759095115421,0,0,0,0,0,0,0,0,0,0,0,0,0,1,0,1,0.85,0
2023-03-04,VA,402,2023-09,Region 3,7.07,36509.48,2026-05-06T19:11:09Z,1.34,0,0,0,0,0,0,0,0,0,0,0,0,1,0,1,0.9697759095115421,0,0,0,0,0,0,0,0,0,0,0,0,0,1,0,1,0.85,0
2023-03-11,VA,361,2023-10,Region 3,5.77,33315.979999999996,2026-05-06T19:11:09Z,1.07,0,0,0,0,0,0,0,0,0,0,0,0,1,0,1,0.9697759095115421,0,0,0,0,0,0,0,0,0,0,0,0,0,1,0,1,0.85,0
2023-03-18,VA,296,2023-11,Region 3,5.62,27807.760000000002,2026-05-06T19:11:09Z,0.98,0,0,0,0,0,0,0,0,0,0,0,0,1,0,1,0.9697759095115421,0,0,0,0,0,0,0,0,0,0,0,0,0,1,0,1,0.85,0
2023-03-25,VA,233,2023-12,Region 3,6.22,28786.16,2026-05-06T19:11:09Z,0.91,0,0,0,0,0,0,0,0,0,0,0,0,1,0,1,0.9697759095115421,0,0,0,0,0,0,0,0,0,0,0,0,0,1,0,1,0.85,0
2023-04-01,VA,235,2023-13,Region 3,4.42,20601.62,2026-05-06T19:11:09Z,0.83,0,0,0,0,0,0,0,0,0,0,0,0,1,0,0.9676190476190476,0.9697759095115421,0,0,0,0,0,0,0,0,0,0,0,0,0,1,0,0.9514285714285714,0.85,0
2023-04-08,VA,212,2023-14,Region 3,4.07,17586.47,2026-05-06T19:11:09Z,0.74,0,0,0,0,0,0,0,0,0,0,0,0,1,0,0.9376190476190476,0.9697759095115421,0,0,0,0,0,0,0,0,0,0,0,0,0,1,0,0.9064285714285714,0.85,0
2023-04-15,VA,178,2023-15,Region 3,2.63,13589.21,2026-05-06T19:11:09Z,0.65,0,0,0,0,0,0,0,0,0,0,0,0,1,0,0.9647619047619047,0.9697759095115421,0,0,0,0,0,0,0,0,0,0,0,0,0,1,0,0.9471428571428572,0.85,0
2023-04-22,VA,176,2023-16,Region 3,2.57,10881.38,2026-05-06T19:11:09Z,0.55,0,0,0,0,0,0,0,0,0,0,0,0,1,0,1,0.9697759095115421,0,0,0,0,0,0,0,0,0,0,0,0,0,1,0,1,0.85,0
2023-04-29,VA,109,2023-17,Region 3,2.3,9512.8,2026-05-06T19:11:09Z,0.48,0,0,0,0,0,0,0,0,0,0,0,0,1,0,0.940952380952381,0.9697759095115421,0,0,0,0,0,0,0,0,0,0,0,0,0,1,0,0.9557142857142857,0.85,0
2023-05-06,VA,118,2023-18,Region 3,2.16,8694,2026-05-06T19:11:09Z,0.57,0,0,0,0,0,0,0,0,0,0,0,0,1,0,0.8361904761904762,0.9697759095115421,0,0,0,0,0,0,0,0,0,0,0,0,0,1,0,0.855,0.85,0
2023-05-13,VA,125,2023-19,Region 3,1.99,8415.71,2026-05-06T19:11:09Z,0.54,0,0,0,0,0,0,0,0,0,0,0,0,1,0,0.5928571428571427,0.9697759095115421,0,0,0,0,0,0,0,0,0,0,0,0,0,1,0,0.6221428571428571,0.85,0
2023-05-20,VA,112,2023-20,Region 3,2.25,8401.5,2026-05-06T19:11:09Z,0.49,0,0,0,0,0,0,0,0,0,0,0,0,1,0,0.5328571428571428,0.9697759095115421,0,0,0,0,0,0,0,0,0,0,0,0,0,1,0,0.5664285714285714,0.85,0
2023-05-27,VA,85,2023-21,Region 3,1.89,6216.21,2026-05-06T19:11:09Z,0.49,0,0,0,0,0,0,0,0,0,0,0,0,1,0,0.6804761904761905,0.9697759095115421,0,0,0,0,0,0,0,0,0,0,0,0,0,1,0,0.6878571428571427,0.85,0
2023-06-03,VA,116,2023-22,Region 3,1.97,5508.12,2026-05-06T19:11:09Z,0.55,0,0,0,0,0,0,0,0,0,0,0,0,1,0,0.7485714285714287,0.9697759095115421,0,0,0,0,0,0,0,0,0,0,0,0,0,1,0,0.7485714285714287,0.85,0
2023-06-10,VA,81,2023-23,Region 3,1.93,5295.92,2026-05-06T19:11:09Z,0.48,0,0,0,0,0,0,0,0,0,0,0,0,1,0,0.8223809523809524,0.9697759095115421,0,0,0,0,0,0,0,0,0,0,0,0,0,1,0,0.8,0.85,0
2023-06-17,VA,118,2023-24,Region 3,2.26,5103.08,2026-05-06T19:11:09Z,0.52,0,0,0,0,0,0,0,0,0,0,0,0,1,0,0.7942857142857143,0.9697759095115421,0,0,0,0,0,0,0,0,0,0,0,0,0,1,0,0.7357142857142857,0.85,0
2023-06-24,VA,117,2023-25,Region 3,1.85,3997.8500000000004,2026-05-06T19:11:09Z,0.44,0,0,0,0,0,0,0,0,0,0,0,0,1,0,0.6947619047619048,0.9697759095115421,0,0,0,0,0,0,0,0,0,0,0,0,0,1,0,0.6228571428571429,0.85,0
2023-07-01,VA,122,2023-26,Region 3,2.94,5397.84,2026-05-06T19:11:09Z,0.49,0,0,0,0,0,0,0,0,0,0,0,0,1,0,0.7414285714285714,0.9697759095115421,0,0,0,0,0,0,0,0,0,0,0,0,0,1,0,0.6785714285714286,0.85,0
2023-07-08,VA,120,2023-27,Region 3,3.23,6492.3,2026-05-06T19:11:09Z,0.58,0,0,0,0,0,0,0,0,0,0,0,0,1,0,0.6809523809523809,0.9697759095115421,0,0,0,0,0,0,0,0,0,0,0,0,0,1,0,0.5978571428571428,0.85,0
2023-07-15,VA,117,2023-28,Region 3,3.08,7090.16,2026-05-06T19:11:09Z,0.62,0,0,0,0,0,0,0,0,0,0,0,0,1,0,0.5623809523809523,0.9697759095115421,0,0,0,0,0,0,0,0,0,0,0,0,0,1,0,0.43285714285714283,0.85,0
2023-07-22,VA,122,2023-29,Region 3,3.32,7589.5199999999995,2026-05-06T19:11:09Z,0.75,0,0,0,0,0,0,0,0,0,0,0,0,1,0,0.561904761904762,0.9697759095115421,0,0,0,0,0,0,0,0,0,0,0,0,0,1,0,0.4214285714285715,0.85,0
2023-07-29,VA,143,2023-30,Region 3,6.57,10893.060000000001,2026-05-06T19:11:09Z,0.89,0,0,0,0,0,0,0,0,0,0,0,0,1,0,0.5771428571428572,0.9697759095115421,0,0,0,0,0,0,0,0,0,0,0,0,0,1,0,0.49928571428571433,0.85,0
2023-08-05,VA,166,2023-31,Region 3,7.32,13205.28,2026-05-06T19:11:09Z,1.17,0,0,0,0,0,0,0,0,0,0,0,0,1,0,0.6595238095238095,0.9697759095115421,0,0,0,0,0,0,0,0,0,0,0,0,0,1,0,0.6342857142857143,0.85,0
2023-08-12,VA,236,2023-32,Region 3,7.34,17608.66,2026-05-06T19:11:09Z,1.47,0,0,0,0,0,0,0,0,0,0,0,0,1,0,0.6876190476190476,0.9697759095115421,0,0,0,0,0,0,0,0,0,0,0,0,0,1,0,0.6542857142857144,0.85,0
2023-08-19,VA,296,2023-33,Region 3,8.04,19111.079999999998,2026-05-06T19:11:09Z,1.9,0,0,0,0,0,0,0,0,0,0,0,0,1,0,0.74,0.9697759095115421,0,0,0,0,0,0,0,0,0,0,0,0,0,1,0,0.7107142857142857,0.85,0
2023-08-26,VA,357,2023-34,Region 3,10.96,25788.88,2026-05-06T19:11:09Z,2.44,0,0,0,0,0,0,0,0,0,0,0,0,1,0,0.8252380952380953,0.9697759095115421,0,0,0,0,0,0,0,0,0,0,0,0,0,1,0,0.8064285714285714,0.85,0
2023-09-02,VA,367,2023-35,Region 3,12.46,36109.08,2026-05-06T19:11:09Z,2.57,0,0,0,0,0,0,0,0,0,0,0,0,1,0,0.9033333333333333,0.9697759095115421,0,0,0,0,0,0,0,0,0,0,0,0,0,1,0,0.855,0.85,0
2023-09-09,VA,469,2023-36,Region 3,11.01,44502.42,2026-05-06T19:11:09Z,2.69,0,0,0,0,0,0,0,0,0,0,0,0,1,0,0.8995238095238095,0.9697759095115421,0,0,0,0,0,0,0,0,0,0,0,0,0,1,0,0.8914285714285713,0.85,0
2023-09-16,VA,434,2023-37,Region 3,8.84,39010.92,2026-05-06T19:11:09Z,2.38,0,0,0,0,0,0,0,0,0,0,0,0,1,0,0.8066666666666668,0.9697759095115421,0,0,0,0,0,0,0,0,0,0,0,0,0,1,0,0.855,0.85,0
2023-09-23,VA,454,2023-38,Region 3,9.02,41311.6,2026-05-06T19:11:09Z,2.33,0,0,0,0,0,0,0,0,0,0,0,0,1,0,0.7552380952380954,0.9697759095115421,0,0,0,0,0,0,0,0,0,0,0,0,0,1,0,0.8164285714285714,0.85,0
2023-09-30,VA,436,2023-39,Region 3,7.97,37092.38,2026-05-06T19:11:09Z,1.93,0,0,0,0,0,0,0,0,0,0,0,0,1,0,0.8066666666666668,0.9697759095115421,0,0,0,0,0,0,0,0,0,0,0,0,0,1,0,0.8328571428571427,0.85,0
2023-12-30,VT,51,2023-52,Region 1,15.14,137955.68,2026-05-06T19:11:09Z,4.15,0,0,0,0,0,0,0,0,0,0,0,0,1,0,1,1,0,0,0,0,0,0,0,0,0,0,0,0,0,1,0,1,1,0
2023-10-07,VA,418,2023-40,Region 3,7.41,33782.19,2026-05-06T19:11:09Z,1.59,0,0,0,0,0,0,0,0,0,0,0,0,1,0,0.8133333333333332,0.9697759095115421,0,0,0,0,0,0,0,0,0,0,0,0,0,1,0,0.8207142857142858,0.85,0
2023-10-14,VA,407,2023-41,Region 3,5.74,25904.620000000003,2026-05-06T19:11:09Z,1.62,0,0,0,0,0,0,0,0,0,0,0,0,1,0,0.8776190476190476,0.9697759095115421,0,0,0,0,0,0,0,0,0,0,0,0,0,1,0,0.885,0.85,0
2023-10-21,VA,453,2023-42,Region 3,5.82,26702.16,2026-05-06T19:11:09Z,1.59,0,0,0,0,0,0,0,0,0,0,0,0,1,0,0.9114285714285714,0.9697759095115421,0,0,0,0,0,0,0,0,0,0,0,0,0,1,0,0.9335714285714286,0.85,0
2023-10-28,VA,438,2023-43,Region 3,6.26,29115.26,2026-05-06T19:11:09Z,1.77,0,0,0,0,0,0,0,0,0,0,0,0,1,0,0.8980952380952381,0.9697759095115421,0,0,0,0,0,0,0,0,0,0,0,0,0,1,0,0.9235714285714286,0.85,0
2023-11-04,VA,370,2023-44,Region 3,6.48,28894.320000000003,2026-05-06T19:11:09Z,1.6,0,0,0,0,0,0,0,0,0,0,0,0,1,0,0.9704761904761904,0.9697759095115421,0,0,0,0,0,0,0,0,0,0,0,0,0,1,0,0.9778571428571428,0.85,0
2023-11-11,VA,453,2023-45,Region 3,7.27,35383.09,2026-05-06T19:11:09Z,1.83,0,0,0,0,0,0,0,0,0,0,0,0,1,0,1,0.9697759095115421,0,0,0,0,0,0,0,0,0,0,0,0,0,1,0,1,0.85,0
2023-11-18,VA,444,2023-46,Region 3,7.92,41374.08,2026-05-06T19:11:09Z,1.75,0,0,0,0,0,0,0,0,0,0,0,0,1,0,0.9704761904761904,0.9697759095115421,0,0,0,0,0,0,0,0,0,0,0,0,0,1,0,0.9778571428571428,0.85,0
2023-11-25,VA,478,2023-47,Region 3,9.3,44500.5,2026-05-06T19:11:09Z,2.26,0,0,0,0,0,0,0,0,0,0,0,0,1,0,0.8923809523809525,0.9697759095115421,0,0,0,0,0,0,0,0,0,0,0,0,0,1,0,0.9192857142857143,0.85,0
2023-12-02,VA,602,2023-48,Region 3,10.24,59781.12,2026-05-06T19:11:09Z,2.51,0,0,0,0,0,0,0,0,0,0,0,0,1,0,0.9114285714285714,0.9697759095115421,0,0,0,0,0,0,0,0,0,0,0,0,0,1,0,0.9335714285714286,0.85,0
2023-12-09,VA,589,2023-49,Region 3,10.11,60205.049999999996,2026-05-06T19:11:09Z,2.64,0,0,0,0,0,0,0,0,0,0,0,0,1,0,1,0.9697759095115421,0,0,0,0,0,0,0,0,0,0,0,0,0,1,0,1,0.85,0
2023-12-16,VA,642,2023-50,Region 3,9.63,62816.490000000005,2026-05-06T19:11:09Z,2.94,0,0,0,0,0,0,0,0,0,0,0,0,1,0,1,0.9697759095115421,0,0,0,0,0,0,0,0,0,0,0,0,0,1,0,1,0.85,0
2023-12-23,VA,778,2023-51,Region 3,12.06,86530.5,2026-05-06T19:11:09Z,3.84,0,0,0,0,0,0,0,0,0,0,0,0,1,0,1,0.9697759095115421,0,0,0,0,0,0,0,0,0,0,0,0,0,1,0,1,0.85,0
2023-12-30,VA,1006,2023-52,Region 3,12.92,100000.8,2026-05-06T19:11:09Z,4.77,0,0,0,0,0,0,0,0,0,0,0,0,1,0,1,0.9697759095115421,0,0,0,0,0,0,0,0,0,0,0,0,0,1,0,1,0.85,0
2024-01-06,VA,986,2024-01,Region 3,12.57,92615.76000000001,2026-05-06T19:11:09Z,4.18,0,0,0,0,0,0,0,0,0,0,0,0,1,0,1,0.9697759095115421,0,0,0,0,0,0,0,0,0,0,0,0,0,1,0,1,0.85,0
2024-01-13,VA,874,2024-02,Region 3,11.62,74914.14,2026-05-06T19:11:09Z,3.26,0,0,0,0,0,0,0,0,0,0,0,0,1,0,1,0.9697759095115421,0,0,0,0,0,0,0,0,0,0,0,0,0,1,0,1,0.85,0
2024-01-20,VA,678,2024-03,Region 3,10.47,55281.600000000006,2026-05-06T19:11:09Z,2.62,0,0,0,0,0,0,0,0,0,0,0,0,1,0,1,0.9697759095115421,0,0,0,0,0,0,0,0,0,0,0,0,0,1,0,1,0.85,0
2024-01-06,VT,63,2024-01,Region 1,16.33,141287.15999999997,2026-05-06T19:11:09Z,4.12,0,0,0,0,0,0,0,0,0,0,0,0,1,0,1,1,0,0,0,0,0,0,0,0,0,0,0,0,0,1,0,1,1,0
2024-01-27,VA,612,2024-04,Region 3,10.61,60827.13,2026-05-06T19:11:09Z,2.43,0,0,0,0,0,0,0,0,0,0,0,0,1,0,1,0.9697759095115421,0,0,0,0,0,0,0,0,0,0,0,0,0,1,0,1,0.85,0
2024-02-03,VA,582,2024-05,Region 3,9.22,50580.920000000006,2026-05-06T19:11:09Z,2.19,0,0,0,0,0,0,0,0,0,0,0,0,1,0,1,0.9697759095115421,0,0,0,0,0,0,0,0,0,0,0,0,0,1,0,1,0.85,0
2024-02-10,VA,560,2024-06,Region 3,8.62,46125.619999999995,2026-05-06T19:11:09Z,2.21,0,0,0,0,0,0,0,0,0,0,0,0,1,0,1,0.9697759095115421,0,0,0,0,0,0,0,0,0,0,0,0,0,1,0,1,0.85,0
2024-02-17,VA,592,2024-07,Region 3,5.7,45662.700000000004,2026-05-06T19:11:09Z,2.17,0,0,0,0,0,0,0,0,0,0,0,0,1,0,1,0.9697759095115421,0,0,0,0,0,0,0,0,0,0,0,0,0,1,0,1,0.85,0
2024-02-24,VA,581,2024-08,Region 3,7.62,39616.38,2026-05-06T19:11:09Z,1.88,0,0,0,0,0,0,0,0,0,0,0,0,1,0,1,0.9697759095115421,0,0,0,0,0,0,0,0,0,0,0,0,0,1,0,1,0.85,0
2024-03-02,VA,483,2024-09,Region 3,5.7,29708.4,2026-05-06T19:11:09Z,1.6,0,0,0,0,0,0,0,0,0,0,0,0,1,0,1,0.9697759095115421,0,0,0,0,0,0,0,0,0,0,0,0,0,1,0,1,0.85,0
2024-03-09,VA,455,2024-10,Region 3,4.48,21580.160000000003,2026-05-06T19:11:09Z,1.22,0,0,0,0,0,0,0,0,0,0,0,0,1,0,1,0.9697759095115421,0,0,0,0,0,0,0,0,0,0,0,0,0,1,0,1,0.85,0
2024-03-16,VA,368,2024-11,Region 3,3.51,15082.47,2026-05-06T19:11:09Z,0.94,0,0,0,0,0,0,0,0,0,0,0,0,0.9786153472497412,0,1,0.9697759095115421,0,0,0,0,0,0,0,0,0,0,0,0,0,0.9666666666666667,0,1,0.85,0
2024-03-23,VA,353,2024-12,Region 3,3.23,13982.67,2026-05-06T19:11:09Z,0.7,0,0,0,0,0,0,0,0,0,0,0,0,0.9540031461265815,0,1,0.9697759095115421,0,0,0,0,0,0,0,0,0,0,0,0,0,0.9410714285714286,0,1,0.85,0
2024-03-30,VA,301,2024-13,Region 3,2.89,12083.09,2026-05-06T19:11:09Z,0.66,0,0,0,0,0,0,0,0,0,0,0,0,0.9249508834316776,0,1,0.9697759095115421,0,0,0,0,0,0,0,0,0,0,0,0,0,0.8646428571428573,0,1,0.85,0
2024-04-06,VA,258,2024-14,Region 3,3.13,10692.08,2026-05-06T19:11:09Z,0.57,0,0,0,0,0,0,0,0,0,0,0,0,0.9161544934786195,0,1,0.9697759095115421,0,0,0,0,0,0,0,0,0,0,0,0,0,0.8421428571428572,0,1,0.85,0
2024-04-13,VA,249,2024-15,Region 3,2.57,7609.7699999999995,2026-05-06T19:11:09Z,0.52,0,0,0,0,0,0,0,0,0,0,0,0,0.8468576061109511,0,1,0.9697759095115421,0,0,0,0,0,0,0,0,0,0,0,0,0,0.7878571428571428,0,1,0.85,0
2024-04-20,VA,236,2024-16,Region 3,2.86,7913.62,2026-05-06T19:11:09Z,0.43,0,0,0,0,0,0,0,0,0,0,0,0,0.8640233426595101,0,1,0.9697759095115421,0,0,0,0,0,0,0,0,0,0,0,0,0,0.8,0,1,0.85,0
2024-04-27,VA,228,2024-17,Region 3,2.71,7387.46,2026-05-06T19:11:09Z,0.39,0,0,0,0,0,0,0,0,0,0,0,0,0.9283872935146132,0,1,0.9697759095115421,0,0,0,0,0,0,0,0,0,0,0,0,0,0.8467857142857143,0,1,0.85,0
2024-01-13,VT,44,2024-02,Region 1,14.9,113418.8,2026-05-06T19:11:09Z,2.93,0,0,0,0,0,0,0,0,0,0,0,0,1,0,1,1,0,0,0,0,0,0,0,0,0,0,0,0,0,1,0,1,1,0
2022-10-01,VI,2,2022-39,Region 2,7.96,97947.8,2026-05-06T19:11:09Z,0,0,0,0,0,0,0,0,0,0,0,0,0,0,0,0,0,0,0,0,0,0,0,0,0,0,0,0,0,0,0,0,0,0,0
2022-10-08,VI,2,2022-40,Region 2,8.22,102421.20000000001,2026-05-06T19:11:09Z,0,0,0,0,0,0,0,0,0,0,0,0,0,0,0,0,0,0,0,0,0,0,0,0,0,0,0,0,0,0,0,0,0,0,0
2022-10-15,VI,1,2022-41,Region 2,7.92,98667.36,2026-05-06T19:11:09Z,0,0,0,0,0,0,0,0,0,0,0,0,0,0,0,0,0,0,0,0,0,0,0,0,0,0,0,0,0,0,0,0,0,0,0
2022-10-22,VI,5,2022-42,Region 2,7.87,100759.61,2026-05-06T19:11:09Z,0,0,0,0,0,0,0,0,0,0,0,0,0,0,0,0,0,0,0,0,0,0,0,0,0,0,0,0,0,0,0,0,0,0,0
2022-10-29,VI,1,2022-43,Region 2,7.47,99470.51999999999,2026-05-06T19:11:09Z,0,0,0,0,0,0,0,0,0,0,0,0,0,0,0,0,0,0,0,0,0,0,0,0,0,0,0,0,0,0,0,0,0,0,0
2022-11-05,VI,0,2022-44,Region 2,7.22,100747.87999999999,2026-05-06T19:11:09Z,0,0,0,0,0,0,0,0,0,0,0,0,0,0,0,0,0,0,0,0,0,0,0,0,0,0,0,0,0,0,0,0,0,0,0
2022-11-12,VI,2,2022-45,Region 2,7.42,84528.64,2026-05-06T19:11:09Z,0,0,0,0,0,0,0,0,0,0,0,0,0,0,0,0,0,0,0,0,0,0,0,0,0,0,0,0,0,0,0,0,0,0,0
2022-11-19,VI,0,2022-46,Region 2,6.89,95736.54999999999,2026-05-06T19:11:09Z,0,0,0,0,0,0,0,0,0,0,0,0,0,0,0,0,0,0,0,0,0,0,0,0,0,0,0,0,0,0,0,0,0,0,0
2022-11-26,VI,1,2022-47,Region 2,7.43,97006.08,2026-05-06T19:11:09Z,0,0,0,0,0,0,0,0,0,0,0,0,0,0,0,0,0,0,0,0,0,0,0,0,0,0,0,0,0,0,0,0,0,0,0
2022-12-03,VI,0,2022-48,Region 2,7.94,132343.92,2026-05-06T19:11:09Z,0,0,0,0,0,0,0,0,0,0,0,0,0,0,0,0,0,0,0,0,0,0,0,0,0,0,0,0,0,0,0,0,0,0,0
2022-12-10,VI,1,2022-49,Region 2,8.4,133425.6,2026-05-06T19:11:09Z,0,0,0,0,0,0,0,0,0,0,0,0,0,0,0,0,0,0,0,0,0,0,0,0,0,0,0,0,0,0,0,0,0,0,0
2022-12-17,VI,3,2022-50,Region 2,8.91,135494.37,2026-05-06T19:11:09Z,0,0,0,0,0,0,0,0,0,0,0,0,0,0,0,0,0,0,0,0,0,0,0,0,0,0,0,0,0,0,0,0,0,0,0
2022-12-24,VI,2,2022-51,Region 2,10.89,141842.25,2026-05-06T19:11:09Z,0,0,0,0,0,0,0,0,0,0,0,0,0,0,0,0,0,0,0,0,0,0,0,0,0,0,0,0,0,0,0,0,0,0,0
2022-12-31,VI,4,2022-52,Region 2,11.74,141701.8,2026-05-06T19:11:09Z,0,0,0,0,0,0,0,0,0,0,0,0,0,0,0,0,0,0,0,0,0,0,0,0,0,0,0,0,0,0,0,0,0,0,0
2023-01-07,VI,6,2023-01,Region 2,11.6,154883.19999999998,2026-05-06T19:11:09Z,0,0,0,0,0,0,0,0,0,0,0,0,0,0,0,0,0,0,0,0,0,0,0,0,0,0,0,0,0,0,0,0,0,0,0
2023-01-14,VI,6,2023-02,Region 2,11.04,140472.96,2026-05-06T19:11:09Z,0,0,0,0,0,0,0,0,0,0,0,0,0,0,0,0,0,0,0,0,0,0,0,0,0,0,0,0,0,0,0,0,0,0,0
2023-01-21,VI,4,2023-03,Region 2,9.13,111258.18000000001,2026-05-06T19:11:09Z,0,0,0,0,0,0,0,0,0,0,0,0,0,0,0,0,0,0,0,0,0,0,0,0,0,0,0,0,0,0,0,0,0,0,0
2023-01-28,VI,7,2023-04,Region 2,9.13,111285.57,2026-05-06T19:11:09Z,0,0,0,0,0,0,0,0,0,0,0,0,0,0,0,0,0,0,0,0,0,0,0,0,0,0,0,0,0,0,0,0,0,0,0
2023-02-04,VI,10,2023-05,Region 2,8.31,96612.06000000001,2026-05-06T19:11:09Z,0,0,0,0,0,0,0,0,0,0,0,0,0,0,0,0,0,0,0,0,0,0,0,0,0,0,0,0,0,0,0,0,0,0,0
2023-02-11,VI,5,2023-06,Region 2,6.33,74744.64,2026-05-06T19:11:09Z,0,0,0,0,0,0,0,0,0,0,0,0,0,0,0,0,0,0,0,0,0,0,0,0,0,0,0,0,0,0,0,0,0,0,0
2023-02-18,VI,1,2023-07,Region 2,5.85,69591.59999999999,2026-05-06T19:11:09Z,0,0,0,0,0,0,0,0,0,0,0,0,0,0,0,0,0,0,0,0,0,0,0,0,0,0,0,0,0,0,0,0,0,0,0
2023-02-25,VI,1,2023-08,Region 2,5.24,57996.32,2026-05-06T19:11:09Z,0,0,0,0,0,0,0,0,0,0,0,0,0,0,0,0,0,0,0,0,0,0,0,0,0,0,0,0,0,0,0,0,0,0,0
2023-03-04,VI,2,2023-09,Region 2,4.22,46529.719999999994,2026-05-06T19:11:09Z,0,0,0,0,0,0,0,0,0,0,0,0,0,0,0,0,0,0,0,0,0,0,0,0,0,0,0,0,0,0,0,0,0,0,0
2023-03-11,VI,4,2023-10,Region 2,4.48,45772.16,2026-05-06T19:11:09Z,0,0,0,0,0,0,0,0,0,0,0,0,0,0,0,0,0,0,0,0,0,0,0,0,0,0,0,0,0,0,0,0,0,0,0
2023-03-18,VI,1,2023-11,Region 2,4.09,39178.11,2026-05-06T19:11:09Z,0,0,0,0,0,0,0,0,0,0,0,0,0,0,0,0,0,0,0,0,0,0,0,0,0,0,0,0,0,0,0,0,0,0,0
2023-03-25,VI,2,2023-12,Region 2,3.16,31508.36,2026-05-06T19:11:09Z,0,0,0,0,0,0,0,0,0,0,0,0,0,0,0,0,0,0,0,0,0,0,0,0,0,0,0,0,0,0,0,0,0,0,0
2023-04-01,VI,1,2023-13,Region 2,3.04,28074.4,2026-05-06T19:11:09Z,0,0,0,0,0,0,0,0,0,0,0,0,0,0,0,0,0,0,0,0,0,0,0,0,0,0,0,0,0,0,0,0,0,0,0
2023-04-08,VI,3,2023-14,Region 2,2.81,23376.39,2026-05-06T19:11:09Z,0,0,0,0,0,0,0,0,0,0,0,0,0,0,0,0,0,0,0,0,0,0,0,0,0,0,0,0,0,0,0,0,0,0,0
2023-04-15,VI,1,2023-15,Region 2,2.67,21135.72,2026-05-06T19:11:09Z,0,0,0,0,0,0,0,0,0,0,0,0,0,0,0,0,0,0,0,0,0,0,0,0,0,0,0,0,0,0,0,0,0,0,0
2023-04-22,VI,0,2023-16,Region 2,2.62,18326.9,2026-05-06T19:11:09Z,0,0,0,0,0,0,0,0,0,0,0,0,0,0,0,0,0,0,0,0,0,0,0,0,0,0,0,0,0,0,0,0,0,0,0
2023-04-29,VI,0,2023-17,Region 2,2.39,13895.460000000001,2026-05-06T19:11:09Z,0,0,0,0,0,0,0,0,0,0,0,0,0,0,0,0,0,0,0,0,0,0,0,0,0,0,0,0,0,0,0,0,0,0,0
2023-05-06,VI,7,2023-18,Region 2,2.52,14018.76,2026-05-06T19:11:09Z,0,0,0,0,0,0,0,0,0,0,0,0,0,0,0,0,0,0,0,0,0,0,0,0,0,0,0,0,0,0,0,0,0,0,0
2023-05-13,VI,4,2023-19,Region 2,2.98,16273.78,2026-05-06T19:11:09Z,0,0,0,0,0,0,0,0,0,0,0,0,0,0,0,0,0,0,0,0,0,0,0,0,0,0,0,0,0,0,0,0,0,0,0
2023-05-20,VI,1,2023-20,Region 2,2.93,16519.34,2026-05-06T19:11:09Z,0,0,0,0,0,0,0,0,0,0,0,0,0,0,0,0,0,0,0,0,0,0,0,0,0,0,0,0,0,0,0,0,0,0,0
2023-05-27,VI,3,2023-21,Region 2,3.04,15619.52,2026-05-06T19:11:09Z,0,0,0,0,0,0,0,0,0,0,0,0,0,0,0,0,0,0,0,0,0,0,0,0,0,0,0,0,0,0,0,0,0,0,0
2023-06-03,VI,2,2023-22,Region 2,2.94,14391.3,2026-05-06T19:11:09Z,0,0,0,0,0,0,0,0,0,0,0,0,0,0,0,0,0,0,0,0,0,0,0,0,0,0,0,0,0,0,0,0,0,0,0
2023-06-10,VI,6,2023-23,Region 2,3.31,16205.76,2026-05-06T19:11:09Z,0,0,0,0,0,0,0,0,0,0,0,0,0,0,0,0,0,0,0,0,0,0,0,0,0,0,0,0,0,0,0,0,0,0,0
2023-06-17,VI,2,2023-24,Region 2,3.72,14098.800000000001,2026-05-06T19:11:09Z,0,0,0,0,0,0,0,0,0,0,0,0,0,0,0,0,0,0,0,0,0,0,0,0,0,0,0,0,0,0,0,0,0,0,0
2023-06-24,VI,0,2023-25,Region 2,3.85,13690.6,2026-05-06T19:11:09Z,0,0,0,0,0,0,0,0,0,0,0,0,0,0,0,0,0,0,0,0,0,0,0,0,0,0,0,0,0,0,0,0,0,0,0
2023-07-01,VI,1,2023-26,Region 2,4.25,15117.25,2026-05-06T19:11:09Z,0,0,0,0,0,0,0,0,0,0,0,0,0,0,0,0,0,0,0,0,0,0,0,0,0,0,0,0,0,0,0,0,0,0,0
2023-07-08,VI,0,2023-27,Region 2,3.78,15989.4,2026-05-06T19:11:09Z,0,0,0,0,0,0,0,0,0,0,0,0,0,0,0,0,0,0,0,0,0,0,0,0,0,0,0,0,0,0,0,0,0,0,0
2023-07-15,VI,2,2023-28,Region 2,4.75,21493.75,2026-05-06T19:11:09Z,0,0,0,0,0,0,0,0,0,0,0,0,0,0,0,0,0,0,0,0,0,0,0,0,0,0,0,0,0,0,0,0,0,0,0
2023-07-22,VI,2,2023-29,Region 2,4.77,20515.769999999997,2026-05-06T19:11:09Z,0,0,0,0,0,0,0,0,0,0,0,0,0,0,0,0,0,0,0,0,0,0,0,0,0,0,0,0,0,0,0,0,0,0,0
2023-07-29,VI,1,2023-30,Region 2,6.54,28278.96,2026-05-06T19:11:09Z,0,0,0,0,0,0,0,0,0,0,0,0,0,0,0,0,0,0,0,0,0,0,0,0,0,0,0,0,0,0,0,0,0,0,0
2023-08-05,VI,2,2023-31,Region 2,7.93,34709.61,2026-05-06T19:11:09Z,0,0,0,0,0,0,0,0,0,0,0,0,0,0,0,0,0,0,0,0,0,0,0,0,0,0,0,0,0,0,0,0,0,0,0
2023-08-12,VI,2,2023-32,Region 2,9.47,41686.94,2026-05-06T19:11:09Z,0,0,0,0,0,0,0,0,0,0,0,0,0,0,0,0,0,0,0,0,0,0,0,0,0,0,0,0,0,0,0,0,0,0,0
2023-08-19,VI,5,2023-33,Region 2,10.08,45682.56,2026-05-06T19:11:09Z,0,0,0,0,0,0,0,0,0,0,0,0,0,0,0,0,0,0,0,0,0,0,0,0,0,0,0,0,0,0,0,0,0,0,0
2023-08-26,VI,1,2023-34,Region 2,10.26,49904.64,2026-05-06T19:11:09Z,0,0,0,0,0,0,0,0,0,0,0,0,0,0,0,0,0,0,0,0,0,0,0,0,0,0,0,0,0,0,0,0,0,0,0
2023-09-02,VI,1,2023-35,Region 2,10.8,52477.200000000004,2026-05-06T19:11:09Z,0,0,0,0,0,0,0,0,0,0,0,0,0,0,0,0,0,0,0,0,0,0,0,0,0,0,0,0,0,0,0,0,0,0,0
2023-09-09,VI,0,2023-36,Region 2,11.92,60780.08,2026-05-06T19:11:09Z,0,0,0,0,0,0,0,0,0,0,0,0,0,0,0,0,0,0,0,0,0,0,0,0,0,0,0,0,0,0,0,0,0,0,0
2023-09-16,VI,0,2023-37,Region 2,12.59,68489.6,2026-05-06T19:11:09Z,0,0,0,0,0,0,0,0,0,0,0,0,0,0,0,0,0,0,0,0,0,0,0,0,0,0,0,0,0,0,0,0,0,0,0
2023-09-23,VI,0,2023-38,Region 2,11.66,71499.12,2026-05-06T19:11:09Z,0,0,0,0,0,0,0,0,0,0,0,0,0,0,0,0,0,0,0,0,0,0,0,0,0,0,0,0,0,0,0,0,0,0,0
2023-09-30,VI,1,2023-39,Region 2,10.87,64904.77,2026-05-06T19:11:09Z,0,0,0,0,0,0,0,0,0,0,0,0,0,0,0,0,0,0,0,0,0,0,0,0,0,0,0,0,0,0,0,0,0,0,0
2023-10-07,VI,0,2023-40,Region 2,8.33,50579.76,2026-05-06T19:11:09Z,0,0,0,0,0,0,0,0,0,0,0,0,0,0,0,0,0,0,0,0,0,0,0,0,0,0,0,0,0,0,0,0,0,0,0
2023-10-14,VI,0,2023-41,Region 2,7.21,39777.57,2026-05-06T19:11:09Z,0,0,0,0,0,0,0,0,0,0,0,0,0,0,0,0,0,0,0,0,0,0,0,0,0,0,0,0,0,0,0,0,0,0,0
2023-10-21,VI,0,2023-42,Region 2,6.53,36306.8,2026-05-06T19:11:09Z,0,0,0,0,0,0,0,0,0,0,0,0,0,0,0,0,0,0,0,0,0,0,0,0,0,0,0,0,0,0,0,0,0,0,0
2023-10-28,VI,1,2023-43,Region 2,6.52,36225.119999999995,2026-05-06T19:11:09Z,0,0,0,0,0,0,0,0,0,0,0,0,0,0,0,0,0,0,0,0,0,0,0,0,0,0,0,0,0,0,0,0,0,0,0
2023-11-04,VI,0,2023-44,Region 2,5.5,29705.5,2026-05-06T19:11:09Z,0,0,0,0,0,0,0,0,0,0,0,0,0,0,0,0,0,0,0,0,0,0,0,0,0,0,0,0,0,0,0,0,0,0,0
2023-11-11,VI,1,2023-45,Region 2,5.9,33801.1,2026-05-06T19:11:09Z,0,0,0,0,0,0,0,0,0,0,0,0,0,0,0,0,0,0,0,0,0,0,0,0,0,0,0,0,0,0,0,0,0,0,0
2023-11-18,VI,0,2023-46,Region 2,6.08,36911.68,2026-05-06T19:11:09Z,0,0,0,0,0,0,0,0,0,0,0,0,0,0,0,0,0,0,0,0,0,0,0,0,0,0,0,0,0,0,0,0,0,0,0
2023-11-25,VI,0,2023-47,Region 2,6.61,37022.61,2026-05-06T19:11:09Z,0,0,0,0,0,0,0,0,0,0,0,0,0,0,0,0,0,0,0,0,0,0,0,0,0,0,0,0,0,0,0,0,0,0,0
2023-12-02,VI,0,2023-48,Region 2,8.02,53373.1,2026-05-06T19:11:09Z,0,0,0,0,0,0,0,0,0,0,0,0,0,0,0,0,0,0,0,0,0,0,0,0,0,0,0,0,0,0,0,0,0,0,0
2023-12-09,VI,0,2023-49,Region 2,9.04,61128.479999999996,2026-05-06T19:11:09Z,0,0,0,0,0,0,0,0,0,0,0,0,0,0,0,0,0,0,0,0,0,0,0,0,0,0,0,0,0,0,0,0,0,0,0
2023-12-16,VI,0,2023-50,Region 2,10.59,81924.24,2026-05-06T19:11:09Z,0,0,0,0,0,0,0,0,0,0,0,0,0,0,0,0,0,0,0,0,0,0,0,0,0,0,0,0,0,0,0,0,0,0,0
2023-12-23,VI,2,2023-51,Region 2,12.81,106694.49,2026-05-06T19:11:09Z,0,0,0,0,0,0,0,0,0,0,0,0,0,0,0,0,0,0,0,0,0,0,0,0,0,0,0,0,0,0,0,0,0,0,0
2023-12-30,VI,2,2023-52,Region 2,14.78,134276.3,2026-05-06T19:11:09Z,0,0,0,0,0,0,0,0,0,0,0,0,0,0,0,0,0,0,0,0,0,0,0,0,0,0,0,0,0,0,0,0,0,0,0
2024-01-06,VI,1,2024-01,Region 2,15.4,135119.6,2026-05-06T19:11:09Z,0,0,0,0,0,0,0,0,0,0,0,0,0,0,0,0,0,0,0,0,0,0,0,0,0,0,0,0,0,0,0,0,0,0,0
2024-01-13,VI,1,2024-02,Region 2,14.76,124367.76,2026-05-06T19:11:09Z,0,0,0,0,0,0,0,0,0,0,0,0,0,0,0,0,0,0,0,0,0,0,0,0,0,0,0,0,0,0,0,0,0,0,0
2024-01-20,VI,0,2024-03,Region 2,12.57,92100.39,2026-05-06T19:11:09Z,0,0,0,0,0,0,0,0,0,0,0,0,0,0,0,0,0,0,0,0,0,0,0,0,0,0,0,0,0,0,0,0,0,0,0
2024-01-27,VI,0,2024-04,Region 2,11.48,72702.84,2026-05-06T19:11:09Z,0,0,0,0,0,0,0,0,0,0,0,0,0,0,0,0,0,0,0,0,0,0,0,0,0,0,0,0,0,0,0,0,0,0,0
2024-02-03,VI,0,2024-05,Region 2,10.11,70133.06999999999,2026-05-06T19:11:09Z,0,0,0,0,0,0,0,0,0,0,0,0,0,0,0,0,0,0,0,0,0,0,0,0,0,0,0,0,0,0,0,0,0,0,0
2024-02-10,VI,1,2024-06,Region 2,8.73,60533.82,2026-05-06T19:11:09Z,0,0,0,0,0,0,0,0,0,0,0,0,0,0,0,0,0,0,0,0,0,0,0,0,0,0,0,0,0,0,0,0,0,0,0
2024-02-17,VI,0,2024-07,Region 2,6.28,37592.08,2026-05-06T19:11:09Z,0,0,0,0,0,0,0,0,0,0,0,0,0,0,0,0,0,0,0,0,0,0,0,0,0,0,0,0,0,0,0,0,0,0,0
2024-02-24,VI,0,2024-08,Region 2,6.12,38831.4,2026-05-06T19:11:09Z,0,0,0,0,0,0,0,0,0,0,0,0,0,0,0,0,0,0,0,0,0,0,0,0,0,0,0,0,0,0,0,0,0,0,0
2024-03-02,VI,0,2024-09,Region 2,5.67,35397.81,2026-05-06T19:11:09Z,0,0,0,0,0,0,0,0,0,0,0,0,0,0,0,0,0,0,0,0,0,0,0,0,0,0,0,0,0,0,0,0,0,0,0
2024-03-09,VI,0,2024-10,Region 2,4.65,29174.100000000002,2026-05-06T19:11:09Z,0,0,0,0,0,0,0,0,0,0,0,0,0,0,0,0,0,0,0,0,0,0,0,0,0,0,0,0,0,0,0,0,0,0,0
2024-03-16,VI,0,2024-11,Region 2,3.66,18395.16,2026-05-06T19:11:09Z,0,0,0,0,0,0,0,0,0,0,0,0,0,0,0,0,0,0,0,0,0,0,0,0,0,0,0,0,0,0,0,0,0,0,0
2024-03-23,VI,0,2024-12,Region 2,2.62,9298.380000000001,2026-05-06T19:11:09Z,0,0,0,0,0,0,0,0,0,0,0,0,0,0,0,0,0,0,0,0,0,0,0,0,0,0,0,0,0,0,0,0,0,0,0
2024-03-30,VI,0,2024-13,Region 2,4.02,18077.94,2026-05-06T19:11:09Z,0,0,0,0,0,0,0,0,0,0,0,0,0,0,0,0,0,0,0,0,0,0,0,0,0,0,0,0,0,0,0,0,0,0,0
2024-04-06,VI,0,2024-14,Region 2,2.85,12597,2026-05-06T19:11:09Z,0,0,0,0,0,0,0,0,0,0,0,0,0,0,0,0,0,0,0,0,0,0,0,0,0,0,0,0,0,0,0,0,0,0,0
2024-04-13,VI,0,2024-15,Region 2,2.61,9899.73,2026-05-06T19:11:09Z,0,0,0,0,0,0,0,0,0,0,0,0,0,0,0,0,0,0,0,0,0,0,0,0,0,0,0,0,0,0,0,0,0,0,0
2024-04-20,VI,0,2024-16,Region 2,2.44,8896.24,2026-05-06T19:11:09Z,0,0,0,0,0,0,0,0,0,0,0,0,0,0,0,0,0,0,0,0,0,0,0,0,0,0,0,0,0,0,0,0,0,0,0
2024-04-27,VI,1,2024-17,Region 2,3.39,13607.460000000001,2026-05-06T19:11:09Z,0,0,0,0,0,0,0,0,0,0,0,0,0,0,0,0,0,0,0,0,0,0,0,0,0,0,0,0,0,0,0,0,0,0,0
2022-10-01,VT,45,2022-39,Region 1,8.51,207107.87,2026-05-06T19:11:09Z,3.66,0,0,0,0,0,0,0,0,0,0,0,0,1,0,1,1,0,0,0,0,0,0,0,0,0,0,0,0,0,1,0,1,1,0
2022-10-08,VT,48,2022-40,Region 1,8.36,200104.96,2026-05-06T19:11:09Z,4.15,0,0,0,0,0,0,0,0,0,0,0,0,1,0,1,1,0,0,0,0,0,0,0,0,0,0,0,0,0,1,0,1,1,0
2022-10-15,VT,59,2022-41,Region 1,8.59,196333.04,2026-05-06T19:11:09Z,4.29,0,0,0,0,0,0,0,0,0,0,0,0,1,0,1,1,0,0,0,0,0,0,0,0,0,0,0,0,0,1,0,1,1,0
2022-10-22,VT,78,2022-42,Region 1,7.76,174801.76,2026-05-06T19:11:09Z,4.05,0,0,0,0,0,0,0,0,0,0,0,0,1,0,1,1,0,0,0,0,0,0,0,0,0,0,0,0,0,1,0,1,1,0
2022-10-29,VT,44,2022-43,Region 1,6.93,161787.78,2026-05-06T19:11:09Z,3.18,0,0,0,0,0,0,0,0,0,0,0,0,1,0,1,1,0,0,0,0,0,0,0,0,0,0,0,0,0,1,0,1,1,0
2022-11-05,VT,38,2022-44,Region 1,6.2,144013.6,2026-05-06T19:11:09Z,2.56,0,0,0,0,0,0,0,0,0,0,0,0,1,0,1,1,0,0,0,0,0,0,0,0,0,0,0,0,0,1,0,1,1,0
2022-11-12,VT,50,2022-45,Region 1,5.7,122629.8,2026-05-06T19:11:09Z,2.42,0,0,0,0,0,0,0,0,0,0,0,0,1,0,1,1,0,0,0,0,0,0,0,0,0,0,0,0,0,1,0,1,1,0
2022-11-19,VT,36,2022-46,Region 1,5.11,110815.46,2026-05-06T19:11:09Z,1.81,0,0,0,0,0,0,0,0,0,0,0,0,1,0,1,1,0,0,0,0,0,0,0,0,0,0,0,0,0,1,0,1,1,0
2022-11-26,VT,34,2022-47,Region 1,6.36,121088.04000000001,2026-05-06T19:11:09Z,2.13,0,0,0,0,0,0,0,0,0,0,0,0,1,0,1,1,0,0,0,0,0,0,0,0,0,0,0,0,0,1,0,1,1,0
2022-12-03,VT,31,2022-48,Region 1,7.48,181247.88,2026-05-06T19:11:09Z,2.84,0,0,0,0,0,0,0,0,0,0,0,0,1,0,1,1,0,0,0,0,0,0,0,0,0,0,0,0,0,1,0,1,1,0
2022-12-10,VT,53,2022-49,Region 1,7.63,175276.36,2026-05-06T19:11:09Z,2.48,0,0,0,0,0,0,0,0,0,0,0,0,1,0,1,1,0,0,0,0,0,0,0,0,0,0,0,0,0,1,0,1,1,0
2022-12-17,VT,50,2022-50,Region 1,8.23,195890.46000000002,2026-05-06T19:11:09Z,2.68,0,0,0,0,0,0,0,0,0,0,0,0,1,0,1,1,0,0,0,0,0,0,0,0,0,0,0,0,0,1,0,1,1,0
2022-12-24,VT,36,2022-51,Region 1,9.84,220780.08,2026-05-06T19:11:09Z,3.04,0,0,0,0,0,0,0,0,0,0,0,0,1,0,1,1,0,0,0,0,0,0,0,0,0,0,0,0,0,1,0,1,1,0
2022-12-31,VT,57,2022-52,Region 1,11.66,219744.36000000002,2026-05-06T19:11:09Z,2.85,0,0,0,0,0,0,0,0,0,0,0,0,1,0,1,1,0,0,0,0,0,0,0,0,0,0,0,0,0,1,0,1,1,0
2023-01-07,VT,39,2023-01,Region 1,11,214742,2026-05-06T19:11:09Z,2.78,0,0,0,0,0,0,0,0,0,0,0,0,1,0,1,1,0,0,0,0,0,0,0,0,0,0,0,0,0,1,0,1,1,0
2023-01-14,VT,33,2023-02,Region 1,10.56,196320.96000000002,2026-05-06T19:11:09Z,2.49,0,0,0,0,0,0,0,0,0,0,0,0,1,0,1,1,0,0,0,0,0,0,0,0,0,0,0,0,0,1,0,1,1,0
2023-01-21,VT,42,2023-03,Region 1,9.39,165151.32,2026-05-06T19:11:09Z,3.09,0,0,0,0,0,0,0,0,0,0,0,0,1,0,1,1,0,0,0,0,0,0,0,0,0,0,0,0,0,1,0,1,1,0
2023-01-28,VT,46,2023-04,Region 1,8.37,150936.21,2026-05-06T19:11:09Z,3.58,0,0,0,0,0,0,0,0,0,0,0,0,1,0,1,1,0,0,0,0,0,0,0,0,0,0,0,0,0,1,0,1,1,0
2023-02-04,VT,46,2023-05,Region 1,7.49,126064.19,2026-05-06T19:11:09Z,3.67,0,0,0,0,0,0,0,0,0,0,0,0,1,0,1,1,0,0,0,0,0,0,0,0,0,0,0,0,0,1,0,1,1,0
2023-02-11,VT,40,2023-06,Region 1,7.34,126057.16,2026-05-06T19:11:09Z,2.93,0,0,0,0,0,0,0,0,0,0,0,0,1,0,1,1,0,0,0,0,0,0,0,0,0,0,0,0,0,1,0,1,1,0
2023-02-18,VT,41,2023-07,Region 1,6.75,111381.75,2026-05-06T19:11:09Z,2.44,0,0,0,0,0,0,0,0,0,0,0,0,1,0,1,1,0,0,0,0,0,0,0,0,0,0,0,0,0,1,0,1,1,0
2023-02-25,VT,37,2023-08,Region 1,6.87,104245.38,2026-05-06T19:11:09Z,2.56,0,0,0,0,0,0,0,0,0,0,0,0,1,0,1,1,0,0,0,0,0,0,0,0,0,0,0,0,0,1,0,1,1,0
2023-03-04,VT,43,2023-09,Region 1,5.33,79939.34,2026-05-06T19:11:09Z,2.41,0,0,0,0,0,0,0,0,0,0,0,0,1,0,1,1,0,0,0,0,0,0,0,0,0,0,0,0,0,1,0,1,1,0
2023-03-11,VT,33,2023-10,Region 1,4.58,67880.18000000001,2026-05-06T19:11:09Z,2.01,0,0,0,0,0,0,0,0,0,0,0,0,1,0,1,1,0,0,0,0,0,0,0,0,0,0,0,0,0,1,0,1,1,0
2023-03-18,VT,29,2023-11,Region 1,4.57,60068.08,2026-05-06T19:11:09Z,1.4,0,0,0,0,0,0,0,0,0,0,0,0,1,0,1,1,0,0,0,0,0,0,0,0,0,0,0,0,0,1,0,1,1,0
2023-03-25,VT,22,2023-12,Region 1,4.24,55548.240000000005,2026-05-06T19:11:09Z,1.41,0,0,0,0,0,0,0,0,0,0,0,0,1,0,1,1,0,0,0,0,0,0,0,0,0,0,0,0,0,1,0,1,1,0
2023-04-01,VT,22,2023-13,Region 1,3.54,43120.74,2026-05-06T19:11:09Z,1.35,0,0,0,0,0,0,0,0,0,0,0,0,1,0,1,1,0,0,0,0,0,0,0,0,0,0,0,0,0,1,0,1,1,0
2023-04-08,VT,14,2023-14,Region 1,3.18,37342.740000000005,2026-05-06T19:11:09Z,0.88,0,0,0,0,0,0,0,0,0,0,0,0,1,0,1,1,0,0,0,0,0,0,0,0,0,0,0,0,0,1,0,1,1,0
2023-04-15,VT,22,2023-15,Region 1,2.94,31757.88,2026-05-06T19:11:09Z,0.68,0,0,0,0,0,0,0,0,0,0,0,0,1,0,1,1,0,0,0,0,0,0,0,0,0,0,0,0,0,1,0,1,1,0
2023-04-22,VT,17,2023-16,Region 1,2.98,26822.98,2026-05-06T19:11:09Z,0.67,0,0,0,0,0,0,0,0,0,0,0,0,1,0,1,1,0,0,0,0,0,0,0,0,0,0,0,0,0,1,0,1,1,0
2023-04-29,VT,10,2023-17,Region 1,2.94,24460.8,2026-05-06T19:11:09Z,0.42,0,0,0,0,0,0,0,0,0,0,0,0,1,0,1,1,0,0,0,0,0,0,0,0,0,0,0,0,0,1,0,1,1,0
2023-05-06,VT,10,2023-18,Region 1,3.27,18475.5,2026-05-06T19:11:09Z,0.51,0,0,0,0,0,0,0,0,0,0,0,0,1,0,1,1,0,0,0,0,0,0,0,0,0,0,0,0,0,1,0,1,1,0
2023-05-13,VT,11,2023-19,Region 1,3.31,16715.5,2026-05-06T19:11:09Z,0.44,0,0,0,0,0,0,0,0,0,0,0,0,1,0,1,1,0,0,0,0,0,0,0,0,0,0,0,0,0,1,0,1,1,0
2023-05-20,VT,6,2023-20,Region 1,4.18,18897.78,2026-05-06T19:11:09Z,0.51,0,0,0,0,0,0,0,0,0,0,0,0,1,0,1,1,0,0,0,0,0,0,0,0,0,0,0,0,0,1,0,1,1,0
2023-05-27,VT,13,2023-21,Region 1,4.86,21709.620000000003,2026-05-06T19:11:09Z,0.6,0,0,0,0,0,0,0,0,0,0,0,0,1,0,1,1,0,0,0,0,0,0,0,0,0,0,0,0,0,1,0,1,1,0
2023-06-03,VT,9,2023-22,Region 1,3.73,14103.13,2026-05-06T19:11:09Z,0.53,0,0,0,0,0,0,0,0,0,0,0,0,1,0,1,1,0,0,0,0,0,0,0,0,0,0,0,0,0,1,0,1,1,0
2023-06-10,VT,10,2023-23,Region 1,4.32,16182.720000000001,2026-05-06T19:11:09Z,0.58,0,0,0,0,0,0,0,0,0,0,0,0,1,0,1,1,0,0,0,0,0,0,0,0,0,0,0,0,0,1,0,1,1,0
2023-06-17,VT,11,2023-24,Region 1,3.24,11408.04,2026-05-06T19:11:09Z,0.6,0,0,0,0,0,0,0,0,0,0,0,0,1,0,1,1,0,0,0,0,0,0,0,0,0,0,0,0,0,1,0,1,1,0
2023-06-24,VT,16,2023-25,Region 1,3.35,9986.35,2026-05-06T19:11:09Z,0.69,0,0,0,0,0,0,0,0,0,0,0,0,1,0,1,1,0,0,0,0,0,0,0,0,0,0,0,0,0,1,0,1,1,0
2023-07-01,VT,8,2023-26,Region 1,3.8,9792.6,2026-05-06T19:11:09Z,0.48,0,0,0,0,0,0,0,0,0,0,0,0,1,0,1,1,0,0,0,0,0,0,0,0,0,0,0,0,0,1,0,1,1,0
2023-07-08,VT,7,2023-27,Region 1,4.77,11400.3,2026-05-06T19:11:09Z,0.35,0,0,0,0,0,0,0,0,0,0,0,0,1,0,1,1,0,0,0,0,0,0,0,0,0,0,0,0,0,1,0,1,1,0
2023-07-15,VT,7,2023-28,Region 1,6,15690,2026-05-06T19:11:09Z,0.5,0,0,0,0,0,0,0,0,0,0,0,0,1,0,0.9525044531528323,1,0,0,0,0,0,0,0,0,0,0,0,0,0,1,0,0.9057142857142857,1,0
2023-07-22,VT,7,2023-29,Region 1,5.97,14208.599999999999,2026-05-06T19:11:09Z,0.48,0,0,0,0,0,0,0,0,0,0,0,0,1,0,0.9489063056644104,1,0,0,0,0,0,0,0,0,0,0,0,0,0,1,0,0.8985714285714286,1,0
2023-07-29,VT,10,2023-30,Region 1,8.05,20994.4,2026-05-06T19:11:09Z,0.69,0,0,0,0,0,0,0,0,0,0,0,0,1,0,0.9866868542928393,1,0,0,0,0,0,0,0,0,0,0,0,0,0,1,0,0.9735714285714286,1,0
2023-08-05,VT,12,2023-31,Region 1,9.87,27211.589999999997,2026-05-06T19:11:09Z,1.25,0,0,0,0,0,0,0,0,0,0,0,0,1,0,1,1,0,0,0,0,0,0,0,0,0,0,0,0,0,1,0,1,1,0
2023-08-12,VT,25,2023-32,Region 1,10.66,34996.78,2026-05-06T19:11:09Z,1.35,0,0,0,0,0,0,0,0,0,0,0,0,1,0,1,1,0,0,0,0,0,0,0,0,0,0,0,0,0,1,0,1,1,0
2023-08-19,VT,30,2023-33,Region 1,10.03,37883.31,2026-05-06T19:11:09Z,1.32,0,0,0,0,0,0,0,0,0,0,0,0,1,0,1,1,0,0,0,0,0,0,0,0,0,0,0,0,0,1,0,1,1,0
2023-08-26,VT,21,2023-34,Region 1,11.03,41704.43,2026-05-06T19:11:09Z,1.42,0,0,0,0,0,0,0,0,0,0,0,0,1,0,1,1,0,0,0,0,0,0,0,0,0,0,0,0,0,1,0,1,1,0
2023-09-02,VT,20,2023-35,Region 1,12.93,51500.19,2026-05-06T19:11:09Z,1.65,0,0,0,0,0,0,0,0,0,0,0,0,1,0,1,1,0,0,0,0,0,0,0,0,0,0,0,0,0,1,0,1,1,0
2023-09-09,VT,33,2023-36,Region 1,13.36,62190.799999999996,2026-05-06T19:11:09Z,2.11,0,0,0,0,0,0,0,0,0,0,0,0,1,0,1,1,0,0,0,0,0,0,0,0,0,0,0,0,0,1,0,1,1,0
2023-09-16,VT,26,2023-37,Region 1,12.07,57694.6,2026-05-06T19:11:09Z,1.91,0,0,0,0,0,0,0,0,0,0,0,0,1,0,1,1,0,0,0,0,0,0,0,0,0,0,0,0,0,1,0,1,1,0
2023-09-23,VT,34,2023-38,Region 1,10.41,54277.74,2026-05-06T19:11:09Z,2.29,0,0,0,0,0,0,0,0,0,0,0,0,1,0,1,1,0,0,0,0,0,0,0,0,0,0,0,0,0,1,0,1,1,0
2023-09-30,VT,44,2023-39,Region 1,10.39,56978.76,2026-05-06T19:11:09Z,2.69,0,0,0,0,0,0,0,0,0,0,0,0,1,0,1,1,0,0,0,0,0,0,0,0,0,0,0,0,0,1,0,1,1,0
2023-10-07,VT,29,2023-40,Region 1,11.33,60876.090000000004,2026-05-06T19:11:09Z,2.16,0,0,0,0,0,0,0,0,0,0,0,0,1,0,1,1,0,0,0,0,0,0,0,0,0,0,0,0,0,1,0,1,1,0
2023-10-14,VT,29,2023-41,Region 1,9.68,50181.119999999995,2026-05-06T19:11:09Z,1.77,0,0,0,0,0,0,0,0,0,0,0,0,1,0,1,1,0,0,0,0,0,0,0,0,0,0,0,0,0,1,0,1,1,0
2023-10-21,VT,36,2023-42,Region 1,8.4,43990.8,2026-05-06T19:11:09Z,1.79,0,0,0,0,0,0,0,0,0,0,0,0,1,0,1,1,0,0,0,0,0,0,0,0,0,0,0,0,0,1,0,1,1,0
2023-10-28,VT,32,2023-43,Region 1,8.93,46114.52,2026-05-06T19:11:09Z,1.79,0,0,0,0,0,0,0,0,0,0,0,0,1,0,1,1,0,0,0,0,0,0,0,0,0,0,0,0,0,1,0,1,1,0
2024-01-20,VT,38,2024-03,Region 1,13.1,78311.8,2026-05-06T19:11:09Z,2.54,0,0,0,0,0,0,0,0,0,0,0,0,1,0,1,1,0,0,0,0,0,0,0,0,0,0,0,0,0,1,0,1,1,0
2024-01-27,VT,45,2024-04,Region 1,11.94,69896.76,2026-05-06T19:11:09Z,2.12,0,0,0,0,0,0,0,0,0,0,0,0,1,0,1,1,0,0,0,0,0,0,0,0,0,0,0,0,0,1,0,1,1,0
2024-02-03,VT,39,2024-05,Region 1,9.56,58096.12,2026-05-06T19:11:09Z,2.45,0,0,0,0,0,0,0,0,0,0,0,0,1,0,1,1,0,0,0,0,0,0,0,0,0,0,0,0,0,1,0,1,1,0
2024-02-10,VT,29,2024-06,Region 1,8.85,55383.299999999996,2026-05-06T19:11:09Z,1.71,0,0,0,0,0,0,0,0,0,0,0,0,1,0,1,1,0,0,0,0,0,0,0,0,0,0,0,0,0,1,0,1,1,0
2024-02-17,VT,26,2024-07,Region 1,8.49,50829.630000000005,2026-05-06T19:11:09Z,1.74,0,0,0,0,0,0,0,0,0,0,0,0,1,0,1,1,0,0,0,0,0,0,0,0,0,0,0,0,0,1,0,1,1,0
2024-02-24,VT,25,2024-08,Region 1,7.06,40573.82,2026-05-06T19:11:09Z,1.38,0,0,0,0,0,0,0,0,0,0,0,0,1,0,1,1,0,0,0,0,0,0,0,0,0,0,0,0,0,1,0,1,1,0
2024-03-02,VT,19,2024-09,Region 1,6.32,34602,2026-05-06T19:11:09Z,0.94,0,0,0,0,0,0,0,0,0,0,0,0,1,0,1,1,0,0,0,0,0,0,0,0,0,0,0,0,0,1,0,1,1,0
2024-03-09,VT,18,2024-10,Region 1,5.38,28514,2026-05-06T19:11:09Z,1.03,0,0,0,0,0,0,0,0,0,0,0,0,1,0,1,0.7928571428571429,0,0,0,0,0,0,0,0,0,0,0,0,0,1,0,1,0.7928571428571429,0
2024-03-16,VT,11,2024-11,Region 1,4.55,22718.149999999998,2026-05-06T19:11:09Z,0.54,0,0,0,0,0,0,0,0,0,0,0,0,1,0,1,0.5642857142857143,0,0,0,0,0,0,0,0,0,0,0,0,0,1,0,1,0.5642857142857143,0
2024-03-23,VT,15,2024-12,Region 1,3.77,17707.69,2026-05-06T19:11:09Z,0.51,0,0,0,0,0,0,0,0,0,0,0,0,1,0,1,0.7,0,0,0,0,0,0,0,0,0,0,0,0,0,1,0,1,0.7,0
2024-03-30,VT,7,2024-13,Region 1,3.94,18100.36,2026-05-06T19:11:09Z,0.22,0,0,0,0,0,0,0,0,0,0,0,0,1,0,1,0.9357142857142855,0,0,0,0,0,0,0,0,0,0,0,0,0,1,0,1,0.9357142857142857,0
2024-04-06,VT,10,2024-14,Region 1,3.4,15589,2026-05-06T19:11:09Z,0.48,0,0,0,0,0,0,0,0,0,0,0,0,1,0,1,0.8571428571428571,0,0,0,0,0,0,0,0,0,0,0,0,0,1,0,1,0.8571428571428571,0
2024-04-13,VT,8,2024-15,Region 1,3.41,14478.86,2026-05-06T19:11:09Z,0.28,0,0,0,0,0,0,0,0,0,0,0,0,1,0,1,0.39285714285714285,0,0,0,0,0,0,0,0,0,0,0,0,0,1,0,1,0.39285714285714285,0
2024-04-20,VT,2,2024-16,Region 1,2.88,10503.359999999999,2026-05-06T19:11:09Z,0.22,0,0,0,0,0,0,0,0,0,0,0,0,1,0,1,0.08857142857142858,0,0,0,0,0,0,0,0,0,0,0,0,0,1,0,1,0.08857142857142858,0
2024-04-27,VT,3,2024-17,Region 1,3.34,12782.18,2026-05-06T19:11:09Z,0.37,0,0,0,0,0,0,0,0,0,0,0,0,1,0,1,0,0,0,0,0,0,0,0,0,0,0,0,0,0,1,0,1,0,0
2022-10-01,WA,427,2022-39,Region 10,6.94,128292.84000000001,2026-05-06T19:11:09Z,2.84,0,0,0,0,0,0,0,0,0,0,0,0,1,0,0,0,0,0,0,0,0,0,0,0,0,0,0,0,0,1,0,0,0,0
2022-10-08,WA,395,2022-40,Region 10,6.44,92555.68000000001,2026-05-06T19:11:09Z,2.31,0,0,0,0,0,0,0,0,0,0,0,0,1,0,0,0,0,0,0,0,0,0,0,0,0,0,0,0,0,1,0,0,0,0
2022-10-15,WA,324,2022-41,Region 10,6.06,83361.36,2026-05-06T19:11:09Z,1.94,0,0,0,0,0,0,0,0,0,0,0,0,1,0,0,0,0,0,0,0,0,0,0,0,0,0,0,0,0,1,0,0,0,0
2022-10-22,WA,270,2022-42,Region 10,5.4,94716,2026-05-06T19:11:09Z,1.73,0,0,0,0,0,0,0,0,0,0,0,0,1,0,0,0,0,0,0,0,0,0,0,0,0,0,0,0,0,1,0,0,0,0
2022-10-29,WA,323,2022-43,Region 10,5.48,102119.8,2026-05-06T19:11:09Z,1.81,0,0,0,0,0,0,0,0,0,0,0,0,1,0,0,0,0,0,0,0,0,0,0,0,0,0,0,0,0,1,0,0,0,0
2022-11-05,WA,305,2022-44,Region 10,5.18,97192.34,2026-05-06T19:11:09Z,1.74,0,0,0,0,0,0,0,0,0,0,0,0,1,0,0,0,0,0,0,0,0,0,0,0,0,0,0,0,0,1,0,0,0,0
2022-11-12,WA,276,2022-45,Region 10,5.54,109697.54,2026-05-06T19:11:09Z,1.86,0,0,0,0,0,0,0,0,0,0,0,0,1,0,0,0,0,0,0,0,0,0,0,0,0,0,0,0,0,1,0,0,0,0
2022-11-19,WA,341,2022-46,Region 10,5.83,131035.08,2026-05-06T19:11:09Z,2.02,0,0,0,0,0,0,0,0,0,0,0,0,1,0,0,0,0,0,0,0,0,0,0,0,0,0,0,0,0,1,0,0,0,0
2022-11-26,WA,378,2022-47,Region 10,6.88,150892.16,2026-05-06T19:11:09Z,2.65,0,0,0,0,0,0,0,0,0,0,0,0,1,0,0,0,0,0,0,0,0,0,0,0,0,0,0,0,0,1,0,0,0,0
2022-12-03,WA,488,2022-48,Region 10,7.31,188539.52,2026-05-06T19:11:09Z,2.84,0,0,0,0,0,0,0,0,0,0,0,0,1,0,0,0,0,0,0,0,0,0,0,0,0,0,0,0,0,1,0,0,0,0
2022-12-10,WA,430,2022-49,Region 10,7.17,168530.85,2026-05-06T19:11:09Z,2.79,0,0,0,0,0,0,0,0,0,0,0,0,1,0,0,0,0,0,0,0,0,0,0,0,0,0,0,0,0,1,0,0,0,0
2022-12-17,WA,417,2022-50,Region 10,7.95,156249.30000000002,2026-05-06T19:11:09Z,2.83,0,0,0,0,0,0,0,0,0,0,0,0,1,0,0,0,0,0,0,0,0,0,0,0,0,0,0,0,0,1,0,0,0,0
2022-12-24,WA,467,2022-51,Region 10,8.07,141717.27000000002,2026-05-06T19:11:09Z,3.08,0,0,0,0,0,0,0,0,0,0,0,0,1,0,0,0,0,0,0,0,0,0,0,0,0,0,0,0,0,1,0,0,0,0
2022-12-31,WA,465,2022-52,Region 10,8.78,130909.79999999999,2026-05-06T19:11:09Z,2.97,0,0,0,0,0,0,0,0,0,0,0,0,1,0,0,0,0,0,0,0,0,0,0,0,0,0,0,0,0,1,0,0,0,0
2023-01-07,WA,466,2023-01,Region 10,8.36,120032.87999999999,2026-05-06T19:11:09Z,2.86,0,0,0,0,0,0,0,0,0,0,0,0,1,0,0,0,0,0,0,0,0,0,0,0,0,0,0,0,0,1,0,0,0,0
2023-01-14,WA,417,2023-02,Region 10,7.54,117465.66,2026-05-06T19:11:09Z,2.66,0,0,0,0,0,0,0,0,0,0,0,0,1,0,0,0,0,0,0,0,0,0,0,0,0,0,0,0,0,1,0,0,0,0
2023-01-21,WA,408,2023-03,Region 10,8.35,121893.29999999999,2026-05-06T19:11:09Z,2.6,0,0,0,0,0,0,0,0,0,0,0,0,1,0,0,0,0,0,0,0,0,0,0,0,0,0,0,0,0,1,0,0,0,0
2023-01-28,WA,382,2023-04,Region 10,9.32,117571.8,2026-05-06T19:11:09Z,2.6,0,0,0,0,0,0,0,0,0,0,0,0,1,0,0,0,0,0,0,0,0,0,0,0,0,0,0,0,0,1,0,0,0,0
2023-02-04,WA,373,2023-05,Region 10,9.14,109881.08,2026-05-06T19:11:09Z,2.81,0,0,0,0,0,0,0,0,0,0,0,0,1,0,0,0,0,0,0,0,0,0,0,0,0,0,0,0,0,1,0,0,0,0
2023-02-11,WA,408,2023-06,Region 10,8.83,120494.18000000001,2026-05-06T19:11:09Z,2.84,0,0,0,0,0,0,0,0,0,0,0,0,1,0,0,0,0,0,0,0,0,0,0,0,0,0,0,0,0,1,0,0,0,0
2023-02-18,WA,405,2023-07,Region 10,8.99,120537.92,2026-05-06T19:11:09Z,2.57,0,0,0,0,0,0,0,0,0,0,0,0,1,0,0,0,0,0,0,0,0,0,0,0,0,0,0,0,0,1,0,0,0,0
2023-02-25,WA,364,2023-08,Region 10,7.99,91070.02,2026-05-06T19:11:09Z,2.42,0,0,0,0,0,0,0,0,0,0,0,0,1,0,0,0,0,0,0,0,0,0,0,0,0,0,0,0,0,1,0,0,0,0
2023-03-04,WA,385,2023-09,Region 10,7.63,90972.49,2026-05-06T19:11:09Z,2.35,0,0,0,0,0,0,0,0,0,0,0,0,1,0,0,0,0,0,0,0,0,0,0,0,0,0,0,0,0,1,0,0,0,0
2023-03-11,WA,365,2023-10,Region 10,7.08,91055.88,2026-05-06T19:11:09Z,2.16,0,0,0,0,0,0,0,0,0,0,0,0,1,0,0,0,0,0,0,0,0,0,0,0,0,0,0,0,0,1,0,0,0,0
2023-03-18,WA,312,2023-11,Region 10,7.49,95647.3,2026-05-06T19:11:09Z,2.05,0,0,0,0,0,0,0,0,0,0,0,0,1,0,0,0,0,0,0,0,0,0,0,0,0,0,0,0,0,1,0,0,0,0
2023-03-25,WA,340,2023-12,Region 10,7.84,85996.95999999999,2026-05-06T19:11:09Z,1.92,0,0,0,0,0,0,0,0,0,0,0,0,1,0,0,0,0,0,0,0,0,0,0,0,0,0,0,0,0,1,0,0,0,0
2023-04-01,WA,305,2023-13,Region 10,6.81,73507.14,2026-05-06T19:11:09Z,1.67,0,0,0,0,0,0,0,0,0,0,0,0,1,0,0,0,0,0,0,0,0,0,0,0,0,0,0,0,0,1,0,0,0,0
2023-04-08,WA,243,2023-14,Region 10,6.38,59429.7,2026-05-06T19:11:09Z,1.58,0,0,0,0,0,0,0,0,0,0,0,0,1,0,0,0,0,0,0,0,0,0,0,0,0,0,0,0,0,1,0,0,0,0
2023-04-15,WA,209,2023-15,Region 10,6.65,57921.5,2026-05-06T19:11:09Z,1.41,0,0,0,0,0,0,0,0,0,0,0,0,1,0,0,0,0,0,0,0,0,0,0,0,0,0,0,0,0,1,0,0,0,0
2023-04-22,WA,208,2023-16,Region 10,6.39,53695.17,2026-05-06T19:11:09Z,1.32,0,0,0,0,0,0,0,0,0,0,0,0,1,0,0,0,0,0,0,0,0,0,0,0,0,0,0,0,0,1,0,0,0,0
2023-04-29,WA,223,2023-17,Region 10,6.82,61570.96,2026-05-06T19:11:09Z,1.26,0,0,0,0,0,0,0,0,0,0,0,0,1,0,0,0,0,0,0,0,0,0,0,0,0,0,0,0,0,1,0,0,0,0
2023-05-06,WA,193,2023-18,Region 10,5.09,53796.21,2026-05-06T19:11:09Z,1.07,0,0,0,0,0,0,0,0,0,0,0,0,1,0,0,0,0,0,0,0,0,0,0,0,0,0,0,0,0,1,0,0,0,0
2023-05-13,WA,170,2023-19,Region 10,5.09,38098.65,2026-05-06T19:11:09Z,0.96,0,0,0,0,0,0,0,0,0,0,0,0,1,0,0,0,0,0,0,0,0,0,0,0,0,0,0,0,0,1,0,0,0,0
2023-05-20,WA,165,2023-20,Region 10,4.41,31280.13,2026-05-06T19:11:09Z,0.93,0,0,0,0,0,0,0,0,0,0,0,0,1,0,0,0,0,0,0,0,0,0,0,0,0,0,0,0,0,1,0,0,0,0
2023-05-27,WA,173,2023-21,Region 10,4.07,27281.210000000003,2026-05-06T19:11:09Z,0.83,0,0,0,0,0,0,0,0,0,0,0,0,1,0,0,0,0,0,0,0,0,0,0,0,0,0,0,0,0,1,0,0,0,0
2023-06-03,WA,142,2023-22,Region 10,4.38,28010.1,2026-05-06T19:11:09Z,0.78,0,0,0,0,0,0,0,0,0,0,0,0,1,0,0,0,0,0,0,0,0,0,0,0,0,0,0,0,0,1,0,0,0,0
2023-06-10,WA,142,2023-23,Region 10,4.43,27173.62,2026-05-06T19:11:09Z,0.86,0,0,0,0,0,0,0,0,0,0,0,0,1,0,0,0,0,0,0,0,0,0,0,0,0,0,0,0,0,1,0,0,0,0
2023-06-17,WA,121,2023-24,Region 10,5,26295,2026-05-06T19:11:09Z,0.79,0,0,0,0,0,0,0,0,0,0,0,0,1,0,0,0,0,0,0,0,0,0,0,0,0,0,0,0,0,1,0,0,0,0
2023-06-24,WA,127,2023-25,Region 10,5.34,25503.84,2026-05-06T19:11:09Z,1.02,0,0,0,0,0,0,0,0,0,0,0,0,1,0,0,0,0,0,0,0,0,0,0,0,0,0,0,0,0,1,0,0,0,0
2023-07-01,WA,139,2023-26,Region 10,5.64,25915.8,2026-05-06T19:11:09Z,0.92,0,0,0,0,0,0,0,0,0,0,0,0,1,0,0,0,0,0,0,0,0,0,0,0,0,0,0,0,0,1,0,0,0,0
2023-07-08,WA,131,2023-27,Region 10,7.39,34104.85,2026-05-06T19:11:09Z,1.12,0,0,0,0,0,0,0,0,0,0,0,0,1,0,0,0,0,0,0,0,0,0,0,0,0,0,0,0,0,1,0,0,0,0
2023-07-15,WA,124,2023-28,Region 10,7.56,43477.56,2026-05-06T19:11:09Z,1.06,0,0,0,0,0,0,0,0,0,0,0,0,1,0,0,0,0,0,0,0,0,0,0,0,0,0,0,0,0,1,0,0,0,0
2023-07-22,WA,137,2023-29,Region 10,8.64,47891.520000000004,2026-05-06T19:11:09Z,1.11,0,0,0,0,0,0,0,0,0,0,0,0,1,0,0,0,0,0,0,0,0,0,0,0,0,0,0,0,0,1,0,0,0,0
2023-07-29,WA,152,2023-30,Region 10,8.95,46504.2,2026-05-06T19:11:09Z,1.22,0,0,0,0,0,0,0,0,0,0,0,0,1,0,0,0,0,0,0,0,0,0,0,0,0,0,0,0,0,1,0,0,0,0
2023-08-05,WA,173,2023-31,Region 10,11.03,61426.07,2026-05-06T19:11:09Z,1.56,0,0,0,0,0,0,0,0,0,0,0,0,1,0,0,0,0,0,0,0,0,0,0,0,0,0,0,0,0,1,0,0,0,0
2023-08-12,WA,197,2023-32,Region 10,12.49,71692.6,2026-05-06T19:11:09Z,1.83,0,0,0,0,0,0,0,0,0,0,0,0,1,0,0,0,0,0,0,0,0,0,0,0,0,0,0,0,0,1,0,0,0,0
2023-08-19,WA,232,2023-33,Region 10,12.53,76984.31999999999,2026-05-06T19:11:09Z,2.15,0,0,0,0,0,0,0,0,0,0,0,0,1,0,0,0,0,0,0,0,0,0,0,0,0,0,0,0,0,1,0,0,0,0
2023-08-26,WA,276,2023-34,Region 10,13.53,92004,2026-05-06T19:11:09Z,2.5,0,0,0,0,0,0,0,0,0,0,0,0,1,0,0,0.9518236306364113,0,0,0,0,0,0,0,0,0,0,0,0,0,1,0,0,0.9108163265306122,0
2023-09-02,WA,285,2023-35,Region 10,13.55,98711.75,2026-05-06T19:11:09Z,2.74,0,0,0,0,0,0,0,0,0,0,0,0,1,0,0,0.9851090824243133,0,0,0,0,0,0,0,0,0,0,0,0,0,1,0,0,0.9720408163265306,0
2023-09-09,WA,316,2023-36,Region 10,14.93,104226.33,2026-05-06T19:11:09Z,3.03,0,0,0,0,0,0,0,0,0,0,0,0,1,0,0,0.9973264111687957,0,0,0,0,0,0,0,0,0,0,0,0,0,1,0,0,0.9948979591836735,0
2023-09-16,WA,351,2023-37,Region 10,14.46,119858.94,2026-05-06T19:11:09Z,3.11,0,0,0,0,0,0,0,0,0,0,0,0,1,0,0,0.9768352161880132,0,0,0,0,0,0,0,0,0,0,0,0,0,1,0,0,0.962857142857143,0
2023-09-23,WA,366,2023-38,Region 10,13.79,118042.4,2026-05-06T19:11:09Z,2.99,0,0,0,0,0,0,0,0,0,0,0,0,1,0,0,0.9815492438263358,0,0,0,0,0,0,0,0,0,0,0,0,0,1,0,0,0.9700840336134453,0
2023-09-30,WA,341,2023-39,Region 10,13.55,118562.5,2026-05-06T19:11:09Z,2.78,0,0,0,0,0,0,0,0,0,0,0,0,1,0,0,0.9949913951467224,0,0,0,0,0,0,0,0,0,0,0,0,0,1,0,0,0.992063492063492,0
2023-10-07,WA,355,2023-40,Region 10,11.75,121530.25,2026-05-06T19:11:09Z,2.57,0,0,0,0,0,0,0,0,0,0,0,0,1,0,0,1,0,0,0,0,0,0,0,0,0,0,0,0,0,1,0,0,1,0
2023-10-14,WA,375,2023-41,Region 10,11.1,87579,2026-05-06T19:11:09Z,2.28,0,0,0,0,0,0,0,0,0,0,0,0,1,0,0,0.9930832531029294,0,0,0,0,0,0,0,0,0,0,0,0,0,1,0,0,0.9938775510204081,0
2023-10-21,WA,296,2023-42,Region 10,10.01,91611.52,2026-05-06T19:11:09Z,1.75,0,0,0,0,0,0,0,0,0,0,0,0,1,0,0,0.960244096946051,0,0,0,0,0,0,0,0,0,0,0,0,0,1,0,0,0.9580952380952381,0
2023-10-28,WA,232,2023-43,Region 10,9.02,80710.95999999999,2026-05-06T19:11:09Z,1.55,0,0,0,0,0,0,0,0,0,0,0,0,1,0,0,0.9517182904791558,0,0,0,0,0,0,0,0,0,0,0,0,0,1,0,0,0.9343537414965987,0
2023-11-04,WA,241,2023-44,Region 10,8.98,78170.90000000001,2026-05-06T19:11:09Z,1.58,0,0,0,0,0,0,0,0,0,0,0,0,1,0,0,0.9432294596567842,0,0,0,0,0,0,0,0,0,0,0,0,0,1,0,0,0.9180272108843538,0
2023-11-11,WA,247,2023-45,Region 10,8.28,74081.15999999999,2026-05-06T19:11:09Z,1.42,0,0,0,0,0,0,0,0,0,0,0,0,1,0,0,0.9206132427804481,0,0,0,0,0,0,0,0,0,0,0,0,0,1,0,0,0.9082312925170067,0
2023-11-18,WA,251,2023-46,Region 10,7.53,72084.69,2026-05-06T19:11:09Z,1.4,0,0,0,0,0,0,0,0,0,0,0,0,1,0,0,0.8738359046541706,0,0,0,0,0,0,0,0,0,0,0,0,0,1,0,0,0.8776190476190476,0
2023-11-25,WA,217,2023-47,Region 10,7.71,67955.94,2026-05-06T19:11:09Z,1.58,0,0,0,0,0,0,0,0,0,0,0,0,1,0,0,0.9658161103352727,0,0,0,0,0,0,0,0,0,0,0,0,0,1,0,0,0.9380952380952381,0
2023-12-02,WA,251,2023-48,Region 10,8.22,86770.32,2026-05-06T19:11:09Z,1.8,0,0,0,0,0,0,0,0,0,0,0,0,1,0,0,0.9937543986351796,0,0,0,0,0,0,0,0,0,0,0,0,0,1,0,0,0.9523809523809524,0
2023-12-09,WA,296,2023-49,Region 10,8.6,88287.59999999999,2026-05-06T19:11:09Z,1.79,0,0,0,0,0,0,0,0,0,0,0,0,0.9422831639184479,0,0,0.9760564225469105,0,0,0,0,0,0,0,0,0,0,0,0,0,0.9702380952380952,0,0,0.9484353741496598,0
2023-12-16,WA,274,2023-50,Region 10,7.75,82088,2026-05-06T19:11:09Z,1.9,0,0,0,0,0,0,0,0,0,0,0,0,0.9238137763723513,0,0,0.9637317270759057,0,0,0,0,0,0,0,0,0,0,0,0,0,0.9607142857142857,0,0,0.9555782312925171,0
2023-12-23,WA,299,2023-51,Region 10,8.67,82867.86,2026-05-06T19:11:09Z,2.24,0,0,0,0,0,0,0,0,0,0,0,0,0.9699872452375928,0,0,0.970571515951945,0,0,0,0,0,0,0,0,0,0,0,0,0,0.9845238095238095,0,0,0.9748299319727891,0
2023-12-30,WA,358,2023-52,Region 10,10.47,103663.47,2026-05-06T19:11:09Z,2.77,0,0,0,0,0,0,0,0,0,0,0,0,1,0,0,0.9780095350040559,0,0,0,0,0,0,0,0,0,0,0,0,0,1,0,0,0.985374149659864,0
2024-01-06,WA,424,2024-01,Region 10,10.33,107886.52,2026-05-06T19:11:09Z,2.83,0,0,0,0,0,0,0,0,0,0,0,0,1,0,0,0.9854716731842355,0,0,0,0,0,0,0,0,0,0,0,0,0,1,0,0,0.9921768707482993,0
2024-01-13,WA,360,2024-02,Region 10,10.54,101521.28,2026-05-06T19:11:09Z,2.72,0,0,0,0,0,0,0,0,0,0,0,0,1,0,0,1,0,0,0,0,0,0,0,0,0,0,0,0,0,1,0,0,1,0
2024-01-20,WA,376,2024-03,Region 10,10.4,91166.40000000001,2026-05-06T19:11:09Z,2.34,0,0,0,0,0,0,0,0,0,0,0,0,1,0,0,1,0,0,0,0,0,0,0,0,0,0,0,0,0,1,0,0,1,0
2024-01-27,WA,368,2024-04,Region 10,10.07,93731.56,2026-05-06T19:11:09Z,2.54,0,0,0,0,0,0,0,0,0,0,0,0,1,0,0,0.9958304733760515,0,0,0,0,0,0,0,0,0,0,0,0,0,1,0,0,0.9876190476190476,0
2024-02-03,WA,352,2024-05,Region 10,9.84,88107.36,2026-05-06T19:11:09Z,2.25,0,0,0,0,0,0,0,0,0,0,0,0,0.9215051029290892,0,0,0.981393784508066,0,0,0,0,0,0,0,0,0,0,0,0,0,0.9595238095238094,0,0,0.9800680272108844,0
2024-02-10,WA,327,2024-06,Region 10,8.92,81056.04,2026-05-06T19:11:09Z,2.21,0,0,0,0,0,0,0,0,0,0,0,0,0.8656352056021468,0,0,0.9684082059779854,0,0,0,0,0,0,0,0,0,0,0,0,0,0.9307142857142857,0,0,0.980204081632653,0
2024-02-17,WA,277,2024-07,Region 10,8.62,75269.84,2026-05-06T19:11:09Z,1.91,0,0,0,0,0,0,0,0,0,0,0,0,0.9461309529905515,0,0,0.9734700119016475,0,0,0,0,0,0,0,0,0,0,0,0,0,0.9722222222222223,0,0,0.9857142857142857,0
2024-02-24,WA,253,2024-08,Region 10,8.17,71740.77,2026-05-06T19:11:09Z,1.86,0,0,0,0,0,0,0,0,0,0,0,0,0.9730654764952757,0,0,0.8546152967489711,0,0,0,0,0,0,0,0,0,0,0,0,0,0.9861111111111112,0,0,0.8976190476190475,0
2024-03-02,WA,261,2024-09,Region 10,7.23,62308.14000000001,2026-05-06T19:11:09Z,1.6,0,0,0,0,0,0,0,0,0,0,0,0,1,0,0,0.7357605815962946,0,0,0,0,0,0,0,0,0,0,0,0,0,1,0,0,0.8095238095238095,0
2024-03-09,WA,223,2024-10,Region 10,6.2,45012,2026-05-06T19:11:09Z,1.31,0,0,0,0,0,0,0,0,0,0,0,0,0.8776403075071098,0,0,0.8528811324936031,0,0,0,0,0,0,0,0,0,0,0,0,0,0.9369047619047619,0,0,0.8608163265306122,0
2024-03-16,WA,186,2024-11,Region 10,5.74,42131.6,2026-05-06T19:11:09Z,1.12,0,0,0,0,0,0,0,0,0,0,0,0,0.9215051029290892,0,0,0.8636300487909643,0,0,0,0,0,0,0,0,0,0,0,0,0,0.9595238095238094,0,0,0.8447619047619048,0
2024-03-23,WA,189,2024-12,Region 10,4.45,34211.6,2026-05-06T19:11:09Z,0.91,0,0,0,0,0,0,0,0,0,0,0,0,0.9907653062269516,0,0,0.8681120070830857,0,0,0,0,0,0,0,0,0,0,0,0,0,0.9952380952380951,0,0,0.8282312925170068,0
2024-03-30,WA,142,2024-13,Region 10,4.07,26931.190000000002,2026-05-06T19:11:09Z,0.78,0,0,0,0,0,0,0,0,0,0,0,0,0.9445918373617102,0,0,0.8713730047896103,0,0,0,0,0,0,0,0,0,0,0,0,0,0.9714285714285714,0,0,0.8406802721088436,0
2024-04-06,WA,131,2024-14,Region 10,4,24904,2026-05-06T19:11:09Z,0.62,0,0,0,0,0,0,0,0,0,0,0,0,0.9148017569326773,0,0,0.7695498218963993,0,0,0,0,0,0,0,0,0,0,0,0,0,0.9380952380952381,0,0,0.7638775510204081,0
2024-04-13,WA,100,2024-15,Region 10,3.9,22678.5,2026-05-06T19:11:09Z,0.58,0,0,0,0,0,0,0,0,0,0,0,0,0.9541506525001704,0,0,0.6571968593547424,0,0,0,0,0,0,0,0,0,0,0,0,0,0.9378571428571427,0,0,0.627891156462585,0
2024-04-20,WA,99,2024-16,Region 10,3.56,19081.6,2026-05-06T19:11:09Z,0.52,0,0,0,0,0,0,0,0,0,0,0,0,0.9908089047495178,0,0,0.6547914737671583,0,0,0,0,0,0,0,0,0,0,0,0,0,0.9523809523809524,0,0,0.6027210884353742,0
2024-04-27,WA,81,2024-17,Region 10,2.81,15081.27,2026-05-06T19:11:09Z,0.49,0,0,0,0,0,0,0,0,0,0,0,0,0.9994475862365608,0,0,0.7130430422737463,0,0,0,0,0,0,0,0,0,0,0,0,0,0.9778571428571428,0,0,0.6753061224489795,0
2022-10-01,WI,457,2022-39,Region 5,7.12,439937.68,2026-05-06T19:11:09Z,2.06,0,0,0,0,0,0,0,0,0,0,0,0,1,0,0,0.834203612641888,0,0,0,0,0,0,0,0,0,0,0,0,0,1,0,0,0.7989861751152074,0
2022-10-08,WI,512,2022-40,Region 5,7.56,456495.48,2026-05-06T19:11:09Z,2.14,0,0,0,0,0,0,0,0,0,0,0,0,1,0,0,0.8321114424166248,0,0,0,0,0,0,0,0,0,0,0,0,0,1,0,0,0.8586175115207374,0
2022-10-15,WI,529,2022-41,Region 5,7.77,492944.33999999997,2026-05-06T19:11:09Z,2.18,0,0,0,0,0,0,0,0,0,0,0,0,1,0,0,0.8921359872604195,0,0,0,0,0,0,0,0,0,0,0,0,0,1,0,0,0.9339170506912443,0
2022-10-22,WI,511,2022-42,Region 5,7.78,501319.86000000004,2026-05-06T19:11:09Z,2.27,0,0,0,0,0,0,0,0,0,0,0,0,1,0,0,0.9367416160098206,0,0,0,0,0,0,0,0,0,0,0,0,0,1,0,0,0.9668663594470046,0
2022-10-29,WI,572,2022-43,Region 5,7.81,510078.91,2026-05-06T19:11:09Z,2.33,0,0,0,0,0,0,0,0,0,0,0,0,1,0,0,0.9437360921700079,0,0,0,0,0,0,0,0,0,0,0,0,0,1,0,0,0.9547926267281106,0
2022-11-05,WI,584,2022-44,Region 5,6.44,519308.72000000003,2026-05-06T19:11:09Z,2.15,0,0,0,0,0,0,0,0,0,0,0,0,1,0,0,0.9654689350597101,0,0,0,0,0,0,0,0,0,0,0,0,0,1,0,0,0.9476339285714286,0
2022-11-12,WI,499,2022-45,Region 5,6.86,460477.5,2026-05-06T19:11:09Z,1.83,0,0,0,0,0,0,0,0,0,0,0,0,1,0,0,0.9843555609829941,0,0,0,0,0,0,0,0,0,0,0,0,0,1,0,0,0.9555844155844155,0
2022-11-19,WI,443,2022-46,Region 5,6.64,463711.04,2026-05-06T19:11:09Z,1.77,0,0,0,0,0,0,0,0,0,0,0,0,1,0,0,0.9410147763070758,0,0,0,0,0,0,0,0,0,0,0,0,0,1,0,0,0.9037229437229438,0
2022-11-26,WI,441,2022-47,Region 5,7.36,483345.92000000004,2026-05-06T19:11:09Z,2.29,0,0,0,0,0,0,0,0,0,0,0,0,1,0,0,0.9129451064475751,0,0,0,0,0,0,0,0,0,0,0,0,0,1,0,0,0.875930735930736,0
2022-12-03,WI,576,2022-48,Region 5,8.35,671323.2999999999,2026-05-06T19:11:09Z,2.38,0,0,0,0,0,0,0,0,0,0,0,0,1,0,0,0.960655389965861,0,0,0,0,0,0,0,0,0,0,0,0,0,1,0,0,0.9444155844155844,0
2022-12-10,WI,581,2022-49,Region 5,8.8,680407.2000000001,2026-05-06T19:11:09Z,2.44,0,0,0,0,0,0,0,0,0,0,0,0,1,0,0,0.9975003969342626,0,0,0,0,0,0,0,0,0,0,0,0,0,1,0,0,0.9938961038961038,0
2022-12-17,WI,624,2022-50,Region 5,9.49,736604.31,2026-05-06T19:11:09Z,2.67,0,0,0,0,0,0,0,0,0,0,0,0,1,0,0,0.998684597355483,0,0,0,0,0,0,0,0,0,0,0,0,0,1,0,0,0.9877489177489177,0
2022-12-24,WI,600,2022-51,Region 5,9.75,634110.75,2026-05-06T19:11:09Z,2.62,0,0,0,0,0,0,0,0,0,0,0,0,1,0,0,0.993139032207188,0,0,0,0,0,0,0,0,0,0,0,0,0,1,0,0,0.9672294372294372,0
2022-12-31,WI,636,2022-52,Region 5,9.79,556776.88,2026-05-06T19:11:09Z,2.77,0,0,0,0,0,0,0,0,0,0,0,0,1,0,0,0.99335558982213,0,0,0,0,0,0,0,0,0,0,0,0,0,1,0,0,0.9748051948051948,0
2023-01-07,WI,565,2023-01,Region 5,8.95,493350.85,2026-05-06T19:11:09Z,2.34,0,0,0,0,0,0,0,0,0,0,0,0,1,0,0,0.9772876486205861,0,0,0,0,0,0,0,0,0,0,0,0,0,1,0,0,0.966969696969697,0
2023-01-14,WI,486,2023-02,Region 5,7.63,392769.51,2026-05-06T19:11:09Z,1.95,0,0,0,0,0,0,0,0,0,0,0,0,1,0,0,0.9703114299214803,0,0,0,0,0,0,0,0,0,0,0,0,0,1,0,0,0.9691774891774892,0
2023-01-21,WI,512,2023-03,Region 5,7.45,363783.5,2026-05-06T19:11:09Z,1.72,0,0,0,0,0,0,0,0,0,0,0,0,1,0,0,0.9756594400362318,0,0,0,0,0,0,0,0,0,0,0,0,0,1,0,0,0.9680408163265306,0
2023-01-28,WI,471,2023-04,Region 5,7.35,362884.19999999995,2026-05-06T19:11:09Z,1.61,0,0,0,0,0,0,0,0,0,0,0,0,1,0,0,0.9540839846050098,0,0,0,0,0,0,0,0,0,0,0,0,0,1,0,0,0.9136326530612244,0
2023-02-04,WI,470,2023-05,Region 5,7.33,344143.5,2026-05-06T19:11:09Z,1.5,0,0,0,0,0,0,0,0,0,0,0,0,1,0,0,0.9398109549569394,0,0,0,0,0,0,0,0,0,0,0,0,0,1,0,0,0.8742040816326531,0
2023-02-11,WI,456,2023-06,Region 5,7.79,374410.77,2026-05-06T19:11:09Z,1.73,0,0,0,0,0,0,0,0,0,0,0,0,1,0,0,0.9537520748024506,0,0,0,0,0,0,0,0,0,0,0,0,0,1,0,0,0.9077551020408162,0
2023-02-18,WI,484,2023-07,Region 5,8.77,383783.97,2026-05-06T19:11:09Z,1.81,0,0,0,0,0,0,0,0,0,0,0,0,1,0,0,0.9589955759030555,0,0,0,0,0,0,0,0,0,0,0,0,0,1,0,0,0.921265306122449,0
2023-02-25,WI,463,2023-08,Region 5,8.64,363890.88,2026-05-06T19:11:09Z,2,0,0,0,0,0,0,0,0,0,0,0,0,1,0,0,0.9544499290773494,0,0,0,0,0,0,0,0,0,0,0,0,0,1,0,0,0.9163265306122449,0
2023-03-04,WI,400,2023-09,Region 5,8.54,363043.93999999994,2026-05-06T19:11:09Z,1.73,0,0,0,0,0,0,0,0,0,0,0,0,1,0,0,0.9315159636018278,0,0,0,0,0,0,0,0,0,0,0,0,0,1,0,0,0.8912244897959184,0
2023-03-11,WI,364,2023-10,Region 5,7.76,300661.2,2026-05-06T19:11:09Z,1.76,0,0,0,0,0,0,0,0,0,0,0,0,1,0,0,0.8933626886510284,0,0,0,0,0,0,0,0,0,0,0,0,0,1,0,0,0.8298367346938775,0
2023-03-18,WI,392,2023-11,Region 5,7.74,284127.66000000003,2026-05-06T19:11:09Z,1.66,0,0,0,0,0,0,0,0,0,0,0,0,1,0,0,0.8764903951067682,0,0,0,0,0,0,0,0,0,0,0,0,0,1,0,0,0.770357142857143,0
2023-03-25,WI,362,2023-12,Region 5,7.89,278958.83999999997,2026-05-06T19:11:09Z,1.65,0,0,0,0,0,0,0,0,0,0,0,0,1,0,0,0.8591462883597678,0,0,0,0,0,0,0,0,0,0,0,0,0,1,0,0,0.7237301587301588,0
2023-04-01,WI,374,2023-13,Region 5,7.83,262273.68,2026-05-06T19:11:09Z,1.63,0,0,0,0,0,0,0,0,0,0,0,0,1,0,0,0.8597306341311409,0,0,0,0,0,0,0,0,0,0,0,0,0,1,0,0,0.7226587301587302,0
2023-04-08,WI,358,2023-14,Region 5,7.12,228025.12,2026-05-06T19:11:09Z,1.46,0,0,0,0,0,0,0,0,0,0,0,0,1,0,0,0.836693298428898,0,0,0,0,0,0,0,0,0,0,0,0,0,1,0,0,0.6634920634920636,0
2023-04-15,WI,350,2023-15,Region 5,6.73,195876.65000000002,2026-05-06T19:11:09Z,1.28,0,0,0,0,0,0,0,0,0,0,0,0,1,0,0,0.7840313024607032,0,0,0,0,0,0,0,0,0,0,0,0,0,1,0,0,0.5467063492063492,0
2023-04-22,WI,279,2023-16,Region 5,5.27,137525.91999999998,2026-05-06T19:11:09Z,0.94,0,0,0,0,0,0,0,0,0,0,0,0,1,0,0,0.75217987446793,0,0,0,0,0,0,0,0,0,0,0,0,0,1,0,0,0.4413492063492063,0
2023-04-29,WI,233,2023-17,Region 5,4.91,121316.28,2026-05-06T19:11:09Z,0.86,0,0,0,0,0,0,0,0,0,0,0,0,1,0,0,0.7145134052946625,0,0,0,0,0,0,0,0,0,0,0,0,0,1,0,0,0.4012698412698413,0
2023-05-06,WI,186,2023-18,Region 5,5.48,129437.6,2026-05-06T19:11:09Z,0.83,0,0,0,0,0,0,0,0,0,0,0,0,1,0,0,0.6738777860991908,0,0,0,0,0,0,0,0,0,0,0,0,0,1,0,0,0.37242063492063493,0
2023-05-13,WI,183,2023-19,Region 5,5.24,112880.08,2026-05-06T19:11:09Z,0.73,0,0,0,0,0,0,0,0,0,0,0,0,1,0,0,0.6850776130392076,0,0,0,0,0,0,0,0,0,0,0,0,0,1,0,0,0.3551190476190476,0
2023-05-20,WI,158,2023-20,Region 5,4.86,93341.16,2026-05-06T19:11:09Z,0.52,0,0,0,0,0,0,0,0,0,0,0,0,1,0,0,0.7057492074549258,0,0,0,0,0,0,0,0,0,0,0,0,0,1,0,0,0.368531746031746,0
2023-05-27,WI,125,2023-21,Region 5,5.01,85600.86,2026-05-06T19:11:09Z,0.46,0,0,0,0,0,0,0,0,0,0,0,0,1,0,0,0.7324802083206339,0,0,0,0,0,0,0,0,0,0,0,0,0,1,0,0,0.40234126984126983,0
2023-06-03,WI,117,2023-22,Region 5,4.97,74470.48,2026-05-06T19:11:09Z,0.47,0,0,0,0,0,0,0,0,0,0,0,0,1,0,0,0.736861213511675,0,0,0,0,0,0,0,0,0,0,0,0,0,1,0,0,0.4202777777777778,0
2023-06-10,WI,114,2023-23,Region 5,4.16,60648.64,2026-05-06T19:11:09Z,0.33,0,0,0,0,0,0,0,0,0,0,0,0,1,0,0,0.69955264741000045,0,0,0,0,0,0,0,0,0,0,0,0,0,1,0,0,0.3693903318903319,0
2023-06-17,WI,78,2023-24,Region 5,4.05,52613.549999999996,2026-05-06T19:11:09Z,0.32,0,0,0,0,0,0,0,0,0,0,0,0,1,0,0,0.6525298725536615,0,0,0,0,0,0,0,0,0,0,0,0,0,1,0,0,0.29424362674362675,0
2023-06-24,WI,83,2023-25,Region 5,4.2,51126.6,2026-05-06T19:11:09Z,0.3,0,0,0,0,0,0,0,0,0,0,0,0,0.9642857142857143,0,0,0.6161599727254169,0,0,0,0,0,0,0,0,0,0,0,0,0,0.9642857142857143,0,0,0.23754930254930254,0
2023-07-01,WI,49,2023-26,Region 5,4.15,47193.8,2026-05-06T19:11:09Z,0.23,0,0,0,0,0,0,0,0,0,0,0,0,0.7985714285714286,0,0,0.6150298027980675,0,0,0,0,0,0,0,0,0,0,0,0,0,0.7985714285714286,0,0,0.22410894660894662,0
2023-07-08,WI,63,2023-27,Region 5,5.01,55099.979999999996,2026-05-06T19:11:09Z,0.28,0,0,0,0,0,0,0,0,0,0,0,0,0.7857142857142857,0,0,0.6187373685257742,0,0,0,0,0,0,0,0,0,0,0,0,0,0.7857142857142857,0,0,0.21421356421356422,0
2023-07-15,WI,66,2023-28,Region 5,5.18,58425.219999999994,2026-05-06T19:11:09Z,0.27,0,0,0,0,0,0,0,0,0,0,0,0,1,0,0,0.6361078793449689,0,0,0,0,0,0,0,0,0,0,0,0,0,1,0,0,0.24884199134199136,0
2023-07-22,WI,73,2023-29,Region 5,6.18,69129.48,2026-05-06T19:11:09Z,0.38,0,0,0,0,0,0,0,0,0,0,0,0,1,0,0,0.6550298342974576,0,0,0,0,0,0,0,0,0,0,0,0,0,1,0,0,0.291962481962482,0
2023-07-29,WI,76,2023-30,Region 5,7.58,86343.78,2026-05-06T19:11:09Z,0.44,0,0,0,0,0,0,0,0,0,0,0,0,1,0,0,0.6804796353817251,0,0,0,0,0,0,0,0,0,0,0,0,0,1,0,0,0.3386940836940837,0
2023-08-05,WI,106,2023-31,Region 5,8.83,109147.63,2026-05-06T19:11:09Z,0.59,0,0,0,0,0,0,0,0,0,0,0,0,1,0,0,0.7298336995526329,0,0,0,0,0,0,0,0,0,0,0,0,0,1,0,0,0.38625901875901875,0
2023-08-12,WI,142,2023-32,Region 5,9.87,133156.16999999998,2026-05-06T19:11:09Z,0.72,0,0,0,0,0,0,0,0,0,0,0,0,1,0,0,0.7776724797235801,0,0,0,0,0,0,0,0,0,0,0,0,0,1,0,0,0.45814935064935064,0
2023-08-19,WI,154,2023-33,Region 5,11.21,168329.36000000002,2026-05-06T19:11:09Z,0.82,0,0,0,0,0,0,0,0,0,0,0,0,1,0,0,0.8210932750026848,0,0,0,0,0,0,0,0,0,0,0,0,0,1,0,0,0.5581746031746032,0
2023-08-26,WI,194,2023-34,Region 5,12.5,214487.5,2026-05-06T19:11:09Z,1.04,0,0,0,0,0,0,0,0,0,0,0,0,1,0,0,0.8324533550904678,0,0,0,0,0,0,0,0,0,0,0,0,0,1,0,0,0.599484126984127,0
2023-09-02,WI,201,2023-35,Region 5,12.58,248429.84,2026-05-06T19:11:09Z,1.22,0,0,0,0,0,0,0,0,0,0,0,0,1,0,0,0.8644492282036907,0,0,0,0,0,0,0,0,0,0,0,0,0,1,0,0,0.6803174603174602,0
2023-09-09,WI,184,2023-36,Region 5,12.46,285271.7,2026-05-06T19:11:09Z,1.34,0,0,0,0,0,0,0,0,0,0,0,0,1,0,0,0.9183042023278166,0,0,0,0,0,0,0,0,0,0,0,0,0,1,0,0,0.7777777777777777,0
2023-09-16,WI,245,2023-37,Region 5,12.2,323141.39999999997,2026-05-06T19:11:09Z,1.41,0,0,0,0,0,0,0,0,0,0,0,0,1,0,0,0.9426881427953692,0,0,0,0,0,0,0,0,0,0,0,0,0,1,0,0,0.8137301587301587,0
2023-09-23,WI,320,2023-38,Region 5,12.25,359476.25,2026-05-06T19:11:09Z,1.94,0,0,0,0,0,0,0,0,0,0,0,0,1,0,0,0.9456893833074659,0,0,0,0,0,0,0,0,0,0,0,0,0,1,0,0,0.83494708994709,0
2023-09-30,WI,312,2023-39,Region 5,10.63,286829.29000000004,2026-05-06T19:11:09Z,1.73,0,0,0,0,0,0,0,0,0,0,0,0,1,0,0,0.9357914193599958,0,0,0,0,0,0,0,0,0,0,0,0,0,1,0,0,0.8279100529100529,0
2023-10-07,WI,335,2023-40,Region 5,10.05,244034.1,2026-05-06T19:11:09Z,1.45,0,0,0,0,0,0,0,0,0,0,0,0,1,0,0,0.9005767013867165,0,0,0,0,0,0,0,0,0,0,0,0,0,1,0,0,0.8061389961389962,0
2023-10-14,WI,269,2023-41,Region 5,8.45,218086.05,2026-05-06T19:11:09Z,1.35,0,0,0,0,0,0,0,0,0,0,0,0,1,0,0,0.925611512260343,0,0,0,0,0,0,0,0,0,0,0,0,0,1,0,0,0.8583655083655084,0
2023-10-21,WI,300,2023-42,Region 5,9.47,254998.69000000003,2026-05-06T19:11:09Z,1.6,0,0,0,0,0,0,0,0,0,0,0,0,1,0,0,0.9472142938495925,0,0,0,0,0,0,0,0,0,0,0,0,0,1,0,0,0.9085842985842986,0
2023-10-28,WI,348,2023-43,Region 5,10.51,283896.12,2026-05-06T19:11:09Z,1.8,0,0,0,0,0,0,0,0,0,0,0,0,1,0,0,0.95654356820466,0,0,0,0,0,0,0,0,0,0,0,0,0,1,0,0,0.9211583011583012,0
2023-11-04,WI,306,2023-44,Region 5,10.05,269048.55000000005,2026-05-06T19:11:09Z,1.68,0,0,0,0,0,0,0,0,0,0,0,0,1,0,0,0.9623364654169813,0,0,0,0,0,0,0,0,0,0,0,0,0,1,0,0,0.895907335907336,0
2023-11-11,WI,388,2023-45,Region 5,11.67,353052.51,2026-05-06T19:11:09Z,2.1,0,0,0,0,0,0,0,0,0,0,0,0,1,0,0,0.9531239265585794,0,0,0,0,0,0,0,0,0,0,0,0,0,1,0,0,0.8849034749034749,0
2023-11-18,WI,459,2023-46,Region 5,12.51,409639.95,2026-05-06T19:11:09Z,2.7,0,0,0,0,0,0,0,0,0,0,0,0,1,0,0,0.9644504613514493,0,0,0,0,0,0,0,0,0,0,0,0,0,1,0,0,0.918030888030888,0
2023-11-25,WI,455,2023-47,Region 5,14.28,439424.16,2026-05-06T19:11:09Z,3.28,0,0,0,0,0,0,0,0,0,0,0,0,1,0,0,0.9845706282618059,0,0,0,0,0,0,0,0,0,0,0,0,0,1,0,0,0.9573745173745174,0
2023-12-02,WI,561,2023-48,Region 5,14.35,553608.65,2026-05-06T19:11:09Z,3.51,0,0,0,0,0,0,0,0,0,0,0,0,1,0,0,0.9945770272156982,0,0,0,0,0,0,0,0,0,0,0,0,0,1,0,0,0.9891505791505791,0
2023-12-09,WI,535,2023-49,Region 5,14.19,567202.6799999999,2026-05-06T19:11:09Z,3.34,0,0,0,0,0,0,0,0,0,0,0,0,1,0,0,1,0,0,0,0,0,0,0,0,0,0,0,0,0,1,0,0,1,0
2023-12-16,WI,537,2023-50,Region 5,14.58,646375.14,2026-05-06T19:11:09Z,3.53,0,0,0,0,0,0,0,0,0,0,0,0,1,0,0,1,0,0,0,0,0,0,0,0,0,0,0,0,0,1,0,0,1,0
2023-12-23,WI,596,2023-51,Region 5,14.54,685619.1599999999,2026-05-06T19:11:09Z,3.64,0,0,0,0,0,0,0,0,0,0,0,0,1,0,0,1,0,0,0,0,0,0,0,0,0,0,0,0,0,1,0,0,1,0
2023-12-30,WI,727,2023-52,Region 5,15.08,705683.68,2026-05-06T19:11:09Z,4.16,0,0,0,0,0,0,0,0,0,0,0,0,1,0,0,0.9987580540247636,0,0,0,0,0,0,0,0,0,0,0,0,0,1,0,0,0.9874903474903475,0
2024-01-06,WI,700,2024-01,Region 5,13.94,626798.16,2026-05-06T19:11:09Z,3.57,0,0,0,0,0,0,0,0,0,0,0,0,1,0,0,0.9976586227139623,0,0,0,0,0,0,0,0,0,0,0,0,0,1,0,0,0.9771814671814671,0
2024-01-13,WI,516,2024-02,Region 5,12.12,499331.87999999995,2026-05-06T19:11:09Z,3.03,0,0,0,0,0,0,0,0,0,0,0,0,1,0,0,0.9991599135570144,0,0,0,0,0,0,0,0,0,0,0,0,0,1,0,0,0.9914285714285714,0
2024-01-20,WI,381,2024-03,Region 5,10.92,374938.2,2026-05-06T19:11:09Z,2.14,0,0,0,0,0,0,0,0,0,0,0,0,1,0,0,0.997809433686614,0,0,0,0,0,0,0,0,0,0,0,0,0,1,0,0,0.9899613899613899,0
2024-01-27,WI,304,2024-04,Region 5,10.04,338960.43999999994,2026-05-06T19:11:09Z,2.05,0,0,0,0,0,0,0,0,0,0,0,0,1,0,0,0.9887911193589295,0,0,0,0,0,0,0,0,0,0,0,0,0,1,0,0,0.968030888030888,0
2024-02-03,WI,315,2024-05,Region 5,9.39,343523.76,2026-05-06T19:11:09Z,1.74,0,0,0,0,0,0,0,0,0,0,0,0,1,0,0,0.9848396900385602,0,0,0,0,0,0,0,0,0,0,0,0,0,1,0,0,0.9516216216216216,0
2024-02-10,WI,327,2024-06,Region 5,9.18,360122.22,2026-05-06T19:11:09Z,1.95,0,0,0,0,0,0,0,0,0,0,0,0,1,0,0,0.9870120158386751,0,0,0,0,0,0,0,0,0,0,0,0,0,1,0,0,0.9506177606177606,0
2024-02-17,WI,311,2024-07,Region 5,8.56,320315.2,2026-05-06T19:11:09Z,1.77,0,0,0,0,0,0,0,0,0,0,0,0,1,0,0,0.992082026167579,0,0,0,0,0,0,0,0,0,0,0,0,0,1,0,0,0.9596525096525096,0
2024-02-24,WI,292,2024-08,Region 5,7.42,279852.72,2026-05-06T19:11:09Z,1.45,0,0,0,0,0,0,0,0,0,0,0,0,1,0,0,0.9936639503076141,0,0,0,0,0,0,0,0,0,0,0,0,0,1,0,0,0.9551737451737452,0
2024-03-02,WI,226,2024-09,Region 5,6.57,237584.34,2026-05-06T19:11:09Z,1.23,0,0,0,0,0,0,0,0,0,0,0,0,1,0,0,0.9890916048236555,0,0,0,0,0,0,0,0,0,0,0,0,0,1,0,0,0.9351351351351351,0
2024-03-09,WI,207,2024-10,Region 5,5.33,189961.2,2026-05-06T19:11:09Z,1.03,0,0,0,0,0,0,0,0,0,0,0,0,1,0,0,0.9700996051355056,0,0,0,0,0,0,0,0,0,0,0,0,0,1,0,0,0.8868339768339769,0
2024-03-16,WI,177,2024-11,Region 5,4.62,143252.34,2026-05-06T19:11:09Z,0.77,0,0,0,0,0,0,0,0,0,0,0,0,1,0,0,0.9163760321129346,0,0,0,0,0,0,0,0,0,0,0,0,0,1,0,0,0.800827067669173,0
2024-03-23,WI,142,2024-12,Region 5,3.94,114791.9,2026-05-06T19:11:09Z,0.65,0,0,0,0,0,0,0,0,0,0,0,0,1,0,0,0.8563323709837914,0,0,0,0,0,0,0,0,0,0,0,0,0,1,0,0,0.6905639097744362,0
2024-03-30,WI,132,2024-13,Region 5,3.66,95902.98000000001,2026-05-06T19:11:09Z,0.56,0,0,0,0,0,0,0,0,0,0,0,0,1,0,0,0.8236366987430307,0,0,0,0,0,0,0,0,0,0,0,0,0,1,0,0,0.6089849624060151,0
2024-04-06,WI,127,2024-14,Region 5,3.42,86926.14,2026-05-06T19:11:09Z,0.54,0,0,0,0,0,0,0,0,0,0,0,0,1,0,0,0.7631247256855656,0,0,0,0,0,0,0,0,0,0,0,0,0,1,0,0,0.47751879699248123,0
2024-04-13,WI,92,2024-15,Region 5,3.8,89961.2,2026-05-06T19:11:09Z,0.52,0,0,0,0,0,0,0,0,0,0,0,0,1,0,0,0.6970734971795214,0,0,0,0,0,0,0,0,0,0,0,0,0,1,0,0,0.3469924812030075,0
2024-04-20,WI,101,2024-16,Region 5,3.14,67726.66,2026-05-06T19:11:09Z,0.37,0,0,0,0,0,0,0,0,0,0,0,0,1,0,0,0.6503057402250745,0,0,0,0,0,0,0,0,0,0,0,0,0,1,0,0,0.34620300751879696,0
2024-04-27,WI,77,2024-17,Region 5,3.43,69927.41,2026-05-06T19:11:09Z,0.39,0,0,0,0,0,0,0,0,0,0,0,0,1,0,0,0.6706002971289431,0,0,0,0,0,0,0,0,0,0,0,0,0,1,0,0,0.4197744360902256,0
2022-10-01,WV,196,2022-39,Region 3,6.56,59505.759999999995,2026-05-06T19:11:09Z,2.56,0,0,0,0,0,0,0,0,0,0,0,0,0,0,1,0.9141876175300075,0,0,0,0,0,0,0,0,0,0,0,0,0,0,0,1,0.9409000000000001,0
2022-10-08,WV,194,2022-40,Region 3,6.53,59305.46,2026-05-06T19:11:09Z,1.96,0,0,0,0,0,0,0,0,0,0,0,0,0,0,1,0.8699879766193344,0,0,0,0,0,0,0,0,0,0,0,0,0,0,0,1,0.9413607142857142,0
2022-10-15,WV,155,2022-41,Region 3,6.42,58556.82,2026-05-06T19:11:09Z,1.84,0,0,0,0,0,0,0,0,0,0,0,0,0,0,1,0.9142431443966034,0,0,0,0,0,0,0,0,0,0,0,0,0,0,0,1,0.95025,0
2022-10-22,WV,162,2022-42,Region 3,5.81,53167.31,2026-05-06T19:11:09Z,1.97,0,0,0,0,0,0,0,0,0,0,0,0,0,0,1,0.98039094604169,0,0,0,0,0,0,0,0,0,0,0,0,0,0,0,1,0.9698779761904762,0
2022-10-29,WV,146,2022-43,Region 3,6.07,58915.420000000006,2026-05-06T19:11:09Z,1.8,0,0,0,0,0,0,0,0,0,0,0,0,0,0,1,0.9841642760993722,0,0,0,0,0,0,0,0,0,0,0,0,0,0,0,1,0.9551428571428572,0
2022-11-05,WV,161,2022-44,Region 3,6.33,65236.98,2026-05-06T19:11:09Z,1.82,0,0,0,0,0,0,0,0,0,0,0,0,0,0,1,0.9861527053003399,0,0,0,0,0,0,0,0,0,0,0,0,0,0,0,1,0.9555267857142857,0
2022-11-12,WV,136,2022-45,Region 3,5.7,59302.8,2026-05-06T19:11:09Z,1.77,0,0,0,0,0,0,0,0,0,0,0,0,0,0,1,0.982620265751824,0,0,0,0,0,0,0,0,0,0,0,0,0,0,0,1,0.951327380952381,0
2022-11-19,WV,115,2022-46,Region 3,5.58,56307.78,2026-05-06T19:11:09Z,1.6,0,0,0,0,0,0,0,0,0,0,0,0,0,0,1,0.9373597557007664,0,0,0,0,0,0,0,0,0,0,0,0,0,0,0,1,0.9107589285714286,0
2022-11-26,WV,123,2022-47,Region 3,5.69,53423.41,2026-05-06T19:11:09Z,1.91,0,0,0,0,0,0,0,0,0,0,0,0,0,0,1,0.9222991773582312,0,0,0,0,0,0,0,0,0,0,0,0,0,0,0,1,0.8779285714285714,0
2022-12-03,WV,162,2022-48,Region 3,6.54,70703.94,2026-05-06T19:11:09Z,1.86,0,0,0,0,0,0,0,0,0,0,0,0,0,0,1,0.9589578771733177,0,0,0,0,0,0,0,0,0,0,0,0,0,0,0,1,0.9035505952380953,0
2022-12-10,WV,165,2022-49,Region 3,7.12,73150.88,2026-05-06T19:11:09Z,2.52,0,0,0,0,0,0,0,0,0,0,0,0,0,0,1,0.9835222952663184,0,0,0,0,0,0,0,0,0,0,0,0,0,0,0,1,0.9488154761904762,0
2022-12-17,WV,184,2022-50,Region 3,7.92,66583.44,2026-05-06T19:11:09Z,2.92,0,0,0,0,0,0,0,0,0,0,0,0,0,0,1,0.9895796498709116,0,0,0,0,0,0,0,0,0,0,0,0,0,0,0,1,0.9688422619047619,0
2022-12-24,WV,252,2022-51,Region 3,8.66,78736.72,2026-05-06T19:11:09Z,4.09,0,0,0,0,0,0,0,0,0,0,0,0,0,0,1,0.9891824325658221,0,0,0,0,0,0,0,0,0,0,0,0,0,0,0,1,0.9654166666666667,0
2022-12-31,WV,347,2022-52,Region 3,10.04,86876.12,2026-05-06T19:11:09Z,4.89,0,0,0,0,0,0,0,0,0,0,0,0,0,0,1,0.9844795984695104,0,0,0,0,0,0,0,0,0,0,0,0,0,0,0,1,0.946217261904762,0
2023-01-07,WV,289,2023-01,Region 3,11.23,98037.90000000001,2026-05-06T19:11:09Z,4.29,0,0,0,0,0,0,0,0,0,0,0,0,0,0,1,0.9856990027543254,0,0,0,0,0,0,0,0,0,0,0,0,0,0,0,1,0.9648749999999999,0
2023-01-14,WV,253,2023-02,Region 3,9.02,75885.26,2026-05-06T19:11:09Z,3.21,0,0,0,0,0,0,0,0,0,0,0,0,0,0,1,0.9401508349620192,0,0,0,0,0,0,0,0,0,0,0,0,0,0,0,1,0.9299613095238095,0
2023-01-21,WV,230,2023-03,Region 3,9.4,70518.8,2026-05-06T19:11:09Z,2.81,0,0,0,0,0,0,0,0,0,0,0,0,0,0,1,0.9351862595207753,0,0,0,0,0,0,0,0,0,0,0,0,0,0,0,1,0.9193928571428571,0
2023-01-28,WV,188,2023-04,Region 3,9.67,73501.67,2026-05-06T19:11:09Z,2.69,0,0,0,0,0,0,0,0,0,0,0,0,0,0,1,0.9662625441719365,0,0,0,0,0,0,0,0,0,0,0,0,0,0,0,1,0.9583482142857143,0
2023-02-04,WV,214,2023-05,Region 3,8.91,59296.05,2026-05-06T19:11:09Z,2.57,0,0,0,0,0,0,0,0,0,0,0,0,0,0,1,0.9618044114539576,0,0,0,0,0,0,0,0,0,0,0,0,0,0,0,1,0.9621845238095239,0
2023-02-11,WV,187,2023-06,Region 3,8.01,50703.299999999996,2026-05-06T19:11:09Z,2.36,0,0,0,0,0,0,0,0,0,0,0,0,0,0,1,0.9932313881961033,0,0,0,0,0,0,0,0,0,0,0,0,0,0,0,1,0.9772113095238094,0
2023-02-18,WV,175,2023-07,Region 3,8.52,50080.56,2026-05-06T19:11:09Z,2.36,0,0,0,0,0,0,0,0,0,0,0,0,0,0,1,0.9918269081581994,0,0,0,0,0,0,0,0,0,0,0,0,0,0,0,1,0.9837857142857144,0
2023-02-25,WV,190,2023-08,Region 3,8.04,44911.439999999995,2026-05-06T19:11:09Z,2.18,0,0,0,0,0,0,0,0,0,0,0,0,0,0,1,0.9263373109097462,0,0,0,0,0,0,0,0,0,0,0,0,0,0,0,1,0.9251220238095237,0
2023-03-04,WV,188,2023-09,Region 3,7.07,36509.48,2026-05-06T19:11:09Z,1.9,0,0,0,0,0,0,0,0,0,0,0,0,0,0,1,0.8853623177279265,0,0,0,0,0,0,0,0,0,0,0,0,0,0,0,1,0.8844345238095238,0
2023-03-11,WV,144,2023-10,Region 3,5.77,33315.979999999996,2026-05-06T19:11:09Z,1.85,0,0,0,0,0,0,0,0,0,0,0,0,0,0,1,0.8190201518352055,0,0,0,0,0,0,0,0,0,0,0,0,0,0,0,1,0.8323779761904763,0
2023-03-18,WV,131,2023-11,Region 3,5.62,27807.760000000002,2026-05-06T19:11:09Z,1.48,0,0,0,0,0,0,0,0,0,0,0,0,0,0,1,0.7517137855925456,0,0,0,0,0,0,0,0,0,0,0,0,0,0,0,1,0.7694285714285714,0
2023-03-25,WV,116,2023-12,Region 3,6.22,28786.16,2026-05-06T19:11:09Z,1.37,0,0,0,0,0,0,0,0,0,0,0,0,0,0,1,0.8444193362733127,0,0,0,0,0,0,0,0,0,0,0,0,0,0,0,1,0.83622,0
2023-04-01,WV,110,2023-13,Region 3,4.42,20601.62,2026-05-06T19:11:09Z,1.28,0,0,0,0,0,0,0,0,0,0,0,0,0,0,1,0.933830420192704,0,0,0,0,0,0,0,0,0,0,0,0,0,0,0,1,0.9076742857142857,0
2023-04-08,WV,94,2023-14,Region 3,4.07,17586.47,2026-05-06T19:11:09Z,1.1,0,0,0,0,0,0,0,0,0,0,0,0,0,0,1,0.8893208669448742,0,0,0,0,0,0,0,0,0,0,0,0,0,0,0,1,0.8977571428571429,0
2023-04-15,WV,83,2023-15,Region 3,2.63,13589.21,2026-05-06T19:11:09Z,1,0,0,0,0,0,0,0,0,0,0,0,0,0,0,1,0.8841695357581544,0,0,0,0,0,0,0,0,0,0,0,0,0,0,0,1,0.8929257142857143,0
2023-04-22,WV,55,2023-16,Region 3,2.57,10881.38,2026-05-06T19:11:09Z,0.62,0,0,0,0,0,0,0,0,0,0,0,0,0,0,1,0.8425033654266231,0,0,0,0,0,0,0,0,0,0,0,0,0,0,0,1,0.86798,0
2023-04-29,WV,42,2023-17,Region 3,2.3,9512.8,2026-05-06T19:11:09Z,0.67,0,0,0,0,0,0,0,0,0,0,0,0,0,0,1,0.7908398476718103,0,0,0,0,0,0,0,0,0,0,0,0,0,0,0,1,0.7995676190476191,0
2023-05-06,WV,53,2023-18,Region 3,2.16,8694,2026-05-06T19:11:09Z,0.57,0,0,0,0,0,0,0,0,0,0,0,0,0,0,1,0.8708304895159433,0,0,0,0,0,0,0,0,0,0,0,0,0,0,0,1,0.7881457142857142,0
2023-05-13,WV,33,2023-19,Region 3,1.99,8415.71,2026-05-06T19:11:09Z,0.46,0,0,0,0,0,0,0,0,0,0,0,0,0,0,1,0.8187191881671008,0,0,0,0,0,0,0,0,0,0,0,0,0,0,0,1,0.6973142857142857,0
2023-05-20,WV,30,2023-20,Region 3,2.25,8401.5,2026-05-06T19:11:09Z,0.41,0,0,0,0,0,0,0,0,0,0,0,0,0,0,1,0.7955666048293746,0,0,0,0,0,0,0,0,0,0,0,0,0,0,0,1,0.72134,0
2023-05-27,WV,34,2023-21,Region 3,1.89,6216.21,2026-05-06T19:11:09Z,0.45,0,0,0,0,0,0,0,0,0,0,0,0,0,0,1,0.8432557897541697,0,0,0,0,0,0,0,0,0,0,0,0,0,0,0,1,0.7647371428571428,0
2023-06-03,WV,29,2023-22,Region 3,1.97,5508.12,2026-05-06T19:11:09Z,0.42,0,0,0,0,0,0,0,0,0,0,0,0,0,0,1,0.8073190647813634,0,0,0,0,0,0,0,0,0,0,0,0,0,0,0,1,0.7380580952380953,0
2023-06-10,WV,19,2023-23,Region 3,1.93,5295.92,2026-05-06T19:11:09Z,0.28,0,0,0,0,0,0,0,0,0,0,0,0,0,0,1,0.7622735466130182,0,0,0,0,0,0,0,0,0,0,0,0,0,0,0,1,0.7244457142857144,0
2023-06-17,WV,27,2023-24,Region 3,2.26,5103.08,2026-05-06T19:11:09Z,0.36,0,0,0,0,0,0,0,0,0,0,0,0,0,0,1,0.7411647026285785,0,0,0,0,0,0,0,0,0,0,0,0,0,0,0,1,0.7311,0
2023-06-24,WV,26,2023-25,Region 3,1.85,3997.8500000000004,2026-05-06T19:11:09Z,0.38,0,0,0,0,0,0,0,0,0,0,0,0,0,0,1,0.7551466684767735,0,0,0,0,0,0,0,0,0,0,0,0,0,0,0,1,0.7003828571428572,0
2023-07-01,WV,22,2023-26,Region 3,2.94,5397.84,2026-05-06T19:11:09Z,0.29,0,0,0,0,0,0,0,0,0,0,0,0,0,0,1,0.7232009196883054,0,0,0,0,0,0,0,0,0,0,0,0,0,0,0,1,0.6840657142857143,0
2023-07-08,WV,19,2023-27,Region 3,3.23,6492.3,2026-05-06T19:11:09Z,0.24,0,0,0,0,0,0,0,0,0,0,0,0,0,0,1,0.6590050324338884,0,0,0,0,0,0,0,0,0,0,0,0,0,0,0,1,0.6703771428571429,0
2023-07-15,WV,18,2023-28,Region 3,3.08,7090.16,2026-05-06T19:11:09Z,0.36,0,0,0,0,0,0,0,0,0,0,0,0,0,0,1,0.6799862768871265,0,0,0,0,0,0,0,0,0,0,0,0,0,0,0,1,0.6930028571428573,0
2023-07-22,WV,30,2023-29,Region 3,3.32,7589.5199999999995,2026-05-06T19:11:09Z,0.38,0,0,0,0,0,0,0,0,0,0,0,0,0,0,1,0.7259022383462941,0,0,0,0,0,0,0,0,0,0,0,0,0,0,0,1,0.7054571428571428,0
2023-07-29,WV,29,2023-30,Region 3,6.57,10893.060000000001,2026-05-06T19:11:09Z,0.46,0,0,0,0,0,0,0,0,0,0,0,0,0,0,1,0.7357208165411024,0,0,0,0,0,0,0,0,0,0,0,0,0,0,0,1,0.7053400000000001,0
2023-08-05,WV,52,2023-31,Region 3,7.32,13205.28,2026-05-06T19:11:09Z,0.86,0,0,0,0,0,0,0,0,0,0,0,0,0,0,1,0.8033071223407613,0,0,0,0,0,0,0,0,0,0,0,0,0,0,0,1,0.7370769230769231,0
2023-08-12,WV,54,2023-32,Region 3,7.34,17608.66,2026-05-06T19:11:09Z,0.91,0,0,0,0,0,0,0,0,0,0,0,0,0,0,1,0.8061052676885642,0,0,0,0,0,0,0,0,0,0,0,0,0,0,0,1,0.7517774725274725,0
2023-08-19,WV,83,2023-33,Region 3,8.04,19111.079999999998,2026-05-06T19:11:09Z,1.33,0,0,0,0,0,0,0,0,0,0,0,0,0,0,1,0.8380948957968677,0,0,0,0,0,0,0,0,0,0,0,0,0,0,0,1,0.7982417582417582,0
2023-08-26,WV,86,2023-34,Region 3,10.96,25788.88,2026-05-06T19:11:09Z,1.72,0,0,0,0,0,0,0,0,0,0,0,0,0,0,1,0.8814204523933864,0,0,0,0,0,0,0,0,0,0,0,0,0,0,0,1,0.8363543956043956,0
2023-09-02,WV,117,2023-35,Region 3,12.46,36109.08,2026-05-06T19:11:09Z,2.45,0,0,0,0,0,0,0,0,0,0,0,0,0,0,1,0.9027223724684508,0,0,0,0,0,0,0,0,0,0,0,0,0,0,0,1,0.8506703296703297,0
2023-09-09,WV,131,2023-36,Region 3,11.01,44502.42,2026-05-06T19:11:09Z,2.78,0,0,0,0,0,0,0,0,0,0,0,0,0,0,1,0.9629661723605604,0,0,0,0,0,0,0,0,0,0,0,0,0,0,0,1,0.8904203296703297,0
2023-09-16,WV,133,2023-37,Region 3,8.84,39010.92,2026-05-06T19:11:09Z,2.59,0,0,0,0,0,0,0,0,0,0,0,0,0,0,1,0.975936807392784,0,0,0,0,0,0,0,0,0,0,0,0,0,0,0,1,0.9222032967032967,0
2023-09-23,WV,164,2023-38,Region 3,9.02,41311.6,2026-05-06T19:11:09Z,2.58,0,0,0,0,0,0,0,0,0,0,0,0,0,0,1,0.8921701747766154,0,0,0,0,0,0,0,0,0,0,0,0,0,0,0,1,0.8969532967032967,0
2023-09-30,WV,168,2023-39,Region 3,7.97,37092.38,2026-05-06T19:11:09Z,2.36,0,0,0,0,0,0,0,0,0,0,0,0,0,0,1,0.8777399448209766,0,0,0,0,0,0,0,0,0,0,0,0,0,0,0,1,0.8957142857142857,0
2023-10-07,WV,155,2023-40,Region 3,7.41,33782.19,2026-05-06T19:11:09Z,2.17,0,0,0,0,0,0,0,0,0,0,0,0,0,0,1,0.9554486193766464,0,0,0,0,0,0,0,0,0,0,0,0,0,0,0,1,0.9362335164835165,0
2023-10-14,WV,124,2023-41,Region 3,5.74,25904.620000000003,2026-05-06T19:11:09Z,2,0,0,0,0,0,0,0,0,0,0,0,0,0,0,1,0.9311244038771656,0,0,0,0,0,0,0,0,0,0,0,0,0,0,0,1,0.9414230769230769,0
2023-10-21,WV,134,2023-42,Region 3,5.82,26702.16,2026-05-06T19:11:09Z,2.33,0,0,0,0,0,0,0,0,0,0,0,0,0,0,1,0.9052087914846974,0,0,0,0,0,0,0,0,0,0,0,0,0,0,0,1,0.9195796703296704,0
2023-10-28,WV,154,2023-43,Region 3,6.26,29115.26,2026-05-06T19:11:09Z,2.52,0,0,0,0,0,0,0,0,0,0,0,0,0,0,1,0.8905676552788794,0,0,0,0,0,0,0,0,0,0,0,0,0,0,0,1,0.8927362637362637,0
2023-11-04,WV,138,2023-44,Region 3,6.48,28894.320000000003,2026-05-06T19:11:09Z,2.42,0,0,0,0,0,0,0,0,0,0,0,0,0,0,1,0.9199036698498143,0,0,0,0,0,0,0,0,0,0,0,0,0,0,0,1,0.9211126373626374,0
2023-11-11,WV,179,2023-45,Region 3,7.27,35383.09,2026-05-06T19:11:09Z,2.83,0,0,0,0,0,0,0,0,0,0,0,0,0,0,1,0.923872182942996,0,0,0,0,0,0,0,0,0,0,0,0,0,0,0,1,0.9458076923076923,0
2023-11-18,WV,191,2023-46,Region 3,7.92,41374.08,2026-05-06T19:11:09Z,3.37,0,0,0,0,0,0,0,0,0,0,0,0,0,0,1,0.9219149768150543,0,0,0,0,0,0,0,0,0,0,0,0,0,0,0,1,0.9425906593406593,0
2023-11-25,WV,253,2023-47,Region 3,9.3,44500.5,2026-05-06T19:11:09Z,4.09,0,0,0,0,0,0,0,0,0,0,0,0,0,0,1,0.9735959133663508,0,0,0,0,0,0,0,0,0,0,0,0,0,0,0,1,0.9652527472527472,0
2023-12-02,WV,296,2023-48,Region 3,10.24,59781.12,2026-05-06T19:11:09Z,4.16,0,0,0,0,0,0,0,0,0,0,0,0,0,0,1,0.9952368501472015,0,0,0,0,0,0,0,0,0,0,0,0,0,0,0,1,0.9911565934065933,0
2023-12-09,WV,268,2023-49,Region 3,10.11,60205.049999999996,2026-05-06T19:11:09Z,4.06,0,0,0,0,0,0,0,0,0,0,0,0,0,0,1,0.9945949162415136,0,0,0,0,0,0,0,0,0,0,0,0,0,0,0,1,0.9587087912087913,0
2023-12-16,WV,233,2023-50,Region 3,9.63,62816.490000000005,2026-05-06T19:11:09Z,4.07,0,0,0,0,0,0,0,0,0,0,0,0,0,0,1,0.9860764134782584,0,0,0,0,0,0,0,0,0,0,0,0,0,0,0,1,0.9724148351648352,0
2023-12-23,WV,273,2023-51,Region 3,12.06,86530.5,2026-05-06T19:11:09Z,5.27,0,0,0,0,0,0,0,0,0,0,0,0,0,0,1,0.9791719617104063,0,0,0,0,0,0,0,0,0,0,0,0,0,0,0,1,0.9866153846153846,0
2023-12-30,WV,325,2023-52,Region 3,12.92,100000.8,2026-05-06T19:11:09Z,6,0,0,0,0,0,0,0,0,0,0,0,0,0,0,1,0.9867042994014382,0,0,0,0,0,0,0,0,0,0,0,0,0,0,0,1,0.991695054945055,0
2024-01-06,WV,334,2024-01,Region 3,12.57,92615.76000000001,2026-05-06T19:11:09Z,4.72,0,0,0,0,0,0,0,0,0,0,0,0,0,0,1,0.9965233131053668,0,0,0,0,0,0,0,0,0,0,0,0,0,0,0,1,0.9947417582417583,0
2024-01-13,WV,256,2024-02,Region 3,11.62,74914.14,2026-05-06T19:11:09Z,3.35,0,0,0,0,0,0,0,0,0,0,0,0,0,0,1,0.9754364569086162,0,0,0,0,0,0,0,0,0,0,0,0,0,0,0,1,0.9316895604395604,0
2024-01-20,WV,180,2024-03,Region 3,10.47,55281.600000000006,2026-05-06T19:11:09Z,2.71,0,0,0,0,0,0,0,0,0,0,0,0,0,0,1,0.9497050156093685,0,0,0,0,0,0,0,0,0,0,0,0,0,0,0,1,0.8983076923076924,0
2024-01-27,WV,145,2024-04,Region 3,10.61,60827.13,2026-05-06T19:11:09Z,1.78,0,0,0,0,0,0,0,0,0,0,0,0,0,0,1,0.9614299165561287,0,0,0,0,0,0,0,0,0,0,0,0,0,0,0,1,0.9220686813186814,0
2024-02-03,WV,114,2024-05,Region 3,9.22,50580.920000000006,2026-05-06T19:11:09Z,1.61,0,0,0,0,0,0,0,0,0,0,0,0,0,0,1,0.8740455605404353,0,0,0,0,0,0,0,0,0,0,0,0,0,0,0,1,0.8358296703296704,0
2024-02-10,WV,94,2024-06,Region 3,8.62,46125.619999999995,2026-05-06T19:11:09Z,1.5,0,0,0,0,0,0,0,0,0,0,0,0,0,0,1,0.8540597795369688,0,0,0,0,0,0,0,0,0,0,0,0,0,0,0,1,0.7923928571428571,0
2024-02-17,WV,94,2024-07,Region 3,5.7,45662.700000000004,2026-05-06T19:11:09Z,1.47,0,0,0,0,0,0,0,0,0,0,0,0,0,0,1,0.9308562135485154,0,0,0,0,0,0,0,0,0,0,0,0,0,0,0,1,0.8643406593406593,0
2024-02-24,WV,106,2024-08,Region 3,7.62,39616.38,2026-05-06T19:11:09Z,1.61,0,0,0,0,0,0,0,0,0,0,0,0,0,0,1,0.9595250177207808,0,0,0,0,0,0,0,0,0,0,0,0,0,0,0,1,0.9539807692307692,0
2024-03-02,WV,105,2024-09,Region 3,5.7,29708.4,2026-05-06T19:11:09Z,1.57,0,0,0,0,0,0,0,0,0,0,0,0,0,0,1,0.9578786756705707,0,0,0,0,0,0,0,0,0,0,0,0,0,0,0,1,0.9382362637362637,0
2024-03-09,WV,92,2024-10,Region 3,4.48,21580.160000000003,2026-05-06T19:11:09Z,1.29,0,0,0,0,0,0,0,0,0,0,0,0,0,0,1,0.93161838451114,0,0,0,0,0,0,0,0,0,0,0,0,0,0,0,1,0.8625467032967034,0
2024-03-16,WV,80,2024-11,Region 3,3.51,15082.47,2026-05-06T19:11:09Z,0.84,0,0,0,0,0,0,0,0,0,0,0,0,0,0,1,0.8227546682677013,0,0,0,0,0,0,0,0,0,0,0,0,0,0,0,1,0.7673516483516484,0
2024-03-23,WV,63,2024-12,Region 3,3.23,13982.67,2026-05-06T19:11:09Z,0.88,0,0,0,0,0,0,0,0,0,0,0,0,0,0,1,0.7265508466116501,0,0,0,0,0,0,0,0,0,0,0,0,0,0,0,1,0.7064972527472527,0
2024-03-30,WV,64,2024-13,Region 3,2.89,12083.09,2026-05-06T19:11:09Z,0.64,0,0,0,0,0,0,0,0,0,0,0,0,0,0,1,0.7856007930004532,0,0,0,0,0,0,0,0,0,0,0,0,0,0,0,1,0.7786831501831502,0
2024-04-06,WV,46,2024-14,Region 3,3.13,10692.08,2026-05-06T19:11:09Z,0.62,0,0,0,0,0,0,0,0,0,0,0,0,0,0,1,0.7682941283350797,0,0,0,0,0,0,0,0,0,0,0,0,0,0,0,1,0.8059789377289377,0
2024-04-13,WV,36,2024-15,Region 3,2.57,7609.7699999999995,2026-05-06T19:11:09Z,0.55,0,0,0,0,0,0,0,0,0,0,0,0,0,0,1,0.6542139636162027,0,0,0,0,0,0,0,0,0,0,0,0,0,0,0,1,0.7111318681318681,0
2024-04-20,WV,40,2024-16,Region 3,2.86,7913.62,2026-05-06T19:11:09Z,0.44,0,0,0,0,0,0,0,0,0,0,0,0,0,0,1,0.5704875286638567,0,0,0,0,0,0,0,0,0,0,0,0,0,0,0,1,0.6341236263736263,0
2024-04-27,WV,33,2024-17,Region 3,2.71,7387.46,2026-05-06T19:11:09Z,0.38,0,0,0,0,0,0,0,0,0,0,0,0,0,0,0.7628571428571429,0.5257027088556505,0,0,0,0,0,0,0,0,0,0,0,0,0,0,0,0.7628571428571429,0.6014560439560439,0
2022-10-01,WY,47,2022-39,Region 8,6.41,100752.38,2026-05-06T19:11:09Z,2.88,0,0,0,0,0,0,0,0,0,0,0,0,1,0,0,1,0,0,0,0,0,0,0,0,0,0,0,0,0,1,0,0,1,0
2022-10-08,WY,33,2022-40,Region 8,6.19,88331.3,2026-05-06T19:11:09Z,2.19,0,0,0,0,0,0,0,0,0,0,0,0,1,0,0,1,0,0,0,0,0,0,0,0,0,0,0,0,0,1,0,0,1,0
2022-10-15,WY,32,2022-41,Region 8,8.49,114648.96,2026-05-06T19:11:09Z,2.5,0,0,0,0,0,0,0,0,0,0,0,0,1,0,0,1,0,0,0,0,0,0,0,0,0,0,0,0,0,1,0,0,1,0
2022-10-22,WY,40,2022-42,Region 8,7.33,91559.03,2026-05-06T19:11:09Z,2.63,0,0,0,0,0,0,0,0,0,0,0,0,1,0,0,1,0,0,0,0,0,0,0,0,0,0,0,0,0,1,0,0,1,0
2022-10-29,WY,27,2022-43,Region 8,8.14,93325.1,2026-05-06T19:11:09Z,2.56,0,0,0,0,0,0,0,0,0,0,0,0,1,0,0,1,0,0,0,0,0,0,0,0,0,0,0,0,0,1,0,0,1,0
2022-11-05,WY,51,2022-44,Region 8,9.67,106360.33,2026-05-06T19:11:09Z,2.99,0,0,0,0,0,0,0,0,0,0,0,0,1,0,0,1,0,0,0,0,0,0,0,0,0,0,0,0,0,1,0,0,1,0
2022-11-12,WY,30,2022-45,Region 8,10.76,118994.84,2026-05-06T19:11:09Z,2.4,0,0,0,0,0,0,0,0,0,0,0,0,1,0,0,1,0,0,0,0,0,0,0,0,0,0,0,0,0,1,0,0,1,0
2022-11-19,WY,47,2022-46,Region 8,9.69,126939,2026-05-06T19:11:09Z,3.5,0,0,0,0,0,0,0,0,0,0,0,0,1,0,0,1,0,0,0,0,0,0,0,0,0,0,0,0,0,1,0,0,1,0
2022-11-26,WY,45,2022-47,Region 8,10.66,122952.44,2026-05-06T19:11:09Z,4.02,0,0,0,0,0,0,0,0,0,0,0,0,1,0,0,1,0,0,0,0,0,0,0,0,0,0,0,0,0,1,0,0,1,0
2022-12-03,WY,65,2022-48,Region 8,10.39,145304.15,2026-05-06T19:11:09Z,3.43,0,0,0,0,0,0,0,0,0,0,0,0,1,0,0,1,0,0,0,0,0,0,0,0,0,0,0,0,0,1,0,0,1,0
2022-12-10,WY,43,2022-49,Region 8,8.69,116915.26,2026-05-06T19:11:09Z,2.85,0,0,0,0,0,0,0,0,0,0,0,0,1,0,0,1,0,0,0,0,0,0,0,0,0,0,0,0,0,1,0,0,1,0
2022-12-17,WY,29,2022-50,Region 8,7.94,100441,2026-05-06T19:11:09Z,2.36,0,0,0,0,0,0,0,0,0,0,0,0,1,0,0,1,0,0,0,0,0,0,0,0,0,0,0,0,0,1,0,0,1,0
2022-12-24,WY,34,2022-51,Region 8,8.56,83297.36,2026-05-06T19:11:09Z,2.52,0,0,0,0,0,0,0,0,0,0,0,0,1,0,0,1,0,0,0,0,0,0,0,0,0,0,0,0,0,1,0,0,1,0
2022-12-31,WY,26,2022-52,Region 8,7.72,75123.31999999999,2026-05-06T19:11:09Z,2.02,0,0,0,0,0,0,0,0,0,0,0,0,1,0,0,1,0,0,0,0,0,0,0,0,0,0,0,0,0,1,0,0,1,0
2023-01-07,WY,23,2023-01,Region 8,7.05,61158.75,2026-05-06T19:11:09Z,1.85,0,0,0,0,0,0,0,0,0,0,0,0,1,0,0,1,0,0,0,0,0,0,0,0,0,0,0,0,0,1,0,0,1,0
2023-01-14,WY,26,2023-02,Region 8,5.74,47263.16,2026-05-06T19:11:09Z,1.62,0,0,0,0,0,0,0,0,0,0,0,0,1,0,0,1,0,0,0,0,0,0,0,0,0,0,0,0,0,1,0,0,1,0
2023-01-21,WY,24,2023-03,Region 8,6.57,52185.51,2026-05-06T19:11:09Z,1.35,0,0,0,0,0,0,0,0,0,0,0,0,1,0,0,1,0,0,0,0,0,0,0,0,0,0,0,0,0,1,0,0,1,0
2023-01-28,WY,14,2023-04,Region 8,7.26,52206.659999999996,2026-05-06T19:11:09Z,1.62,0,0,0,0,0,0,0,0,0,0,0,0,1,0,0,1,0,0,0,0,0,0,0,0,0,0,0,0,0,1,0,0,1,0
2023-02-04,WY,17,2023-05,Region 8,7.67,51028.51,2026-05-06T19:11:09Z,1.43,0,0,0,0,0,0,0,0,0,0,0,0,1,0,0,1,0,0,0,0,0,0,0,0,0,0,0,0,0,1,0,0,1,0
2023-02-11,WY,21,2023-06,Region 8,9.34,62587.34,2026-05-06T19:11:09Z,1.54,0,0,0,0,0,0,0,0,0,0,0,0,1,0,0,1,0,0,0,0,0,0,0,0,0,0,0,0,0,1,0,0,1,0
2023-02-18,WY,24,2023-07,Region 8,8.49,56483.97,2026-05-06T19:11:09Z,2.33,0,0,0,0,0,0,0,0,0,0,0,0,1,0,0,1,0,0,0,0,0,0,0,0,0,0,0,0,0,1,0,0,1,0
2023-02-25,WY,33,2023-08,Region 8,8.89,53082.19,2026-05-06T19:11:09Z,1.9,0,0,0,0,0,0,0,0,0,0,0,0,1,0,0,1,0,0,0,0,0,0,0,0,0,0,0,0,0,1,0,0,1,0
2023-03-04,WY,16,2023-09,Region 8,7.73,45722.950000000004,2026-05-06T19:11:09Z,1.51,0,0,0,0,0,0,0,0,0,0,0,0,1,0,0,1,0,0,0,0,0,0,0,0,0,0,0,0,0,1,0,0,1,0
2023-03-11,WY,19,2023-10,Region 8,7.84,44695.84,2026-05-06T19:11:09Z,1.82,0,0,0,0,0,0,0,0,0,0,0,0,1,0,0,1,0,0,0,0,0,0,0,0,0,0,0,0,0,1,0,0,1,0
2023-03-18,WY,16,2023-11,Region 8,7.15,40898,2026-05-06T19:11:09Z,1.3,0,0,0,0,0,0,0,0,0,0,0,0,1,0,0,1,0,0,0,0,0,0,0,0,0,0,0,0,0,1,0,0,1,0
2023-03-25,WY,25,2023-12,Region 8,6.9,41496.6,2026-05-06T19:11:09Z,1.62,0,0,0,0,0,0,0,0,0,0,0,0,1,0,0,1,0,0,0,0,0,0,0,0,0,0,0,0,0,1,0,0,1,0
2023-04-01,WY,15,2023-13,Region 8,6.42,33191.4,2026-05-06T19:11:09Z,1.34,0,0,0,0,0,0,0,0,0,0,0,0,1,0,0,1,0,0,0,0,0,0,0,0,0,0,0,0,0,1,0,0,1,0
2023-04-08,WY,11,2023-14,Region 8,6.63,27892.41,2026-05-06T19:11:09Z,1.36,0,0,0,0,0,0,0,0,0,0,0,0,1,0,0,1,0,0,0,0,0,0,0,0,0,0,0,0,0,1,0,0,1,0
2023-04-15,WY,8,2023-15,Region 8,5.56,24792.039999999997,2026-05-06T19:11:09Z,1.34,0,0,0,0,0,0,0,0,0,0,0,0,1,0,0,1,0,0,0,0,0,0,0,0,0,0,0,0,0,1,0,0,1,0
2023-04-22,WY,14,2023-16,Region 8,4.68,17718.48,2026-05-06T19:11:09Z,1,0,0,0,0,0,0,0,0,0,0,0,0,1,0,0,1,0,0,0,0,0,0,0,0,0,0,0,0,0,1,0,0,1,0
2023-04-29,WY,9,2023-17,Region 8,5.06,19900.98,2026-05-06T19:11:09Z,1.49,0,0,0,0,0,0,0,0,0,0,0,0,1,0,0,1,0,0,0,0,0,0,0,0,0,0,0,0,0,1,0,0,1,0
2023-05-06,WY,10,2023-18,Region 8,5.05,16513.5,2026-05-06T19:11:09Z,1.19,0,0,0,0,0,0,0,0,0,0,0,0,1,0,0,1,0,0,0,0,0,0,0,0,0,0,0,0,0,1,0,0,1,0
2023-05-13,WY,11,2023-19,Region 8,4.16,12105.6,2026-05-06T19:11:09Z,1.06,0,0,0,0,0,0,0,0,0,0,0,0,1,0,0,1,0,0,0,0,0,0,0,0,0,0,0,0,0,1,0,0,1,0
2023-05-20,WY,19,2023-20,Region 8,4.82,11404.12,2026-05-06T19:11:09Z,0.67,0,0,0,0,0,0,0,0,0,0,0,0,1,0,0,1,0,0,0,0,0,0,0,0,0,0,0,0,0,1,0,0,1,0
2023-05-27,WY,11,2023-21,Region 8,4.68,10796.76,2026-05-06T19:11:09Z,0.8,0,0,0,0,0,0,0,0,0,0,0,0,1,0,0,1,0,0,0,0,0,0,0,0,0,0,0,0,0,1,0,0,1,0
2023-06-03,WY,17,2023-22,Region 8,3.55,8101.0999999999995,2026-05-06T19:11:09Z,0.82,0,0,0,0,0,0,0,0,0,0,0,0,1,0,0,1,0,0,0,0,0,0,0,0,0,0,0,0,0,1,0,0,1,0
2023-06-10,WY,15,2023-23,Region 8,3.32,6500.5599999999995,2026-05-06T19:11:09Z,0.45,0,0,0,0,0,0,0,0,0,0,0,0,1,0,0,1,0,0,0,0,0,0,0,0,0,0,0,0,0,1,0,0,1,0
2023-06-17,WY,10,2023-24,Region 8,3.47,6707.51,2026-05-06T19:11:09Z,0.36,0,0,0,0,0,0,0,0,0,0,0,0,1,0,0,1,0,0,0,0,0,0,0,0,0,0,0,0,0,1,0,0,1,0
2023-06-24,WY,11,2023-25,Region 8,3.81,7490.46,2026-05-06T19:11:09Z,0.5,0,0,0,0,0,0,0,0,0,0,0,0,1,0,0,1,0,0,0,0,0,0,0,0,0,0,0,0,0,1,0,0,1,0
2023-07-01,WY,8,2023-26,Region 8,4.77,8891.279999999999,2026-05-06T19:11:09Z,0.58,0,0,0,0,0,0,0,0,0,0,0,0,1,0,0,1,0,0,0,0,0,0,0,0,0,0,0,0,0,1,0,0,1,0
2023-07-08,WY,13,2023-27,Region 8,6.36,9692.640000000001,2026-05-06T19:11:09Z,0.55,0,0,0,0,0,0,0,0,0,0,0,0,1,0,0,1,0,0,0,0,0,0,0,0,0,0,0,0,0,1,0,0,1,0
2023-07-15,WY,10,2023-28,Region 8,7.12,11306.56,2026-05-06T19:11:09Z,0.64,0,0,0,0,0,0,0,0,0,0,0,0,1,0,0,1,0,0,0,0,0,0,0,0,0,0,0,0,0,1,0,0,1,0
2023-07-22,WY,8,2023-29,Region 8,7.07,10795.890000000001,2026-05-06T19:11:09Z,0.56,0,0,0,0,0,0,0,0,0,0,0,0,1,0,0,1,0,0,0,0,0,0,0,0,0,0,0,0,0,1,0,0,1,0
2023-07-29,WY,10,2023-30,Region 8,8.06,12992.720000000001,2026-05-06T19:11:09Z,0.63,0,0,0,0,0,0,0,0,0,0,0,0,1,0,0,1,0,0,0,0,0,0,0,0,0,0,0,0,0,1,0,0,1,0
2023-08-05,WY,9,2023-31,Region 8,9.38,15008.000000000002,2026-05-06T19:11:09Z,1.1,0,0,0,0,0,0,0,0,0,0,0,0,1,0,0,1,0,0,0,0,0,0,0,0,0,0,0,0,0,1,0,0,1,0
2023-08-12,WY,12,2023-32,Region 8,12.72,22298.16,2026-05-06T19:11:09Z,0.96,0,0,0,0,0,0,0,0,0,0,0,0,1,0,0,1,0,0,0,0,0,0,0,0,0,0,0,0,0,1,0,0,1,0
2023-08-19,WY,21,2023-33,Region 8,13.11,27399.899999999998,2026-05-06T19:11:09Z,1.44,0,0,0,0,0,0,0,0,0,0,0,0,1,0,0,1,0,0,0,0,0,0,0,0,0,0,0,0,0,1,0,0,1,0
2023-08-26,WY,25,2023-34,Region 8,14.91,33010.74,2026-05-06T19:11:09Z,1.62,0,0,0,0,0,0,0,0,0,0,0,0,1,0,0,1,0,0,0,0,0,0,0,0,0,0,0,0,0,1,0,0,1,0
2023-09-02,WY,11,2023-35,Region 8,12.78,35694.54,2026-05-06T19:11:09Z,1.77,0,0,0,0,0,0,0,0,0,0,0,0,1,0,0,1,0,0,0,0,0,0,0,0,0,0,0,0,0,1,0,0,1,0
2023-09-09,WY,32,2023-36,Region 8,13.18,42202.36,2026-05-06T19:11:09Z,2.25,0,0,0,0,0,0,0,0,0,0,0,0,1,0,0,1,0,0,0,0,0,0,0,0,0,0,0,0,0,1,0,0,1,0
2023-09-16,WY,25,2023-37,Region 8,14.09,45186.63,2026-05-06T19:11:09Z,2.11,0,0,0,0,0,0,0,0,0,0,0,0,1,0,0,1,0,0,0,0,0,0,0,0,0,0,0,0,0,1,0,0,1,0
2023-09-23,WY,23,2023-38,Region 8,11.96,42792.880000000005,2026-05-06T19:11:09Z,2.25,0,0,0,0,0,0,0,0,0,0,0,0,1,0,0,1,0,0,0,0,0,0,0,0,0,0,0,0,0,1,0,0,1,0
2023-09-30,WY,30,2023-39,Region 8,13.59,46803.96,2026-05-06T19:11:09Z,2.65,0,0,0,0,0,0,0,0,0,0,0,0,1,0,0,1,0,0,0,0,0,0,0,0,0,0,0,0,0,1,0,0,1,0
2023-10-07,WY,37,2023-40,Region 8,14.66,47996.840000000004,2026-05-06T19:11:09Z,3.12,0,0,0,0,0,0,0,0,0,0,0,0,1,0,0,1,0,0,0,0,0,0,0,0,0,0,0,0,0,1,0,0,1,0
2023-10-14,WY,25,2023-41,Region 8,14.53,50288.329999999994,2026-05-06T19:11:09Z,2.1,0,0,0,0,0,0,0,0,0,0,0,0,1,0,0,1,0,0,0,0,0,0,0,0,0,0,0,0,0,1,0,0,1,0
2023-10-21,WY,25,2023-42,Region 8,14.43,44805.15,2026-05-06T19:11:09Z,2.28,0,0,0,0,0,0,0,0,0,0,0,0,1,0,0,1,0,0,0,0,0,0,0,0,0,0,0,0,0,1,0,0,1,0
2023-10-28,WY,31,2023-43,Region 8,13.03,37787,2026-05-06T19:11:09Z,2.1,0,0,0,0,0,0,0,0,0,0,0,0,1,0,0,1,0,0,0,0,0,0,0,0,0,0,0,0,0,1,0,0,1,0
2023-11-04,WY,29,2023-44,Region 8,12.65,36292.85,2026-05-06T19:11:09Z,2.79,0,0,0,0,0,0,0,0,0,0,0,0,1,0,0,1,0,0,0,0,0,0,0,0,0,0,0,0,0,1,0,0,1,0
2023-11-11,WY,29,2023-45,Region 8,14.2,46789,2026-05-06T19:11:09Z,2.63,0,0,0,0,0,0,0,0,0,0,0,0,1,0,0,1,0,0,0,0,0,0,0,0,0,0,0,0,0,1,0,0,1,0
2023-11-18,WY,37,2023-46,Region 8,14,60718,2026-05-06T19:11:09Z,2.94,0,0,0,0,0,0,0,0,0,0,0,0,1,0,0,1,0,0,0,0,0,0,0,0,0,0,0,0,0,1,0,0,1,0
2023-11-25,WY,42,2023-47,Region 8,12.63,54498.450000000004,2026-05-06T19:11:09Z,3.11,0,0,0,0,0,0,0,0,0,0,0,0,1,0,0,1,0,0,0,0,0,0,0,0,0,0,0,0,0,1,0,0,1,0
2023-12-02,WY,43,2023-48,Region 8,12.63,62518.50000000001,2026-05-06T19:11:09Z,3.18,0,0,0,0,0,0,0,0,0,0,0,0,1,0,0,1,0,0,0,0,0,0,0,0,0,0,0,0,0,1,0,0,1,0
2023-12-09,WY,46,2023-49,Region 8,11.07,49704.3,2026-05-06T19:11:09Z,3.11,0,0,0,0,0,0,0,0,0,0,0,0,1,0,0,1,0,0,0,0,0,0,0,0,0,0,0,0,0,1,0,0,1,0
2023-12-16,WY,31,2023-50,Region 8,10.76,56274.799999999996,2026-05-06T19:11:09Z,2.61,0,0,0,0,0,0,0,0,0,0,0,0,1,0,0,1,0,0,0,0,0,0,0,0,0,0,0,0,0,1,0,0,1,0
2023-12-23,WY,37,2023-51,Region 8,9.78,53701.979999999996,2026-05-06T19:11:09Z,3.24,0,0,0,0,0,0,0,0,0,0,0,0,1,0,0,1,0,0,0,0,0,0,0,0,0,0,0,0,0,1,0,0,1,0
2023-12-30,WY,47,2023-52,Region 8,11.09,57789.99,2026-05-06T19:11:09Z,4.74,0,0,0,0,0,0,0,0,0,0,0,0,1,0,0,1,0,0,0,0,0,0,0,0,0,0,0,0,0,1,0,0,1,0
2024-01-06,WY,38,2024-01,Region 8,9.77,51399.97,2026-05-06T19:11:09Z,3.2,0,0,0,0,0,0,0,0,0,0,0,0,1,0,0,1,0,0,0,0,0,0,0,0,0,0,0,0,0,1,0,0,1,0
2024-01-13,WY,35,2024-02,Region 8,9.44,45208.159999999996,2026-05-06T19:11:09Z,2.46,0,0,0,0,0,0,0,0,0,0,0,0,1,0,0,1,0,0,0,0,0,0,0,0,0,0,0,0,0,1,0,0,1,0
2024-01-20,WY,25,2024-03,Region 8,9.17,38816.61,2026-05-06T19:11:09Z,2.06,0,0,0,0,0,0,0,0,0,0,0,0,1,0,0,1,0,0,0,0,0,0,0,0,0,0,0,0,0,1,0,0,1,0
2024-01-27,WY,12,2024-04,Region 8,8.24,35720.4,2026-05-06T19:11:09Z,1.73,0,0,0,0,0,0,0,0,0,0,0,0,1,0,0,1,0,0,0,0,0,0,0,0,0,0,0,0,0,1,0,0,1,0
2024-02-03,WY,18,2024-05,Region 8,9.33,39913.74,2026-05-06T19:11:09Z,1.32,0,0,0,0,0,0,0,0,0,0,0,0,1,0,0,1,0,0,0,0,0,0,0,0,0,0,0,0,0,1,0,0,1,0
2024-02-10,WY,21,2024-06,Region 8,7.18,30787.84,2026-05-06T19:11:09Z,1.32,0,0,0,0,0,0,0,0,0,0,0,0,1,0,0,1,0,0,0,0,0,0,0,0,0,0,0,0,0,1,0,0,1,0
2024-02-17,WY,19,2024-07,Region 8,6.89,26485.16,2026-05-06T19:11:09Z,1.58,0,0,0,0,0,0,0,0,0,0,0,0,1,0,0,1,0,0,0,0,0,0,0,0,0,0,0,0,0,1,0,0,1,0
2024-02-24,WY,14,2024-08,Region 8,6.79,25102.63,2026-05-06T19:11:09Z,1.14,0,0,0,0,0,0,0,0,0,0,0,0,1,0,0,1,0,0,0,0,0,0,0,0,0,0,0,0,0,1,0,0,1,0
2024-03-02,WY,5,2024-09,Region 8,5.03,18495.31,2026-05-06T19:11:09Z,0.96,0,0,0,0,0,0,0,0,0,0,0,0,1,0,0,1,0,0,0,0,0,0,0,0,0,0,0,0,0,1,0,0,1,0
2024-03-09,WY,7,2024-10,Region 8,4.71,16216.53,2026-05-06T19:11:09Z,0.67,0,0,0,0,0,0,0,0,0,0,0,0,1,0,0,1,0,0,0,0,0,0,0,0,0,0,0,0,0,1,0,0,1,0
2024-03-16,WY,10,2024-11,Region 8,5,16410,2026-05-06T19:11:09Z,0.69,0,0,0,0,0,0,0,0,0,0,0,0,1,0,0,0.9499552230943477,0,0,0,0,0,0,0,0,0,0,0,0,0,1,0,0,0.925,0
2024-03-23,WY,5,2024-12,Region 8,3.65,10902.55,2026-05-06T19:11:09Z,0.88,0,0,0,0,0,0,0,0,0,0,0,0,1,0,0,0.9213582077196891,0,0,0,0,0,0,0,0,0,0,0,0,0,1,0,0,0.8821428571428571,0
2024-03-30,WY,9,2024-13,Region 8,3.47,9608.43,2026-05-06T19:11:09Z,0.39,0,0,0,0,0,0,0,0,0,0,0,0,1,0,0,0.9582960192452896,0,0,0,0,0,0,0,0,0,0,0,0,0,1,0,0,0.9375,0
2024-04-06,WY,3,2024-14,Region 8,4.33,11703.99,2026-05-06T19:11:09Z,0.33,0,0,0,0,0,0,0,0,0,0,0,0,1,0,0,0.9844923653494481,0,0,0,0,0,0,0,0,0,0,0,0,0,1,0,0,0.9467857142857143,0
2024-04-13,WY,10,2024-15,Region 8,3,8187,2026-05-06T19:11:09Z,0.13,0,0,0,0,0,0,0,0,0,0,0,0,1,0,0,0.9635726702839382,0,0,0,0,0,0,0,0,0,0,0,0,0,1,0,0,0.875,0
2024-04-20,WY,10,2024-16,Region 8,3.11,7597.73,2026-05-06T19:11:09Z,0.12,0,0,0,0,0,0,0,0,0,0,0,0,1,0,0,0.9434855998976528,0,0,0,0,0,0,0,0,0,0,0,0,0,1,0,0,0.8060714285714287,0
2024-04-27,WY,8,2024-17,Region 8,2.72,5989.4400000000005,2026-05-06T19:11:09Z,0.36,0,0,0,0,0,0,0,0,0,0,0,0,1,0,0,0.9135822527925989,0,0,0,0,0,0,0,0,0,0,0,0,0,1,0,0,0.7564285714285713,0
